S.No.,CITY 1,CITY 2,PASSENGERS TO CITY 2,PASSENGERS FROM CITY 2,FREIGHT TO CITY 2,FREIGHT FROM CITY 2,MAIL TO CITY 2,MAIL FROM CITY 2,month,source_file,pax_combined
1,ADAMPUR,MUMBAI,3097.0,2941.0,0.0,0.035,0.0,0.0,2025-08,2025-08.xlsx,6038.0
2,ADAMPUR,HINDON AIRPORT,1055.0,863.0,0.0,0.0,0.0,0.0,2025-08,2025-08.xlsx,1918.0
3,AGARTALA,BENGALURU,3826.0,3621.0,1.818,9.12,0.0,0.188,2025-08,2025-08.xlsx,7447.0
4,AGARTALA,CHENNAI,547.0,799.0,0.003,0.554,0.0,0.0,2025-08,2025-08.xlsx,1346.0
5,AGARTALA,DELHI,5492.0,5466.0,0.806,42.257,1.888,1.347,2025-08,2025-08.xlsx,10958.0
6,AGARTALA,DIBRUGARH,426.0,351.0,0.086,0.083,0.0,0.0,2025-08,2025-08.xlsx,777.0
7,AGARTALA,GUWAHATI,13079.0,13551.0,1.2770000000000001,36.531000000000006,1.447,0.9518,2025-08,2025-08.xlsx,26630.0
8,AGARTALA,HYDERABAD,2869.0,2814.0,3.019,1.122,0.0,0.0,2025-08,2025-08.xlsx,5683.0
9,AGARTALA,IMPHAL,1804.0,2120.0,1.479,5.772,0.0,0.0,2025-08,2025-08.xlsx,3924.0
10,AGARTALA,JAIPUR,27.0,29.0,0.0,0.0,0.0,0.0,2025-08,2025-08.xlsx,56.0
11,AGARTALA,KOLKATA,32519.0,32126.0,16.717,263.99093,3.199,1.118,2025-08,2025-08.xlsx,64645.0
12,AGARTALA,VIJAYAWADA,1.0,0.0,0.0,0.0,0.0,0.0,2025-08,2025-08.xlsx,1.0
13,AGATTI ISLAND,BENGALURU,112.0,83.0,0.0,0.014,0.0,0.0,2025-08,2025-08.xlsx,195.0
14,AGATTI ISLAND,Goa,1333.0,1667.0,0.0,0.0,0.0,0.0,2025-08,2025-08.xlsx,3000.0
15,AGATTI ISLAND,KOCHI,1786.0,2209.0,0.0,0.02,0.0,0.0,2025-08,2025-08.xlsx,3995.0
16,AGRA,AHMEDABAD,1827.0,1606.0,0.175,0.0,0.0,0.0,2025-08,2025-08.xlsx,3433.0
17,AGRA,BENGALURU,2807.0,2903.0,1.82,2.78,0.0,0.0,2025-08,2025-08.xlsx,5710.0
18,AGRA,HYDERABAD,1829.0,2045.0,0.138,2.587,0.0,0.0,2025-08,2025-08.xlsx,3874.0
19,AGRA,MUMBAI,2041.0,2007.0,1.371,0.388,0.0,0.0,2025-08,2025-08.xlsx,4048.0
20,AHMEDABAD,Kishangarh,1016.0,1586.0,0.054,0.0,0.0,0.0,2025-08,2025-08.xlsx,2602.0
21,AHMEDABAD,AMRITSAR,2960.0,3022.0,0.632,1.155,0.0,0.0,2025-08,2025-08.xlsx,5982.0
22,AHMEDABAD,BAGDOGRA,4084.0,4801.0,24.46469,26.217579999999998,0.0,0.0,2025-08,2025-08.xlsx,8885.0
23,AHMEDABAD,BELGAUM,757.0,834.0,0.0,0.0,0.0,0.0,2025-08,2025-08.xlsx,1591.0
24,AHMEDABAD,BENGALURU,42511.0,43062.0,391.89951,282.47567000000004,0.09999999999999999,9.98456,2025-08,2025-08.xlsx,85573.0
25,AHMEDABAD,BHOPAL,2316.0,2272.0,0.134,0.025,0.068,0.673,2025-08,2025-08.xlsx,4588.0
26,AHMEDABAD,BHUBANESWAR,4931.0,5179.0,18.519,4.482,0.004,1.133,2025-08,2025-08.xlsx,10110.0
27,AHMEDABAD,CHANDIGARH,6967.0,5884.0,23.62,12.524,1.05,0.66,2025-08,2025-08.xlsx,12851.0
28,AHMEDABAD,CHENNAI,13498.0,14010.0,157.398,120.231,1.119,6.391,2025-08,2025-08.xlsx,27508.0
29,AHMEDABAD,DABOLIM,8711.0,8015.0,5.243,5.305,0.002,0.201,2025-08,2025-08.xlsx,16726.0
30,AHMEDABAD,DehraDun,4484.0,4511.0,4.009,0.163,0.0,0.085,2025-08,2025-08.xlsx,8995.0
31,AHMEDABAD,DELHI,93875.0,98353.0,1747.5241381999997,1547.0211600999999,13.112799999999986,16.6648,2025-08,2025-08.xlsx,192228.0
32,AHMEDABAD,DIMAPUR,219.0,106.0,0.194,6.153,0.006,0.0,2025-08,2025-08.xlsx,325.0
33,AHMEDABAD,DIU,2612.0,2232.0,0.097,0.0,0.0,0.0,2025-08,2025-08.xlsx,4844.0
34,AHMEDABAD,DURGAPUR,147.0,163.0,0.817,5.288,0.0,0.0,2025-08,2025-08.xlsx,310.0
35,AHMEDABAD,Goa,15568.0,14909.0,53.68421,13.337499999999999,0.108,0.132,2025-08,2025-08.xlsx,30477.0
36,AHMEDABAD,GUWAHATI,3344.0,3587.0,41.546,8.961,0.329,0.699,2025-08,2025-08.xlsx,6931.0
37,AHMEDABAD,HYDERABAD,24356.0,23930.0,180.514,103.672,0.05,3.476,2025-08,2025-08.xlsx,48286.0
38,AHMEDABAD,INDORE,3835.0,3917.0,0.161,0.086,0.0,0.256,2025-08,2025-08.xlsx,7752.0
39,AHMEDABAD,JAIPUR,6313.0,6585.0,0.859,5.521,0.187,0.0,2025-08,2025-08.xlsx,12898.0
40,AHMEDABAD,JAMMU,2518.0,2314.0,4.44,0.0,0.0,0.0,2025-08,2025-08.xlsx,4832.0
41,AHMEDABAD,JAMNAGAR,301.0,207.0,0.0,0.0,0.0,0.0,2025-08,2025-08.xlsx,508.0
42,AHMEDABAD,JODHPUR,1210.0,1278.0,0.012,0.0,0.073,0.0,2025-08,2025-08.xlsx,2488.0
43,AHMEDABAD,KOCHI,3380.0,3767.0,27.804,11.886,0.808,1.594,2025-08,2025-08.xlsx,7147.0
44,AHMEDABAD,KOLHAPUR,376.0,381.0,0.0,0.0,0.0,0.0,2025-08,2025-08.xlsx,757.0
45,AHMEDABAD,KOLKATA,21297.0,23843.0,287.33388,133.12304,0.929,3.69759,2025-08,2025-08.xlsx,45140.0
46,AHMEDABAD,LUCKNOW,9083.0,9401.0,41.518,18.683,4.614,2.674,2025-08,2025-08.xlsx,18484.0
47,AHMEDABAD,MUMBAI,83863.0,82783.0,1051.87798,690.63546,22.98749999999999,41.04303999999999,2025-08,2025-08.xlsx,166646.0
48,AHMEDABAD,NAGPUR,3362.0,3466.0,0.223,0.08,0.035,2.611,2025-08,2025-08.xlsx,6828.0
49,AHMEDABAD,NANDED,708.0,741.0,0.0,0.0,0.0,0.0,2025-08,2025-08.xlsx,1449.0
50,AHMEDABAD,NASIK,2224.0,2040.0,0.002,0.0,0.0,0.0,2025-08,2025-08.xlsx,4264.0
51,AHMEDABAD,PATNA,5168.0,5779.0,48.2274,1.97,2.09,1.847,2025-08,2025-08.xlsx,10947.0
52,AHMEDABAD,PUNE,24444.0,25832.0,125.82084,90.78952000000001,4.1579999999999995,1.221,2025-08,2025-08.xlsx,50276.0
53,AHMEDABAD,RAIPUR,5015.0,5312.0,25.138,0.0,0.0,0.0,2025-08,2025-08.xlsx,10327.0
54,AHMEDABAD,RANCHI,4222.0,5506.0,14.316,1.15,0.003,0.866,2025-08,2025-08.xlsx,9728.0
55,AHMEDABAD,SRINAGAR,592.0,394.0,0.072,0.0,0.032,0.0,2025-08,2025-08.xlsx,986.0
56,AHMEDABAD,SURAT,17.0,196.0,0.0,0.0,0.0,0.0,2025-08,2025-08.xlsx,213.0
57,AHMEDABAD,VARANASI,5029.0,5725.0,5.879,6.345,0.0,0.0,2025-08,2025-08.xlsx,10754.0
58,AHMEDABAD,Ayodhya International Airport,2208.0,1868.0,0.0,0.0,0.0,0.0,2025-08,2025-08.xlsx,4076.0
59,AHMEDABAD,HINDON AIRPORT,4496.0,3796.0,0.0,0.0,0.0,0.0,2025-08,2025-08.xlsx,8292.0
60,AIZAWL,BENGALURU,138.0,185.0,4.535,1.772,0.0,0.0,2025-08,2025-08.xlsx,323.0
61,AIZAWL,DELHI,4679.0,4568.0,15.664,31.823,0.026,1.044,2025-08,2025-08.xlsx,9247.0
62,AIZAWL,GUWAHATI,6147.0,5810.0,2.297,31.409,2.072,4.048,2025-08,2025-08.xlsx,11957.0
63,AIZAWL,IMPHAL,270.0,314.0,0.0,0.0,0.0,0.0,2025-08,2025-08.xlsx,584.0
64,AIZAWL,KOLKATA,5735.0,5177.0,10.11,17.818,9.609,11.079,2025-08,2025-08.xlsx,10912.0
65,AIZAWL,SHILLONG,268.0,219.0,0.0,0.0,0.0,0.0,2025-08,2025-08.xlsx,487.0
66,Kishangarh,LUCKNOW,762.0,718.0,0.0,0.0,0.0,0.0,2025-08,2025-08.xlsx,1480.0
67,Kishangarh,NAGPUR,1195.0,1283.0,0.0,0.0,0.0,0.0,2025-08,2025-08.xlsx,2478.0
68,Kishangarh,PUNE,1412.0,1702.0,0.0,0.0,0.0,0.0,2025-08,2025-08.xlsx,3114.0
69,Kishangarh,HINDON AIRPORT,683.0,793.0,0.0,0.0,0.0,0.0,2025-08,2025-08.xlsx,1476.0
70,PRAYAGRAJ,BENGALURU,2825.0,2692.0,0.0,0.967,1.384,0.833,2025-08,2025-08.xlsx,5517.0
71,PRAYAGRAJ,BHUBANESWAR,835.0,820.0,0.0,0.0,0.0,0.0,2025-08,2025-08.xlsx,1655.0
72,PRAYAGRAJ,BILASPUR,329.0,355.0,0.0,0.0,0.0,0.0,2025-08,2025-08.xlsx,684.0
73,PRAYAGRAJ,DELHI,4791.0,5122.0,0.639,1.652,0.0,18.657,2025-08,2025-08.xlsx,9913.0
74,PRAYAGRAJ,HYDERABAD,1770.0,1951.0,0.003,0.481,0.287,0.0,2025-08,2025-08.xlsx,3721.0
75,PRAYAGRAJ,INDORE,97.0,42.0,0.0,0.0,0.0,0.0,2025-08,2025-08.xlsx,139.0
76,PRAYAGRAJ,MUMBAI,8517.0,8548.0,0.004,1.468,0.814,3.278,2025-08,2025-08.xlsx,17065.0
77,PRAYAGRAJ,RAIPUR,441.0,465.0,0.0,0.0,0.0,0.0,2025-08,2025-08.xlsx,906.0
78,AMRITSAR,BENGALURU,3977.0,5015.0,6.008,3.161,0.0,3.428,2025-08,2025-08.xlsx,8992.0
79,AMRITSAR,DELHI,37179.0,37323.0,66.53450000000001,21.8345,0.0,0.0,2025-08,2025-08.xlsx,74502.0
80,AMRITSAR,GUWAHATI,205.0,0.0,0.0,0.0,0.0,0.0,2025-08,2025-08.xlsx,205.0
81,AMRITSAR,HYDERABAD,3235.0,3332.0,2.743,0.799,0.0,0.035,2025-08,2025-08.xlsx,6567.0
82,AMRITSAR,KOCHI,670.0,740.0,0.103,0.013,0.0,0.0,2025-08,2025-08.xlsx,1410.0
83,AMRITSAR,KOLKATA,1381.0,1264.0,2.954,0.566,0.0,0.0,2025-08,2025-08.xlsx,2645.0
84,AMRITSAR,KULLU,21.0,30.0,0.0,0.0,0.0,0.0,2025-08,2025-08.xlsx,51.0
85,AMRITSAR,MUMBAI,10541.0,10938.0,11.104,22.500500000000002,0.0,3.2558599999999993,2025-08,2025-08.xlsx,21479.0
86,AMRITSAR,PUNE,4039.0,3563.0,1.122,0.922,0.0,0.066,2025-08,2025-08.xlsx,7602.0
87,AMRITSAR,SIMLA,38.0,15.0,0.0,0.0,0.0,0.0,2025-08,2025-08.xlsx,53.0
88,AMRITSAR,SRINAGAR,4948.0,4428.0,3.599,0.779,0.0,0.826,2025-08,2025-08.xlsx,9376.0
89,AURANGABAD,BENGALURU,2027.0,2112.0,0.0,1.189,0.0,0.266,2025-08,2025-08.xlsx,4139.0
90,AURANGABAD,COIMBATORE,52.0,35.0,0.0,0.0,0.0,0.0,2025-08,2025-08.xlsx,87.0
91,AURANGABAD,DABOLIM,721.0,573.0,0.0,0.0,0.0,0.0,2025-08,2025-08.xlsx,1294.0
92,AURANGABAD,DELHI,8826.0,9954.0,0.0,116.0575,0.0,5.007,2025-08,2025-08.xlsx,18780.0
93,AURANGABAD,HYDERABAD,2131.0,2223.0,0.0,0.17,0.0,0.0,2025-08,2025-08.xlsx,4354.0
94,AURANGABAD,MUMBAI,10232.0,10166.0,0.0,8.506,0.0,18.182,2025-08,2025-08.xlsx,20398.0
95,BAGDOGRA,BENGALURU,26328.0,22734.0,125.29823999999999,276.48198,0.0,4.795,2025-08,2025-08.xlsx,49062.0
96,BAGDOGRA,BHUBANESWAR,627.0,584.0,0.0,0.0,0.0,0.0,2025-08,2025-08.xlsx,1211.0
97,BAGDOGRA,CHENNAI,5827.0,5352.0,5.156,10.409,0.378,1.086,2025-08,2025-08.xlsx,11179.0
98,BAGDOGRA,DELHI,36482.0,36584.0,135.74397000000002,242.5762699,0.9982,7.5649999999999995,2025-08,2025-08.xlsx,73066.0
99,BAGDOGRA,DIBRUGARH,2399.0,2941.0,1.08,0.0,0.0,0.0,2025-08,2025-08.xlsx,5340.0
100,BAGDOGRA,DURGAPUR,289.0,300.0,0.021,0.0,0.0,0.0,2025-08,2025-08.xlsx,589.0
101,BAGDOGRA,GUWAHATI,984.0,4201.0,1.2678,41.01807,0.0,0.0,2025-08,2025-08.xlsx,5185.0
102,BAGDOGRA,HYDERABAD,11354.0,11000.0,26.306,10.381,0.763,0.037,2025-08,2025-08.xlsx,22354.0
103,BAGDOGRA,KOLKATA,19722.0,18505.0,37.98785,78.55030000000001,5.965,5.603,2025-08,2025-08.xlsx,38227.0
104,BAGDOGRA,LEH,0.0,3.0,0.0,0.0,0.0,0.0,2025-08,2025-08.xlsx,3.0
105,BAGDOGRA,MUMBAI,14832.0,14554.0,43.045,111.94636,0.902,1.69235,2025-08,2025-08.xlsx,29386.0
106,BAGDOGRA,PATNA,27.0,56.0,0.0,0.0,0.0,0.0,2025-08,2025-08.xlsx,83.0
107,BAGDOGRA,PUNE,0.0,11.0,0.0,0.0,0.0,0.0,2025-08,2025-08.xlsx,11.0
108,BAREILLY,BENGALURU,2093.0,2124.0,0.0,0.307,0.0,0.0,2025-08,2025-08.xlsx,4217.0
109,BAREILLY,MUMBAI,2819.0,2788.0,0.0,0.103,0.0,0.0,2025-08,2025-08.xlsx,5607.0
110,BELGAUM,BENGALURU,2549.0,2696.0,0.124,0.103,0.0,0.0,2025-08,2025-08.xlsx,5245.0
111,BELGAUM,DELHI,1693.0,1810.0,0.083,0.979,0.0,0.0,2025-08,2025-08.xlsx,3503.0
112,BELGAUM,HYDERABAD,1824.0,1839.0,0.064,0.19,0.0,0.0,2025-08,2025-08.xlsx,3663.0
113,BELGAUM,JAIPUR,602.0,582.0,0.0,0.0,0.0,0.0,2025-08,2025-08.xlsx,1184.0
114,BELGAUM,MUMBAI,1702.0,1484.0,0.0,0.0,0.0,0.0,2025-08,2025-08.xlsx,3186.0
115,BENGALURU,BHOPAL,9295.0,8895.0,26.462,12.421,10.783,3.128,2025-08,2025-08.xlsx,18190.0
116,BENGALURU,BHUBANESWAR,29628.0,30261.0,186.4932,44.598420000000004,12.729399999999998,0.212,2025-08,2025-08.xlsx,59889.0
117,BENGALURU,BIDAR,1235.0,1139.0,0.0,0.0,0.0,0.0,2025-08,2025-08.xlsx,2374.0
118,BENGALURU,CHANDIGARH,15675.0,14925.0,126.5295005,149.74156,10.776,1.2400000000000004,2025-08,2025-08.xlsx,30600.0
119,BENGALURU,CHENNAI,59789.0,62171.0,592.2298838,555.5419997,19.214,28.374889999999997,2025-08,2025-08.xlsx,121960.0
120,BENGALURU,COIMBATORE,17344.0,17766.0,37.154,44.37,0.1,2.379,2025-08,2025-08.xlsx,35110.0
121,BENGALURU,DABOLIM,31489.0,31266.0,62.355000000000004,59.52799999999999,1.232,0.827,2025-08,2025-08.xlsx,62755.0
122,BENGALURU,DARBHANGA,810.0,743.0,0.577,0.0,0.0,0.0,2025-08,2025-08.xlsx,1553.0
123,BENGALURU,DehraDun,8895.0,8511.0,8.635,7.312,4.413,0.863,2025-08,2025-08.xlsx,17406.0
124,BENGALURU,DELHI,196656.0,191087.0,3675.1112688,4202.9946721,19.2904,24.3735,2025-08,2025-08.xlsx,387743.0
125,BENGALURU,Deoghar,4613.0,4975.0,0.023,0.0,0.0,0.0,2025-08,2025-08.xlsx,9588.0
126,BENGALURU,DIBRUGARH,337.0,340.0,1.132,0.439,0.0,0.017,2025-08,2025-08.xlsx,677.0
127,BENGALURU,DURGAPUR,3333.0,3546.0,16.613,6.49,0.0,0.0,2025-08,2025-08.xlsx,6879.0
128,BENGALURU,Goa,24464.0,23611.0,14.271,68.974,0.0,0.013,2025-08,2025-08.xlsx,48075.0
129,BENGALURU,GORAKHPUR,10845.0,10791.0,33.42736,48.9046,1.2435,0.31,2025-08,2025-08.xlsx,21636.0
130,BENGALURU,GUWAHATI,30150.0,26399.0,320.90379999999993,44.997150000000005,12.55668,2.81209,2025-08,2025-08.xlsx,56549.0
131,BENGALURU,GWALIOR,4086.0,4107.0,0.0,0.0,0.0,0.0,2025-08,2025-08.xlsx,8193.0
132,BENGALURU,HUBLI,3940.0,3858.0,0.259,0.861,0.126,1.355,2025-08,2025-08.xlsx,7798.0
133,BENGALURU,HYDERABAD,101005.0,102754.0,602.2399723999999,234.6725562,26.451,16.7427,2025-08,2025-08.xlsx,203759.0
134,BENGALURU,IMPHAL,719.0,682.0,3.596,35.23,0.0,0.0,2025-08,2025-08.xlsx,1401.0
135,BENGALURU,INDORE,21398.0,21558.0,105.496,76.547,5.739,1.414,2025-08,2025-08.xlsx,42956.0
136,BENGALURU,JABALPUR,4566.0,4669.0,0.036,0.1,0.0,0.0,2025-08,2025-08.xlsx,9235.0
137,BENGALURU,JAIPUR,28086.0,26976.0,69.589,146.957,13.739,1.85,2025-08,2025-08.xlsx,55062.0
138,BENGALURU,JAMMU,1854.0,2105.0,2.587,0.0,0.2,0.0,2025-08,2025-08.xlsx,3959.0
139,BENGALURU,JHARSUGUDA,3031.0,3042.0,0.002,0.0,0.0,0.0,2025-08,2025-08.xlsx,6073.0
140,BENGALURU,JODHPUR,3818.0,3325.0,2.082,0.01,4.178,1.05,2025-08,2025-08.xlsx,7143.0
141,BENGALURU,KALABURAGI,1105.0,1008.0,0.0,0.0,0.0,0.0,2025-08,2025-08.xlsx,2113.0
142,BENGALURU,KANNUR,5657.0,4655.0,0.176,0.024,0.382,0.0,2025-08,2025-08.xlsx,10312.0
143,BENGALURU,KANPUR,1723.0,2039.0,0.979,0.795,0.0,0.0,2025-08,2025-08.xlsx,3762.0
144,BENGALURU,KOCHI,57855.0,58678.0,192.27386,68.0736,16.652,12.719,2025-08,2025-08.xlsx,116533.0
145,BENGALURU,KOLHAPUR,2124.0,1957.0,0.421,0.529,0.0,0.0,2025-08,2025-08.xlsx,4081.0
146,BENGALURU,KOLKATA,82232.0,83220.0,880.30684,707.2569500000001,20.9803,6.99693,2025-08,2025-08.xlsx,165452.0
147,BENGALURU,KOZHIKODE,12110.0,12358.0,6.458,0.354,2.385,0.0,2025-08,2025-08.xlsx,24468.0
148,BENGALURU,KURNOOL,249.0,276.0,0.059,0.0,0.0,0.0,2025-08,2025-08.xlsx,525.0
149,BENGALURU,LUCKNOW,32529.0,33409.0,110.6446,56.707,20.363,4.23,2025-08,2025-08.xlsx,65938.0
150,BENGALURU,MADURAI,8109.0,8001.0,0.744,3.373,1.971,0.904,2025-08,2025-08.xlsx,16110.0
151,BENGALURU,Malvan,783.0,601.0,0.0,0.0,0.0,0.0,2025-08,2025-08.xlsx,1384.0
152,BENGALURU,MANGALORE,34328.0,34128.0,13.7,16.612000000000002,0.802,166.234,2025-08,2025-08.xlsx,68456.0
153,BENGALURU,MUMBAI,171829.0,167982.0,1589.4065593999999,1683.347761,15.23202,27.373789999999993,2025-08,2025-08.xlsx,339811.0
154,BENGALURU,NAGPUR,19003.0,17153.0,72.156,30.514,5.46,4.153,2025-08,2025-08.xlsx,36156.0
155,BENGALURU,NANDED,1294.0,1129.0,0.0,0.0,0.0,0.0,2025-08,2025-08.xlsx,2423.0
156,BENGALURU,NASIK,5185.0,4923.0,0.328,2.726,0.366,0.172,2025-08,2025-08.xlsx,10108.0
157,BENGALURU,PATNA,23347.0,23401.0,155.524,15.584,20.575,4.125,2025-08,2025-08.xlsx,46748.0
158,BENGALURU,PONDICHERRY,2050.0,1924.0,0.084,0.0,0.0,0.0,2025-08,2025-08.xlsx,3974.0
159,BENGALURU,PORT BLAIR,4270.0,4028.0,41.666,16.054,0.0,0.0,2025-08,2025-08.xlsx,8298.0
160,BENGALURU,PUNE,79106.0,76484.0,357.13558,313.54623,10.7182,2.645,2025-08,2025-08.xlsx,155590.0
161,BENGALURU,RAIPUR,10889.0,11093.0,35.993,0.002,7.299,0.0,2025-08,2025-08.xlsx,21982.0
162,BENGALURU,RAJAHMUNDRY,3778.0,3807.0,0.329,0.003,0.0,0.0,2025-08,2025-08.xlsx,7585.0
163,BENGALURU,Rajkot International Airport,3832.0,3318.0,11.252,1.015,1.665,0.0,2025-08,2025-08.xlsx,7150.0
164,BENGALURU,RANCHI,17922.0,18294.0,303.54499999999996,30.583899999999996,7.118,1.683,2025-08,2025-08.xlsx,36216.0
165,BENGALURU,SALEM,1459.0,1487.0,0.05,0.0,0.0,0.0,2025-08,2025-08.xlsx,2946.0
166,BENGALURU,SHIRDI,5556.0,5390.0,1.991,0.0,0.0,0.0,2025-08,2025-08.xlsx,10946.0
167,BENGALURU,Shivamogga Airport,753.0,686.0,0.174,0.0,0.0,0.0,2025-08,2025-08.xlsx,1439.0
168,BENGALURU,SRINAGAR,1407.0,2756.0,5.352,5.879,1.48,0.0,2025-08,2025-08.xlsx,4163.0
169,BENGALURU,SURAT,14699.0,14078.0,31.29,84.557,1.796,1.201,2025-08,2025-08.xlsx,28777.0
170,BENGALURU,TIRUCHIRAPALLY,10257.0,9914.0,0.141,0.299,1.484,0.0,2025-08,2025-08.xlsx,20171.0
171,BENGALURU,TIRUPATI,3593.0,3580.0,0.035,0.001,0.853,0.0,2025-08,2025-08.xlsx,7173.0
172,BENGALURU,TRIVANDRUM,29802.0,30320.0,66.02600000000001,43.768,11.418,5.762,2025-08,2025-08.xlsx,60122.0
173,BENGALURU,TUTICORIN,2179.0,2217.0,0.055,0.001,0.0,0.0,2025-08,2025-08.xlsx,4396.0
174,BENGALURU,UDAIPUR,2584.0,2558.0,2.468,0.16,0.0,0.0,2025-08,2025-08.xlsx,5142.0
175,BENGALURU,VADODARA,2871.0,2722.0,2.749,0.0,5.193,0.0,2025-08,2025-08.xlsx,5593.0
176,BENGALURU,VARANASI,26708.0,26331.0,57.386,134.05266,7.8142,0.21,2025-08,2025-08.xlsx,53039.0
177,BENGALURU,VIDYANAGAR,207.0,202.0,0.0,0.0,0.0,0.0,2025-08,2025-08.xlsx,409.0
178,BENGALURU,VIJAYAWADA,10920.0,11458.0,2.134,0.125,3.339,0.296,2025-08,2025-08.xlsx,22378.0
179,BENGALURU,VISAKHAPATNAM,21593.0,23022.0,111.509,21.293,7.802,0.769,2025-08,2025-08.xlsx,44615.0
180,BENGALURU,Ayodhya International Airport,8391.0,7860.0,0.022,0.0,0.0,0.0,2025-08,2025-08.xlsx,16251.0
181,BENGALURU,HINDON AIRPORT,17784.0,17328.0,0.0,0.0,0.0,0.0,2025-08,2025-08.xlsx,35112.0
182,BHATINDA,DELHI,451.0,516.0,0.0,0.0,0.0,0.0,2025-08,2025-08.xlsx,967.0
183,BHATINDA,HINDON AIRPORT,46.0,23.0,0.0,0.0,0.0,0.0,2025-08,2025-08.xlsx,69.0
184,BHOPAL,DELHI,20628.0,20545.0,18.151,122.6195,17.718759999999996,29.143600000000006,2025-08,2025-08.xlsx,41173.0
185,BHOPAL,HYDERABAD,2283.0,2114.0,0.001,0.023,0.478,0.895,2025-08,2025-08.xlsx,4397.0
186,BHOPAL,MUMBAI,15980.0,15667.0,22.753,47.466499999999996,5.66006,28.476020000000002,2025-08,2025-08.xlsx,31647.0
187,BHOPAL,PUNE,4399.0,4638.0,0.0,2.603,0.0,0.517,2025-08,2025-08.xlsx,9037.0
188,BHOPAL,RAIPUR,885.0,878.0,0.0,0.0,0.379,0.0,2025-08,2025-08.xlsx,1763.0
189,BHOPAL,REWA,134.0,144.0,0.0,0.0,0.0,0.0,2025-08,2025-08.xlsx,278.0
190,BHOPAL,DATIA AIRPORT,58.0,82.0,0.0,0.0,0.0,0.0,2025-08,2025-08.xlsx,140.0
191,BHUBANESWAR,CHANDIGARH,368.0,261.0,0.671,0.724,0.0,0.0,2025-08,2025-08.xlsx,629.0
192,BHUBANESWAR,CHENNAI,7971.0,7973.0,1.926,34.12,2.025,8.585,2025-08,2025-08.xlsx,15944.0
193,BHUBANESWAR,DABOLIM,1946.0,1543.0,0.002,1.689,0.0,0.005,2025-08,2025-08.xlsx,3489.0
194,BHUBANESWAR,DehraDun,1330.0,1349.0,0.004,0.0,0.0,0.0,2025-08,2025-08.xlsx,2679.0
195,BHUBANESWAR,DELHI,46197.0,45368.0,36.25218,525.9954781,10.63054,12.219899999999999,2025-08,2025-08.xlsx,91565.0
196,BHUBANESWAR,DURGAPUR,524.0,608.0,0.002,0.0,0.0,0.0,2025-08,2025-08.xlsx,1132.0
197,BHUBANESWAR,GUWAHATI,2276.0,2610.0,0.5,2.422,0.0,0.663,2025-08,2025-08.xlsx,4886.0
198,BHUBANESWAR,HYDERABAD,20599.0,21799.0,6.268,67.088,1.319,5.673,2025-08,2025-08.xlsx,42398.0
199,BHUBANESWAR,INDORE,2852.0,2986.0,0.043,0.438,0.0,0.0,2025-08,2025-08.xlsx,5838.0
200,BHUBANESWAR,JAIPUR,2833.0,2695.0,0.0,19.73782,0.0,0.0,2025-08,2025-08.xlsx,5528.0
201,BHUBANESWAR,JAMSHEDPUR,150.0,180.0,0.0,0.0,0.0,0.0,2025-08,2025-08.xlsx,330.0
202,BHUBANESWAR,JEYPORE,423.0,490.0,0.0,0.0,0.0,0.0,2025-08,2025-08.xlsx,913.0
203,BHUBANESWAR,JHARSUGUDA,649.0,743.0,0.0,0.0,0.0,0.0,2025-08,2025-08.xlsx,1392.0
204,BHUBANESWAR,KOCHI,3011.0,3192.0,8.61461,1.8880000000000001,0.0,0.0,2025-08,2025-08.xlsx,6203.0
205,BHUBANESWAR,KOLKATA,14533.0,14251.0,17.544,11.655,0.0,19.04,2025-08,2025-08.xlsx,28784.0
206,BHUBANESWAR,LUCKNOW,2680.0,2767.0,0.174,3.7040000000000006,0.0,0.885,2025-08,2025-08.xlsx,5447.0
207,BHUBANESWAR,MUMBAI,21860.0,22192.0,15.208,61.04,4.921,11.235,2025-08,2025-08.xlsx,44052.0
208,BHUBANESWAR,PATNA,1795.0,1984.0,1.13,0.087,0.292,0.559,2025-08,2025-08.xlsx,3779.0
209,BHUBANESWAR,PORT BLAIR,3006.0,2773.0,7.416,0.118,0.0,0.0,2025-08,2025-08.xlsx,5779.0
210,BHUBANESWAR,PUNE,4510.0,4131.0,0.66,9.112,0.0,0.0,2025-08,2025-08.xlsx,8641.0
211,BHUBANESWAR,RAIPUR,1995.0,2154.0,0.0,0.0,0.0,0.0,2025-08,2025-08.xlsx,4149.0
212,BHUBANESWAR,RANCHI,1921.0,1831.0,0.0,0.002,0.0,0.57,2025-08,2025-08.xlsx,3752.0
213,BHUBANESWAR,Utkela,87.0,83.0,0.0,0.0,0.0,0.0,2025-08,2025-08.xlsx,170.0
214,BHUBANESWAR,VARANASI,1409.0,1282.0,0.0,0.0,0.0,0.0,2025-08,2025-08.xlsx,2691.0
215,BHUBANESWAR,VISAKHAPATNAM,1451.0,1546.0,0.004,0.051,0.0,0.0,2025-08,2025-08.xlsx,2997.0
216,BHUBANESWAR,HINDON AIRPORT,3297.0,3390.0,0.0,0.0,0.0,0.0,2025-08,2025-08.xlsx,6687.0
217,BHUJ,DELHI,3848.0,4110.0,0.0,0.015,0.0,0.0,2025-08,2025-08.xlsx,7958.0
218,BHUJ,MUMBAI,4899.0,4682.0,0.0,0.011,0.0,0.0,2025-08,2025-08.xlsx,9581.0
219,BHUJ,SURAT,134.0,309.0,0.0,0.0,0.0,0.0,2025-08,2025-08.xlsx,443.0
220,BIKANER,DELHI,1990.0,2072.0,0.0,0.151,0.0,0.0,2025-08,2025-08.xlsx,4062.0
221,BILASPUR,DELHI,586.0,401.0,0.0,0.0,0.0,0.0,2025-08,2025-08.xlsx,987.0
222,BILASPUR,INDORE,56.0,0.0,0.0,0.0,0.0,0.0,2025-08,2025-08.xlsx,56.0
223,BILASPUR,JABALPUR,441.0,354.0,0.0,0.0,0.0,0.0,2025-08,2025-08.xlsx,795.0
224,BILASPUR,JAGDALPUR,127.0,231.0,0.0,0.0,0.0,0.0,2025-08,2025-08.xlsx,358.0
225,BILASPUR,KOLKATA,317.0,295.0,0.0,0.0,0.0,0.0,2025-08,2025-08.xlsx,612.0
226,CHANDIGARH,CHENNAI,3155.0,3647.0,27.606,21.817,0.0,1.028,2025-08,2025-08.xlsx,6802.0
227,CHANDIGARH,DABOLIM,7167.0,7225.0,16.942,20.564,0.0,0.5,2025-08,2025-08.xlsx,14392.0
228,CHANDIGARH,DehraDun,129.0,0.0,0.0,0.0,0.0,0.0,2025-08,2025-08.xlsx,129.0
229,CHANDIGARH,DELHI,32361.0,31285.0,71.698591,40.1598796,7.897999999999999,12.321860000000003,2025-08,2025-08.xlsx,63646.0
230,CHANDIGARH,DHARAMSALA,570.0,632.0,0.0,0.0,0.0,0.0,2025-08,2025-08.xlsx,1202.0
231,CHANDIGARH,GUWAHATI,785.0,900.0,10.074,0.5,0.0,0.0,2025-08,2025-08.xlsx,1685.0
232,CHANDIGARH,HISSAR,44.0,56.0,0.0,0.0,0.0,0.0,2025-08,2025-08.xlsx,100.0
233,CHANDIGARH,HYDERABAD,10813.0,10532.0,107.826,47.464,0.541,2.076,2025-08,2025-08.xlsx,21345.0
234,CHANDIGARH,INDORE,2115.0,1870.0,16.757,0.376,0.339,0.005,2025-08,2025-08.xlsx,3985.0
235,CHANDIGARH,JAIPUR,4012.0,3692.0,0.077,0.069,0.0,0.0,2025-08,2025-08.xlsx,7704.0
236,CHANDIGARH,JAMMU,811.0,1105.0,0.0,0.0,0.0,0.0,2025-08,2025-08.xlsx,1916.0
237,CHANDIGARH,KOLKATA,13599.0,14046.0,53.01721259999999,92.5909424,0.0,0.72435,2025-08,2025-08.xlsx,27645.0
238,CHANDIGARH,LEH,713.0,811.0,0.3015,2.473,0.0,0.0,2025-08,2025-08.xlsx,1524.0
239,CHANDIGARH,LUCKNOW,3401.0,4214.0,7.513,1.549,0.0,3.599,2025-08,2025-08.xlsx,7615.0
240,CHANDIGARH,MUMBAI,25374.0,25960.0,173.892,153.50935779999998,2.987000000000001,3.92956,2025-08,2025-08.xlsx,51334.0
241,CHANDIGARH,PATNA,1636.0,1531.0,3.749,0.001,0.0,0.466,2025-08,2025-08.xlsx,3167.0
242,CHANDIGARH,PUNE,6615.0,6266.0,31.931,35.181,0.0,0.0,2025-08,2025-08.xlsx,12881.0
243,CHANDIGARH,SRINAGAR,8404.0,8763.0,0.645,0.02,1.171,0.718,2025-08,2025-08.xlsx,17167.0
244,CHANDIGARH,UDAIPUR,0.0,228.0,0.0,0.0,0.0,0.0,2025-08,2025-08.xlsx,228.0
245,CHENNAI,COIMBATORE,36598.0,35995.0,31.465,81.64,2.389,13.669,2025-08,2025-08.xlsx,72593.0
246,CHENNAI,DABOLIM,3577.0,3697.0,2.312,1.353,0.591,0.138,2025-08,2025-08.xlsx,7274.0
247,CHENNAI,DehraDun,442.0,626.0,1.576,0.806,0.0,0.454,2025-08,2025-08.xlsx,1068.0
248,CHENNAI,DELHI,92144.0,88771.0,1369.6404894000002,1335.5472079,49.606099999999984,41.52681,2025-08,2025-08.xlsx,180915.0
249,CHENNAI,DURGAPUR,2747.0,3310.0,0.393,2.351,0.0,0.0,2025-08,2025-08.xlsx,6057.0
250,CHENNAI,Goa,9214.0,9311.0,2.68392,29.876,0.0,0.352,2025-08,2025-08.xlsx,18525.0
251,CHENNAI,GUWAHATI,14963.0,15280.0,39.859,30.959,6.452,2.394,2025-08,2025-08.xlsx,30243.0
252,CHENNAI,HYDERABAD,67025.0,65886.0,528.64973,584.3499999999999,15.341,13.579,2025-08,2025-08.xlsx,132911.0
253,CHENNAI,INDORE,6831.0,6816.0,32.588,141.84,1.555,1.256,2025-08,2025-08.xlsx,13647.0
254,CHENNAI,JAIPUR,6887.0,6542.0,40.656,80.493,4.478,0.765,2025-08,2025-08.xlsx,13429.0
255,CHENNAI,Cuddapah,673.0,739.0,0.081,0.0,0.0,0.0,2025-08,2025-08.xlsx,1412.0
256,CHENNAI,KANNUR,3439.0,2830.0,0.016,0.002,0.0,0.0,2025-08,2025-08.xlsx,6269.0
257,CHENNAI,KOCHI,29411.0,30024.0,67.66492,24.231,13.785,7.492,2025-08,2025-08.xlsx,59435.0
258,CHENNAI,KOLKATA,40682.0,40903.0,305.95628,311.19889,14.793,3.443,2025-08,2025-08.xlsx,81585.0
259,CHENNAI,KOZHIKODE,3982.0,3994.0,0.141,0.07,1.113,0.0,2025-08,2025-08.xlsx,7976.0
260,CHENNAI,LUCKNOW,3985.0,4074.0,39.842,14.738,1.698,2.165,2025-08,2025-08.xlsx,8059.0
261,CHENNAI,MADURAI,16725.0,16155.0,1.418,26.069,1.637,5.303,2025-08,2025-08.xlsx,32880.0
262,CHENNAI,MANGALORE,1880.0,1855.0,0.058,0.004,0.0,4.46,2025-08,2025-08.xlsx,3735.0
263,CHENNAI,MUMBAI,87122.0,84697.0,651.2673719,660.5115925,43.78976,31.9944,2025-08,2025-08.xlsx,171819.0
264,CHENNAI,MYSORE,1005.0,933.0,0.084,0.0,0.0,0.0,2025-08,2025-08.xlsx,1938.0
265,CHENNAI,PATNA,8337.0,8000.0,22.854,4.244,5.075,1.879,2025-08,2025-08.xlsx,16337.0
266,CHENNAI,PORT BLAIR,19744.0,19306.0,228.29889000000003,96.693,25.71839,6.762,2025-08,2025-08.xlsx,39050.0
267,CHENNAI,PUNE,30926.0,32185.0,234.09717,222.73130999999998,6.833,2.315,2025-08,2025-08.xlsx,63111.0
268,CHENNAI,RAIPUR,5217.0,4756.0,10.859,7.623,1.193,0.077,2025-08,2025-08.xlsx,9973.0
269,CHENNAI,RAJAHMUNDRY,1026.0,1124.0,0.056,0.0,0.0,0.0,2025-08,2025-08.xlsx,2150.0
270,CHENNAI,RANCHI,5171.0,5281.0,12.739,4.606,2.78,2.048,2025-08,2025-08.xlsx,10452.0
271,CHENNAI,SALEM,1621.0,1897.0,0.053,0.0,0.0,0.0,2025-08,2025-08.xlsx,3518.0
272,CHENNAI,SHIRDI,6039.0,5709.0,0.385,9.255,0.0,0.0,2025-08,2025-08.xlsx,11748.0
273,CHENNAI,Shivamogga Airport,826.0,936.0,0.6420899999999998,1.242,0.0,0.0,2025-08,2025-08.xlsx,1762.0
274,CHENNAI,SURAT,3534.0,3298.0,39.878,18.303,0.053,0.395,2025-08,2025-08.xlsx,6832.0
275,CHENNAI,TIRUCHIRAPALLY,16685.0,15187.0,0.408,0.109,0.18,0.0,2025-08,2025-08.xlsx,31872.0
276,CHENNAI,TRIVANDRUM,11487.0,11266.0,7.92,15.322,6.943,4.501,2025-08,2025-08.xlsx,22753.0
277,CHENNAI,TUTICORIN,12522.0,12299.0,0.67,0.253,0.0,0.0,2025-08,2025-08.xlsx,24821.0
278,CHENNAI,VARANASI,8410.0,8673.0,2.116,12.71,0.224,0.008,2025-08,2025-08.xlsx,17083.0
279,CHENNAI,VIJAYAWADA,3638.0,4144.0,0.582,0.047,0.024,0.0,2025-08,2025-08.xlsx,7782.0
280,CHENNAI,VISAKHAPATNAM,10858.0,11311.0,22.2,8.494,5.798,1.746,2025-08,2025-08.xlsx,22169.0
281,CHENNAI,HINDON AIRPORT,8592.0,8011.0,0.0,0.0,0.0,0.0,2025-08,2025-08.xlsx,16603.0
282,COIMBATORE,DABOLIM,1963.0,1996.0,0.008,0.0,0.0,0.0,2025-08,2025-08.xlsx,3959.0
283,COIMBATORE,DELHI,17528.0,17772.0,205.598,200.56653600000004,2.575,3.465,2025-08,2025-08.xlsx,35300.0
284,COIMBATORE,GUWAHATI,132.0,222.0,1.83,0.003,1.93,0.0,2025-08,2025-08.xlsx,354.0
285,COIMBATORE,HYDERABAD,20440.0,19805.0,102.262,38.389,2.931,3.196,2025-08,2025-08.xlsx,40245.0
286,COIMBATORE,MUMBAI,21990.0,21752.0,160.7285,168.67344029999998,4.384,6.247300000000001,2025-08,2025-08.xlsx,43742.0
287,COIMBATORE,NASIK,69.0,37.0,0.0,0.0,0.0,0.0,2025-08,2025-08.xlsx,106.0
288,COIMBATORE,PUNE,5297.0,4893.0,7.268,39.319,0.0,0.254,2025-08,2025-08.xlsx,10190.0
289,COIMBATORE,VIJAYAWADA,3.0,0.0,0.0,0.0,0.0,0.0,2025-08,2025-08.xlsx,3.0
290,COOCH BEHAR,KOLKATA,216.0,209.0,0.0,0.0,0.0,0.0,2025-08,2025-08.xlsx,425.0
291,DABOLIM,DELHI,30281.0,30795.0,81.6723048,111.332313,1.283,3.7270000000000003,2025-08,2025-08.xlsx,61076.0
292,DABOLIM,HYDERABAD,27178.0,29948.0,23.498,18.231,0.516,0.311,2025-08,2025-08.xlsx,57126.0
293,DABOLIM,INDORE,4016.0,3882.0,0.823,1.53,0.109,0.0,2025-08,2025-08.xlsx,7898.0
294,DABOLIM,KOCHI,4400.0,4359.0,11.439,1.111,0.278,0.0,2025-08,2025-08.xlsx,8759.0
295,DABOLIM,KOLKATA,6330.0,5850.0,12.994,19.607,0.927,0.076,2025-08,2025-08.xlsx,12180.0
296,DABOLIM,LUCKNOW,3809.0,4161.0,3.498,0.299,0.183,0.034,2025-08,2025-08.xlsx,7970.0
297,DABOLIM,MUMBAI,61498.0,64650.0,77.58399700000001,89.99053,4.84154,12.807769999999994,2025-08,2025-08.xlsx,126148.0
298,DABOLIM,NAGPUR,597.0,0.0,0.157,0.0,0.015,0.0,2025-08,2025-08.xlsx,597.0
299,DABOLIM,NASIK,1000.0,911.0,0.0,0.0,0.0,0.0,2025-08,2025-08.xlsx,1911.0
300,DABOLIM,PUNE,3987.0,4027.0,0.991,0.485,0.341,0.0,2025-08,2025-08.xlsx,8014.0
301,DABOLIM,RAIPUR,4803.0,4982.0,5.682,0.0,0.037,0.0,2025-08,2025-08.xlsx,9785.0
302,DABOLIM,SURAT,5869.0,5539.0,15.824,18.77,0.111,0.167,2025-08,2025-08.xlsx,11408.0
303,DABOLIM,HINDON AIRPORT,7835.0,8854.0,0.0,0.0,0.0,0.0,2025-08,2025-08.xlsx,16689.0
304,DARBHANGA,DELHI,14792.0,14704.0,0.0,4.4177100000000005,0.0,0.0,2025-08,2025-08.xlsx,29496.0
305,DARBHANGA,HYDERABAD,3810.0,3456.0,0.0,0.289,0.0,0.0,2025-08,2025-08.xlsx,7266.0
306,DARBHANGA,KOLKATA,1758.0,1550.0,0.0,0.007,0.0,0.0,2025-08,2025-08.xlsx,3308.0
307,DARBHANGA,MUMBAI,12139.0,11847.0,0.0,25.95456,0.0,0.0,2025-08,2025-08.xlsx,23986.0
308,DARBHANGA,PUNE,0.0,1.0,0.0,0.0,0.0,0.0,2025-08,2025-08.xlsx,1.0
309,DehraDun,DELHI,22607.0,24742.0,2.756,11.988,10.397,26.827,2025-08,2025-08.xlsx,47349.0
310,DehraDun,GUWAHATI,340.0,0.0,0.218,0.0,0.0,0.0,2025-08,2025-08.xlsx,340.0
311,DehraDun,HYDERABAD,3721.0,4024.0,1.404,7.026,0.362,4.03,2025-08,2025-08.xlsx,7745.0
312,DehraDun,JAIPUR,1655.0,1620.0,0.0,0.028,0.0,0.0,2025-08,2025-08.xlsx,3275.0
313,DehraDun,KOLKATA,2377.0,2337.0,2.067,0.011,0.122,0.0,2025-08,2025-08.xlsx,4714.0
314,DehraDun,KULLU,37.0,23.0,0.0,0.0,0.0,0.0,2025-08,2025-08.xlsx,60.0
315,DehraDun,LUCKNOW,3311.0,3404.0,0.001,0.326,0.559,1.259,2025-08,2025-08.xlsx,6715.0
316,DehraDun,MUMBAI,8994.0,8890.0,0.885,11.654,0.568,4.169,2025-08,2025-08.xlsx,17884.0
317,DehraDun,PITHORAGARH,86.0,115.0,0.0,0.0,0.0,0.0,2025-08,2025-08.xlsx,201.0
318,DehraDun,PUNE,3835.0,3745.0,1.309,2.339,0.222,0.322,2025-08,2025-08.xlsx,7580.0
319,DELHI,Deoghar,5093.0,5224.0,0.263,0.0,0.0,0.0,2025-08,2025-08.xlsx,10317.0
320,DELHI,DHARAMSALA,3530.0,2638.0,0.087,0.0,0.0,0.0,2025-08,2025-08.xlsx,6168.0
321,DELHI,DIBRUGARH,6816.0,7042.0,46.008,1.099,3.445,3.106,2025-08,2025-08.xlsx,13858.0
322,DELHI,DIMAPUR,2783.0,2868.0,2.377,13.073,2.685,2.414,2025-08,2025-08.xlsx,5651.0
323,DELHI,DURGAPUR,4436.0,4355.0,0.473,14.877,0.0,0.0,2025-08,2025-08.xlsx,8791.0
324,DELHI,GAYA,4663.0,4501.0,0.286,0.0,0.0,0.0,2025-08,2025-08.xlsx,9164.0
325,DELHI,Goa,41807.0,41044.0,182.8204877,138.89268760000002,0.203,1.55896,2025-08,2025-08.xlsx,82851.0
326,DELHI,GORAKHPUR,18095.0,16819.0,62.5946,27.53936,15.996,0.0,2025-08,2025-08.xlsx,34914.0
327,DELHI,GUWAHATI,57176.0,58141.0,521.2276325000001,280.75381999999996,6.68512,10.51079,2025-08,2025-08.xlsx,115317.0
328,DELHI,GWALIOR,1997.0,1957.0,0.151,0.0,0.0,0.0,2025-08,2025-08.xlsx,3954.0
329,DELHI,HISSAR,128.0,100.0,0.0,0.0,0.0,0.0,2025-08,2025-08.xlsx,228.0
330,DELHI,HUBLI,2911.0,2491.0,5.563,1.329,0.0,0.326,2025-08,2025-08.xlsx,5402.0
331,DELHI,HYDERABAD,118151.0,119617.0,1413.9077412,1015.8437060000001,24.403000000000002,17.3,2025-08,2025-08.xlsx,237768.0
332,DELHI,IMPHAL,8386.0,8832.0,80.255,141.444,5.329,5.289,2025-08,2025-08.xlsx,17218.0
333,DELHI,INDORE,46509.0,47117.0,383.5192391,178.682167,10.951,7.071,2025-08,2025-08.xlsx,93626.0
334,DELHI,Itanagar,2769.0,2956.0,1.426,0.263,0.0,0.0,2025-08,2025-08.xlsx,5725.0
335,DELHI,JABALPUR,5701.0,5493.0,0.413,0.0,0.0,0.0,2025-08,2025-08.xlsx,11194.0
336,DELHI,JAGDALPUR,284.0,490.0,0.0,0.0,0.0,0.0,2025-08,2025-08.xlsx,774.0
337,DELHI,JAIPUR,22362.0,22113.0,40.61745,91.74473,47.052,5.635,2025-08,2025-08.xlsx,44475.0
338,DELHI,JAMMU,23248.0,20315.0,109.44569999999999,32.152680000000004,10.197,0.0,2025-08,2025-08.xlsx,43563.0
339,DELHI,JHARSUGUDA,2875.0,2992.0,0.02,0.0,0.0,0.0,2025-08,2025-08.xlsx,5867.0
340,DELHI,JODHPUR,10247.0,9741.0,8.245,0.023,21.035999999999998,9.359,2025-08,2025-08.xlsx,19988.0
341,DELHI,KANNUR,1944.0,1422.0,0.627,0.091,0.0,0.0,2025-08,2025-08.xlsx,3366.0
342,DELHI,KANPUR,2053.0,2449.0,1.028,0.005,4.499,0.0,2025-08,2025-08.xlsx,4502.0
343,DELHI,KOCHI,39537.0,39565.0,545.5997693999998,276.4305044,21.562499999999993,35.46399000000001,2025-08,2025-08.xlsx,79102.0
344,DELHI,KOLKATA,98650.0,98227.0,1786.8381633,2013.1800392000005,38.16714000000001,26.58026,2025-08,2025-08.xlsx,196877.0
345,DELHI,KOZHIKODE,2916.0,2796.0,7.035,1.366,0.404,0.0,2025-08,2025-08.xlsx,5712.0
346,DELHI,KULLU,49.0,63.0,0.0,0.0,0.0,0.0,2025-08,2025-08.xlsx,112.0
347,DELHI,LEH,37612.0,40134.0,103.19169000000002,42.59227,13.657,15.21,2025-08,2025-08.xlsx,77746.0
348,DELHI,LUCKNOW,44531.0,43929.0,204.900392,123.7503261,59.66296,21.989,2025-08,2025-08.xlsx,88460.0
349,DELHI,MADURAI,3481.0,3297.0,13.601,46.495,0.664,0.494,2025-08,2025-08.xlsx,6778.0
350,DELHI,MANGALORE,9951.0,10035.0,19.851,11.427,0.0,37.446,2025-08,2025-08.xlsx,19986.0
351,DELHI,MUMBAI,256618.0,251212.0,4381.403084299999,3294.7410154,38.997,74.44576999999998,2025-08,2025-08.xlsx,507830.0
352,DELHI,NAGPUR,25234.0,26013.0,249.9715,81.23349999999999,11.661,12.964,2025-08,2025-08.xlsx,51247.0
353,DELHI,NASIK,2785.0,2576.0,11.826,0.734,0.504,0.208,2025-08,2025-08.xlsx,5361.0
354,DELHI,PANTNAGAR,1819.0,1591.0,0.252,0.0,0.0,0.0,2025-08,2025-08.xlsx,3410.0
355,DELHI,PATNA,55239.0,55454.0,433.9893787,43.0995,52.38495999999999,16.830899999999993,2025-08,2025-08.xlsx,110693.0
356,DELHI,PITHORAGARH,152.0,139.0,0.0,0.0,0.0,0.0,2025-08,2025-08.xlsx,291.0
357,DELHI,PORT BLAIR,2673.0,2999.0,41.2345,43.225,2.3589999999999987,0.00657,2025-08,2025-08.xlsx,5672.0
358,DELHI,PUNE,116794.0,112133.0,1378.5496777000003,1095.7014178999998,9.4179,2.25837,2025-08,2025-08.xlsx,228927.0
359,DELHI,RAIPUR,28526.0,28009.0,263.06,1.802,20.351,0.358,2025-08,2025-08.xlsx,56535.0
360,DELHI,RAJAHMUNDRY,1665.0,1775.0,0.477,0.009,0.0,0.0,2025-08,2025-08.xlsx,3440.0
361,DELHI,Rajkot International Airport,11007.0,9819.0,23.124,3.173,7.259,0.0,2025-08,2025-08.xlsx,20826.0
362,DELHI,RANCHI,34312.0,34783.0,492.612,55.53302,8.691,5.501,2025-08,2025-08.xlsx,69095.0
363,DELHI,SHILLONG,503.0,481.0,0.0,0.0,0.0,0.0,2025-08,2025-08.xlsx,984.0
364,DELHI,SHIRDI,5661.0,5752.0,10.298,4.034,0.0,0.0,2025-08,2025-08.xlsx,11413.0
365,DELHI,SIMLA,141.0,81.0,0.0,0.0,0.0,0.0,2025-08,2025-08.xlsx,222.0
366,DELHI,SRINAGAR,62492.0,68149.0,400.75663600000007,201.818643,15.53283,23.252,2025-08,2025-08.xlsx,130641.0
367,DELHI,SURAT,21958.0,21175.0,115.65899999999999,95.035,3.907,3.688,2025-08,2025-08.xlsx,43133.0
368,DELHI,TIRUPATI,10841.0,10754.0,45.082171800000005,23.505727400000005,0.193,0.0,2025-08,2025-08.xlsx,21595.0
369,DELHI,TRIVANDRUM,19987.0,19862.0,92.1113,36.2653207,8.4765,10.349870000000005,2025-08,2025-08.xlsx,39849.0
370,DELHI,UDAIPUR,20578.0,20121.0,8.497,0.254,0.0,0.0,2025-08,2025-08.xlsx,40699.0
371,DELHI,VADODARA,23998.0,21489.0,116.661,0.0,9.1015,0.0,2025-08,2025-08.xlsx,45487.0
372,DELHI,VARANASI,31629.0,32254.0,166.0997869,43.142480000000006,13.63734,2.05,2025-08,2025-08.xlsx,63883.0
373,DELHI,VIJAYAWADA,12040.0,13022.0,75.82,3.005,7.4971000000000005,0.6584999999999999,2025-08,2025-08.xlsx,25062.0
374,DELHI,VISAKHAPATNAM,20529.0,20981.0,130.44134029999998,21.5915,5.847999999999999,1.996,2025-08,2025-08.xlsx,41510.0
375,DELHI,Ayodhya International Airport,5115.0,4832.0,0.359,0.0,0.0,0.0,2025-08,2025-08.xlsx,9947.0
376,Deoghar,KOLKATA,1760.0,1356.0,0.0,0.036,0.0,0.0,2025-08,2025-08.xlsx,3116.0
377,Deoghar,MUMBAI,1906.0,1865.0,0.0,0.035,0.0,0.0,2025-08,2025-08.xlsx,3771.0
378,DHARAMSALA,JAIPUR,38.0,32.0,0.0,0.0,0.0,0.0,2025-08,2025-08.xlsx,70.0
379,DHARAMSALA,SIMLA,5.0,2.0,0.0,0.0,0.0,0.0,2025-08,2025-08.xlsx,7.0
380,DIBRUGARH,GUWAHATI,8321.0,8993.0,12.442,0.718,2.104,5.387,2025-08,2025-08.xlsx,17314.0
381,DIBRUGARH,HYDERABAD,156.0,541.0,0.008,0.428,0.0,0.0,2025-08,2025-08.xlsx,697.0
382,DIBRUGARH,KOLKATA,12914.0,12751.0,36.674,34.33098,2.022,2.99,2025-08,2025-08.xlsx,25665.0
383,DIMAPUR,GUWAHATI,7369.0,6301.0,1.407,11.276299999999999,2.634,0.0,2025-08,2025-08.xlsx,13670.0
384,DIMAPUR,IMPHAL,355.0,423.0,0.0,0.0,0.0,0.0,2025-08,2025-08.xlsx,778.0
385,DIMAPUR,KOLKATA,4549.0,4076.0,19.315,40.631,4.634,1.355,2025-08,2025-08.xlsx,8625.0
386,DIU,Goa,671.0,723.0,0.0,0.0,0.0,0.0,2025-08,2025-08.xlsx,1394.0
387,DIU,MUMBAI,259.0,339.0,0.0,0.0,0.0,0.0,2025-08,2025-08.xlsx,598.0
388,DIU,SURAT,1368.0,1233.0,0.0,0.0,0.0,0.0,2025-08,2025-08.xlsx,2601.0
389,DURGAPUR,GUWAHATI,347.0,331.0,0.0,0.0,0.0,0.0,2025-08,2025-08.xlsx,678.0
390,DURGAPUR,HYDERABAD,3069.0,2700.0,6.249,3.311,0.0,0.0,2025-08,2025-08.xlsx,5769.0
391,DURGAPUR,LUCKNOW,130.0,0.0,0.0,0.0,0.0,0.0,2025-08,2025-08.xlsx,130.0
392,DURGAPUR,MUMBAI,3067.0,2555.0,1.63,0.158,0.0,0.0,2025-08,2025-08.xlsx,5622.0
393,GAYA,KOLKATA,3522.0,3597.0,0.0,0.215,0.0,0.0,2025-08,2025-08.xlsx,7119.0
394,Goa,HYDERABAD,21358.0,22189.0,11.853,0.405,0.0,0.0,2025-08,2025-08.xlsx,43547.0
395,Goa,INDORE,4259.0,4485.0,4.147,1.789,0.0,0.0,2025-08,2025-08.xlsx,8744.0
396,Goa,JAIPUR,5724.0,5788.0,0.667,34.512,0.0,0.365,2025-08,2025-08.xlsx,11512.0
397,Goa,JALGAON,1482.0,1486.0,0.0,0.0,0.0,0.0,2025-08,2025-08.xlsx,2968.0
398,Goa,Malvan,3.0,12.0,0.0,0.0,0.0,0.0,2025-08,2025-08.xlsx,15.0
399,Goa,MUMBAI,28707.0,31069.0,56.75231,39.34017,0.071,1.45096,2025-08,2025-08.xlsx,59776.0
400,Goa,NAGPUR,4142.0,4180.0,6.656,0.231,0.0,0.0,2025-08,2025-08.xlsx,8322.0
401,Goa,PUNE,13393.0,13486.0,47.50253,3.3634999999999997,0.0,0.0,2025-08,2025-08.xlsx,26879.0
402,Goa,Rajkot International Airport,2453.0,2437.0,0.0,0.0,0.0,0.0,2025-08,2025-08.xlsx,4890.0
403,Goa,Shivamogga Airport,821.0,881.0,0.0,0.0,0.0,0.0,2025-08,2025-08.xlsx,1702.0
404,Goa,SHOLAPUR,743.0,806.0,0.0,0.0,0.0,0.0,2025-08,2025-08.xlsx,1549.0
405,Goa,VADODARA,1487.0,1781.0,0.0,0.0,0.0,0.0,2025-08,2025-08.xlsx,3268.0
406,Gondia,HYDERABAD,686.0,614.0,0.0,0.181,0.0,0.0,2025-08,2025-08.xlsx,1300.0
407,GORAKHPUR,HYDERABAD,5829.0,6234.0,0.0,1.24,0.0,0.878,2025-08,2025-08.xlsx,12063.0
408,GORAKHPUR,KOLKATA,1246.0,1147.0,0.0,0.0,0.0,0.0,2025-08,2025-08.xlsx,2393.0
409,GORAKHPUR,MUMBAI,10459.0,11177.0,0.0,9.5992,0.0,1.006,2025-08,2025-08.xlsx,21636.0
410,GUWAHATI,HYDERABAD,9234.0,8309.0,10.856,25.427,1.247,3.423,2025-08,2025-08.xlsx,17543.0
411,GUWAHATI,IMPHAL,21819.0,23077.0,113.69027,25.921,2.657,2.781,2025-08,2025-08.xlsx,44896.0
412,GUWAHATI,Itanagar,168.0,175.0,0.0,0.0,0.0,0.0,2025-08,2025-08.xlsx,343.0
413,GUWAHATI,JAIPUR,5214.0,4769.0,0.781,5.451,0.0,0.246,2025-08,2025-08.xlsx,9983.0
414,GUWAHATI,KOLKATA,39834.0,37649.0,82.78219,535.06554,6.796,7.08,2025-08,2025-08.xlsx,77483.0
415,GUWAHATI,LUCKNOW,3013.0,3420.0,1.444,12.811,2.617,1.124,2025-08,2025-08.xlsx,6433.0
416,GUWAHATI,MUMBAI,16417.0,15694.0,52.282,128.80585,3.88159,10.13723,2025-08,2025-08.xlsx,32111.0
417,GUWAHATI,PATNA,5689.0,4211.0,1.5481600000000002,1.1033600000000001,0.0,0.0,2025-08,2025-08.xlsx,9900.0
418,GUWAHATI,PUNE,2819.0,2626.0,3.928,10.538,0.782,0.294,2025-08,2025-08.xlsx,5445.0
419,GUWAHATI,RUPSI,135.0,166.0,0.0,0.0,0.0,0.0,2025-08,2025-08.xlsx,301.0
420,GUWAHATI,SILCHAR,4112.0,4563.0,13.419,0.0,7.129,0.0,2025-08,2025-08.xlsx,8675.0
421,GUWAHATI,TEZU,57.0,51.0,0.0,0.0,0.0,0.0,2025-08,2025-08.xlsx,108.0
422,GUWAHATI,VIJAYAWADA,5.0,0.0,0.0,0.0,0.0,0.0,2025-08,2025-08.xlsx,5.0
423,GUWAHATI,Ziro,31.0,25.0,0.0,0.0,0.0,0.0,2025-08,2025-08.xlsx,56.0
424,GWALIOR,MUMBAI,4672.0,4978.0,0.0,0.008,0.0,0.0,2025-08,2025-08.xlsx,9650.0
425,HISSAR,Ayodhya International Airport,342.0,179.0,0.0,0.0,0.0,0.0,2025-08,2025-08.xlsx,521.0
426,HUBLI,HYDERABAD,805.0,772.0,0.08,0.004,0.353,0.0,2025-08,2025-08.xlsx,1577.0
427,HUBLI,MUMBAI,4721.0,4714.0,1.518,2.029,1.03,0.0,2025-08,2025-08.xlsx,9435.0
428,HUBLI,PUNE,849.0,835.0,0.0,0.0,0.0,0.239,2025-08,2025-08.xlsx,1684.0
429,HYDERABAD,INDORE,15742.0,15856.0,35.709,26.598,3.754,1.043,2025-08,2025-08.xlsx,31598.0
430,HYDERABAD,JABALPUR,2145.0,2145.0,0.0,0.0,0.0,0.0,2025-08,2025-08.xlsx,4290.0
431,HYDERABAD,JAGDALPUR,2099.0,1860.0,0.034,0.0,0.0,0.0,2025-08,2025-08.xlsx,3959.0
432,HYDERABAD,JAIPUR,20727.0,19539.0,48.684999999999995,248.26600000000002,4.668,1.791,2025-08,2025-08.xlsx,40266.0
433,HYDERABAD,JALGAON,1665.0,1564.0,0.0,0.0,0.0,0.0,2025-08,2025-08.xlsx,3229.0
434,HYDERABAD,JAMMU,735.0,1588.0,0.226,0.0,0.052,0.0,2025-08,2025-08.xlsx,2323.0
435,HYDERABAD,JHARSUGUDA,1977.0,2097.0,0.0,0.0,0.0,0.0,2025-08,2025-08.xlsx,4074.0
436,HYDERABAD,JODHPUR,3480.0,3186.0,0.605,0.0,0.0,0.74,2025-08,2025-08.xlsx,6666.0
437,HYDERABAD,Cuddapah,1670.0,1973.0,0.097,0.0,0.0,0.0,2025-08,2025-08.xlsx,3643.0
438,HYDERABAD,KANNUR,1793.0,1725.0,0.009,0.0,0.0,0.0,2025-08,2025-08.xlsx,3518.0
439,HYDERABAD,KANPUR,2242.0,2308.0,0.62,1.251,0.0,0.0,2025-08,2025-08.xlsx,4550.0
440,HYDERABAD,KOCHI,28651.0,28409.0,53.499,37.6145,2.959,10.102,2025-08,2025-08.xlsx,57060.0
441,HYDERABAD,KOLHAPUR,1755.0,1769.0,0.213,4.36,0.0,0.0,2025-08,2025-08.xlsx,3524.0
442,HYDERABAD,KOLKATA,44064.0,45513.0,170.515,314.65129,15.233,5.033,2025-08,2025-08.xlsx,89577.0
443,HYDERABAD,KOZHIKODE,7779.0,9000.0,1.1420000000000001,2.71,0.0,0.0,2025-08,2025-08.xlsx,16779.0
444,HYDERABAD,LUCKNOW,14185.0,14236.0,47.666000000000004,62.495000000000005,3.356,1.359,2025-08,2025-08.xlsx,28421.0
445,HYDERABAD,MADURAI,4569.0,4725.0,6.775,40.88,5.012,0.34,2025-08,2025-08.xlsx,9294.0
446,HYDERABAD,Malvan,757.0,706.0,0.0,0.0,0.0,0.0,2025-08,2025-08.xlsx,1463.0
447,HYDERABAD,MANGALORE,5167.0,5211.0,0.118,0.016,2.014,0.849,2025-08,2025-08.xlsx,10378.0
448,HYDERABAD,MUMBAI,100673.0,98070.0,630.0265006,955.327053,21.207,25.43235,2025-08,2025-08.xlsx,198743.0
449,HYDERABAD,MYSORE,1845.0,1580.0,0.067,0.0,0.0,0.0,2025-08,2025-08.xlsx,3425.0
450,HYDERABAD,NAGPUR,4049.0,4163.0,0.437,0.033,1.134,0.0,2025-08,2025-08.xlsx,8212.0
451,HYDERABAD,NANDED,606.0,634.0,0.0,0.0,0.0,0.0,2025-08,2025-08.xlsx,1240.0
452,HYDERABAD,NASIK,2077.0,1900.0,0.043,0.0,0.224,0.09,2025-08,2025-08.xlsx,3977.0
453,HYDERABAD,PATNA,20722.0,18857.0,44.014,6.576,5.989,1.826,2025-08,2025-08.xlsx,39579.0
454,HYDERABAD,PONDICHERRY,1988.0,1815.0,0.0,0.0,0.0,0.0,2025-08,2025-08.xlsx,3803.0
455,HYDERABAD,PUNE,35263.0,34857.0,38.802,74.767,4.32,3.012,2025-08,2025-08.xlsx,70120.0
456,HYDERABAD,RAIPUR,8576.0,9085.0,16.566,0.072,8.087,0.0,2025-08,2025-08.xlsx,17661.0
457,HYDERABAD,RAJAHMUNDRY,11536.0,11907.0,0.187,0.555,0.0,0.0,2025-08,2025-08.xlsx,23443.0
458,HYDERABAD,Rajkot International Airport,2243.0,2202.0,7.329,0.0,0.0,0.0,2025-08,2025-08.xlsx,4445.0
459,HYDERABAD,RANCHI,11854.0,13393.0,13.485,3.043,1.779,2.106,2025-08,2025-08.xlsx,25247.0
460,HYDERABAD,SALEM,928.0,824.0,0.001,0.0,0.0,0.0,2025-08,2025-08.xlsx,1752.0
461,HYDERABAD,SHIRDI,7900.0,8743.0,0.087,2.874,0.0,0.0,2025-08,2025-08.xlsx,16643.0
462,HYDERABAD,Shivamogga Airport,3863.0,3426.0,1.4144,0.8144899999999998,0.0,0.0,2025-08,2025-08.xlsx,7289.0
463,HYDERABAD,SRINAGAR,1788.0,1739.0,1.071,0.123,0.136,0.0,2025-08,2025-08.xlsx,3527.0
464,HYDERABAD,SURAT,5250.0,5268.0,13.364,54.689,1.34,0.772,2025-08,2025-08.xlsx,10518.0
465,HYDERABAD,TIRUCHIRAPALLY,8947.0,8114.0,6.484,0.312,6.809,0.0,2025-08,2025-08.xlsx,17061.0
466,HYDERABAD,TIRUPATI,33529.0,32827.0,8.4871,22.307,5.639,2.103,2025-08,2025-08.xlsx,66356.0
467,HYDERABAD,TRIVANDRUM,10554.0,10622.0,3.702,5.232,3.593,3.189,2025-08,2025-08.xlsx,21176.0
468,HYDERABAD,TUTICORIN,23.0,0.0,0.0,0.0,0.0,0.0,2025-08,2025-08.xlsx,23.0
469,HYDERABAD,UDAIPUR,3471.0,3648.0,1.006,0.0,0.0,0.0,2025-08,2025-08.xlsx,7119.0
470,HYDERABAD,VADODARA,3609.0,3638.0,10.797,0.0,0.691,0.0,2025-08,2025-08.xlsx,7247.0
471,HYDERABAD,VARANASI,18750.0,18952.0,3.518,43.194,1.438,0.343,2025-08,2025-08.xlsx,37702.0
472,HYDERABAD,VIJAYAWADA,14745.0,15181.0,1.507,1.669,6.807,0.719,2025-08,2025-08.xlsx,29926.0
473,HYDERABAD,VISAKHAPATNAM,42375.0,42872.0,36.869,36.814,14.146,0.0,2025-08,2025-08.xlsx,85247.0
474,HYDERABAD,Ayodhya International Airport,2118.0,2435.0,0.0,0.0,0.0,0.0,2025-08,2025-08.xlsx,4553.0
475,IMPHAL,KOLKATA,16724.0,13908.0,48.372,92.37727,12.909,3.71,2025-08,2025-08.xlsx,30632.0
476,IMPHAL,MUMBAI,228.0,194.0,21.758,0.0,0.0,0.0,2025-08,2025-08.xlsx,422.0
477,IMPHAL,SHILLONG,801.0,557.0,0.0,0.0,0.0,0.0,2025-08,2025-08.xlsx,1358.0
478,IMPHAL,SILCHAR,199.0,190.0,0.0,0.0,0.0,0.0,2025-08,2025-08.xlsx,389.0
479,INDORE,JABALPUR,1442.0,2156.0,0.0,0.0,0.0,0.0,2025-08,2025-08.xlsx,3598.0
480,INDORE,JAIPUR,2528.0,2525.0,0.044,0.105,0.188,0.0,2025-08,2025-08.xlsx,5053.0
481,INDORE,KOLKATA,5017.0,5127.0,36.235,24.885,1.915,1.059,2025-08,2025-08.xlsx,10144.0
482,INDORE,LUCKNOW,2145.0,2089.0,0.041,0.019,0.0,1.583,2025-08,2025-08.xlsx,4234.0
483,INDORE,MUMBAI,28183.0,28088.0,116.675,100.638,6.245,9.72,2025-08,2025-08.xlsx,56271.0
484,INDORE,NAGPUR,2113.0,2162.0,0.154,0.001,0.087,0.0,2025-08,2025-08.xlsx,4275.0
485,INDORE,PUNE,12372.0,12299.0,13.000000000000002,32.228,1.024,0.509,2025-08,2025-08.xlsx,24671.0
486,INDORE,RAIPUR,5953.0,5530.0,1.128,0.0,0.684,0.0,2025-08,2025-08.xlsx,11483.0
487,INDORE,VISAKHAPATNAM,115.0,168.0,0.0,0.005,0.0,0.0,2025-08,2025-08.xlsx,283.0
488,INDORE,HINDON AIRPORT,3473.0,4914.0,0.0,0.0,0.0,0.0,2025-08,2025-08.xlsx,8387.0
489,Itanagar,KOLKATA,4307.0,4289.0,0.0,0.876,0.0,0.0,2025-08,2025-08.xlsx,8596.0
490,Itanagar,TEZU,9.0,17.0,0.0,0.0,0.0,0.0,2025-08,2025-08.xlsx,26.0
491,Itanagar,Ziro,0.0,16.0,0.0,0.0,0.0,0.0,2025-08,2025-08.xlsx,16.0
492,JABALPUR,JAGDALPUR,196.0,144.0,0.0,0.0,0.0,0.0,2025-08,2025-08.xlsx,340.0
493,JABALPUR,MUMBAI,4778.0,4540.0,0.0,0.038,0.0,0.0,2025-08,2025-08.xlsx,9318.0
494,JAIPUR,KOCHI,711.0,747.0,4.84,0.318,0.0,0.0,2025-08,2025-08.xlsx,1458.0
495,JAIPUR,KOLKATA,15800.0,16227.0,120.327,76.90382,3.355,0.129,2025-08,2025-08.xlsx,32027.0
496,JAIPUR,KULLU,80.0,60.0,0.0,0.0,0.0,0.0,2025-08,2025-08.xlsx,140.0
497,JAIPUR,LUCKNOW,2023.0,2061.0,0.064,0.077,0.0,0.237,2025-08,2025-08.xlsx,4084.0
498,JAIPUR,MUMBAI,44500.0,44060.0,293.22019309999996,157.9727089,5.602,25.369249999999997,2025-08,2025-08.xlsx,88560.0
499,JAIPUR,PUNE,12204.0,12282.0,61.39864,14.47425,0.024,0.0,2025-08,2025-08.xlsx,24486.0
500,JAIPUR,SURAT,3970.0,4006.0,6.27,3.504,0.0,0.348,2025-08,2025-08.xlsx,7976.0
501,JAIPUR,UDAIPUR,2292.0,2193.0,0.025,0.034,0.0,0.0,2025-08,2025-08.xlsx,4485.0
502,JAIPUR,VARANASI,3292.0,3793.0,0.0,0.0,0.0,0.0,2025-08,2025-08.xlsx,7085.0
503,JALGAON,MUMBAI,249.0,193.0,0.0,0.0,0.0,0.0,2025-08,2025-08.xlsx,442.0
504,JALGAON,PUNE,1698.0,1857.0,0.0,0.0,0.0,0.0,2025-08,2025-08.xlsx,3555.0
505,JAMMU,KOLKATA,654.0,1102.0,0.122,0.003,0.0,0.0,2025-08,2025-08.xlsx,1756.0
506,JAMMU,LEH,1032.0,1244.0,1.317,3.975,0.0,0.0,2025-08,2025-08.xlsx,2276.0
507,JAMMU,MUMBAI,1863.0,2205.0,0.0,6.283,0.0,0.77,2025-08,2025-08.xlsx,4068.0
508,JAMMU,SRINAGAR,20265.0,19259.0,20.02039,2.624,0.0,3.177,2025-08,2025-08.xlsx,39524.0
509,JAMNAGAR,MUMBAI,4017.0,4551.0,0.2465,5.776,1.857609999999999,0.0,2025-08,2025-08.xlsx,8568.0
510,JAMNAGAR,SURAT,215.0,264.0,0.0,0.0,0.0,0.0,2025-08,2025-08.xlsx,479.0
511,JAMSHEDPUR,KOLKATA,212.0,128.0,0.0,0.0,0.0,0.0,2025-08,2025-08.xlsx,340.0
512,JEYPORE,VISAKHAPATNAM,86.0,60.0,0.0,0.0,0.0,0.0,2025-08,2025-08.xlsx,146.0
513,JHARSUGUDA,KOLKATA,1234.0,1290.0,0.0,0.005,0.0,0.0,2025-08,2025-08.xlsx,2524.0
514,JHARSUGUDA,LUCKNOW,708.0,709.0,0.0,0.0,0.0,0.0,2025-08,2025-08.xlsx,1417.0
515,JHARSUGUDA,MUMBAI,3672.0,3758.0,0.0,0.0,0.0,0.0,2025-08,2025-08.xlsx,7430.0
516,JHARSUGUDA,RAIPUR,492.0,531.0,0.0,0.0,0.0,0.0,2025-08,2025-08.xlsx,1023.0
517,JODHPUR,MUMBAI,9394.0,10041.0,0.163,2.2145,2.04344,9.96445,2025-08,2025-08.xlsx,19435.0
518,JODHPUR,PUNE,3847.0,4441.0,2.078,0.194,0.651,0.738,2025-08,2025-08.xlsx,8288.0
519,JORHAT,KOLKATA,4480.0,4855.0,1.533,12.539,0.0,0.0,2025-08,2025-08.xlsx,9335.0
520,JORHAT,TEZU,16.0,22.0,0.0,0.0,0.0,0.0,2025-08,2025-08.xlsx,38.0
521,Cuddapah,VIJAYAWADA,316.0,311.0,0.0,0.0,0.0,0.0,2025-08,2025-08.xlsx,627.0
522,KANDLA,MUMBAI,1083.0,1169.0,0.0,0.0,0.0,0.0,2025-08,2025-08.xlsx,2252.0
523,KANNUR,KOCHI,929.0,1486.0,0.078,0.002,0.0,0.0,2025-08,2025-08.xlsx,2415.0
524,KANNUR,MUMBAI,4067.0,4279.0,0.231,0.959,0.0,0.285,2025-08,2025-08.xlsx,8346.0
525,KANNUR,TRIVANDRUM,1714.0,1934.0,0.0,0.0,0.0,0.0,2025-08,2025-08.xlsx,3648.0
526,KANPUR,MUMBAI,4599.0,4428.0,1.3,4.478,0.0,3.469,2025-08,2025-08.xlsx,9027.0
527,KANPUR,VIJAYAWADA,1.0,0.0,0.0,0.0,0.0,0.0,2025-08,2025-08.xlsx,1.0
528,KHAJURAHO,DATIA AIRPORT,76.0,82.0,0.0,0.0,0.0,0.0,2025-08,2025-08.xlsx,158.0
529,KOCHI,LUCKNOW,566.0,278.0,0.088,0.452,0.0,0.472,2025-08,2025-08.xlsx,844.0
530,KOCHI,MUMBAI,52676.0,51781.0,152.046,294.10434999999995,29.628590000000003,21.5829,2025-08,2025-08.xlsx,104457.0
531,KOCHI,PATNA,0.0,220.0,0.0,0.136,0.0,0.0,2025-08,2025-08.xlsx,220.0
532,KOCHI,PUNE,8103.0,8032.0,7.299,15.586,0.0,0.043,2025-08,2025-08.xlsx,16135.0
533,KOCHI,RAIPUR,508.0,674.0,0.403,0.105,0.0,0.0,2025-08,2025-08.xlsx,1182.0
534,KOCHI,SALEM,283.0,349.0,0.0,0.0,0.0,0.0,2025-08,2025-08.xlsx,632.0
535,KOCHI,TRIVANDRUM,1649.0,1386.0,0.0,0.017,0.0,0.0,2025-08,2025-08.xlsx,3035.0
536,KOCHI,VARANASI,0.0,460.0,0.0,9.291,0.0,0.0,2025-08,2025-08.xlsx,460.0
537,KOLHAPUR,MUMBAI,1680.0,1935.0,0.0,0.0,0.0,0.0,2025-08,2025-08.xlsx,3615.0
538,KOLHAPUR,TIRUPATI,491.0,869.0,0.0,0.0,0.0,0.0,2025-08,2025-08.xlsx,1360.0
539,KOLHAPUR,VIJAYAWADA,34.0,33.0,0.0,0.0,0.0,0.0,2025-08,2025-08.xlsx,67.0
540,KOLKATA,LILABARI,186.0,151.0,0.0,0.0,0.0,0.0,2025-08,2025-08.xlsx,337.0
541,KOLKATA,LUCKNOW,6563.0,7911.0,52.913,32.837,2.456,1.486,2025-08,2025-08.xlsx,14474.0
542,KOLKATA,MUMBAI,90815.0,90205.0,703.3191300000001,1031.2530341000001,20.24005,24.999360000000003,2025-08,2025-08.xlsx,181020.0
543,KOLKATA,NAGPUR,6603.0,5351.0,8.962,25.248,0.059,4.459,2025-08,2025-08.xlsx,11954.0
544,KOLKATA,PATNA,9207.0,8696.0,25.083,9.752,28.006,5.59,2025-08,2025-08.xlsx,17903.0
545,KOLKATA,PORT BLAIR,16482.0,13475.0,166.55773,77.124,32.32743,9.198,2025-08,2025-08.xlsx,29957.0
546,KOLKATA,PUNE,20388.0,21016.0,95.2836,185.24007,3.34923,2.2009,2025-08,2025-08.xlsx,41404.0
547,KOLKATA,RAIPUR,7392.0,7669.0,27.378,0.021,3.372,0.0,2025-08,2025-08.xlsx,15061.0
548,KOLKATA,RANCHI,8203.0,8379.0,3.051,3.257,5.446,1.752,2025-08,2025-08.xlsx,16582.0
549,KOLKATA,SHILLONG,1836.0,1345.0,0.05,0.0,0.0,0.0,2025-08,2025-08.xlsx,3181.0
550,KOLKATA,SILCHAR,10505.0,10283.0,51.682,0.235,1.461,0.0,2025-08,2025-08.xlsx,20788.0
551,KOLKATA,SRINAGAR,3029.0,2702.0,1.089,7.542,0.087,0.0,2025-08,2025-08.xlsx,5731.0
552,KOLKATA,SURAT,5157.0,4831.0,23.933,65.023,0.0,0.009,2025-08,2025-08.xlsx,9988.0
553,KOLKATA,VARANASI,9041.0,9314.0,1.502,33.345,0.065,0.0,2025-08,2025-08.xlsx,18355.0
554,KOLKATA,VISAKHAPATNAM,4876.0,3837.0,1.821,15.924,0.0,0.0,2025-08,2025-08.xlsx,8713.0
555,KOLKATA,HINDON AIRPORT,8891.0,8699.0,0.0,0.0,0.0,0.0,2025-08,2025-08.xlsx,17590.0
556,KOZHIKODE,MUMBAI,7141.0,6841.0,0.002,4.7648600000000005,0.0,6.256,2025-08,2025-08.xlsx,13982.0
557,KURNOOL,VIJAYAWADA,283.0,311.0,0.0,0.0,0.0,0.0,2025-08,2025-08.xlsx,594.0
558,KURNOOL,VISAKHAPATNAM,324.0,325.0,0.0,0.0,0.0,0.0,2025-08,2025-08.xlsx,649.0
559,LEH,MUMBAI,2642.0,3222.0,0.0,2.829,0.0,0.0,2025-08,2025-08.xlsx,5864.0
560,LEH,SRINAGAR,751.0,523.0,0.0,0.256,0.0,0.0,2025-08,2025-08.xlsx,1274.0
561,LUCKNOW,MUMBAI,37374.0,38218.0,56.4415,184.1261457,5.417,26.89275,2025-08,2025-08.xlsx,75592.0
562,LUCKNOW,PATNA,4123.0,3864.0,9.284,0.72,3.517,3.205,2025-08,2025-08.xlsx,7987.0
563,LUCKNOW,PUNE,6375.0,5541.0,35.121,29.506,0.195,0.565,2025-08,2025-08.xlsx,11916.0
564,LUCKNOW,RAIPUR,2271.0,2322.0,2.016,0.002,0.394,0.0,2025-08,2025-08.xlsx,4593.0
565,LUCKNOW,RANCHI,1254.0,1205.0,0.776,0.258,1.02,0.0,2025-08,2025-08.xlsx,2459.0
566,LUCKNOW,SILCHAR,169.0,185.0,0.013,0.0,0.0,0.0,2025-08,2025-08.xlsx,354.0
567,LUCKNOW,VARANASI,644.0,1347.0,0.0,0.0,0.0,0.0,2025-08,2025-08.xlsx,1991.0
568,LUDHIANA,HINDON AIRPORT,22.0,43.0,0.0,0.0,0.0,0.0,2025-08,2025-08.xlsx,65.0
569,MADURAI,MUMBAI,13138.0,13851.0,53.5339993,24.758976699999998,2.2556499999999997,9.32734,2025-08,2025-08.xlsx,26989.0
570,MADURAI,VIJAYAWADA,72.0,0.0,0.0,0.0,0.0,0.0,2025-08,2025-08.xlsx,72.0
571,Malvan,PUNE,1072.0,1595.0,0.0,0.0,0.0,0.0,2025-08,2025-08.xlsx,2667.0
572,MANGALORE,MUMBAI,25637.0,24426.0,5.63,22.12271,32.7,2.963,2025-08,2025-08.xlsx,50063.0
573,MUMBAI,NAGPUR,31060.0,31323.0,148.057,122.85300000000001,44.918669999999985,11.44577,2025-08,2025-08.xlsx,62383.0
574,MUMBAI,PATNA,14803.0,14376.0,81.19172370000001,22.92,9.59704,2.9951799999999995,2025-08,2025-08.xlsx,29179.0
575,MUMBAI,PORBANDAR,295.0,285.0,0.0,0.0,0.0,0.0,2025-08,2025-08.xlsx,580.0
576,MUMBAI,RAIPUR,15334.0,15822.0,96.194,0.138,13.586,0.0,2025-08,2025-08.xlsx,31156.0
577,MUMBAI,RAJAHMUNDRY,3743.0,4595.0,1.132,0.408,0.0,0.0,2025-08,2025-08.xlsx,8338.0
578,MUMBAI,Rajkot International Airport,23505.0,22806.0,14.3155,2.534,10.78797,0.0,2025-08,2025-08.xlsx,46311.0
579,MUMBAI,RANCHI,9473.0,9470.0,22.934,10.21,4.262,1.018,2025-08,2025-08.xlsx,18943.0
580,MUMBAI,SRINAGAR,11809.0,14922.0,61.875600000000006,21.4545,2.5865,1.921,2025-08,2025-08.xlsx,26731.0
581,MUMBAI,SURAT,240.0,463.0,0.0,0.0,0.0,0.0,2025-08,2025-08.xlsx,703.0
582,MUMBAI,TIRUCHIRAPALLY,3942.0,3870.0,2.871,0.002,0.091,0.0,2025-08,2025-08.xlsx,7812.0
583,MUMBAI,TIRUPATI,5693.0,5028.0,0.106,0.014,0.0,0.0,2025-08,2025-08.xlsx,10721.0
584,MUMBAI,TRIVANDRUM,15357.0,15425.0,84.305,9.7035,5.742519999999995,5.601769999999998,2025-08,2025-08.xlsx,30782.0
585,MUMBAI,UDAIPUR,23975.0,23308.0,15.6675,0.803,0.0,0.0,2025-08,2025-08.xlsx,47283.0
586,MUMBAI,VADODARA,13410.0,14932.0,23.969,0.0,13.15922,0.0,2025-08,2025-08.xlsx,28342.0
587,MUMBAI,VARANASI,38369.0,39498.0,96.3901429,28.253300000000003,7.00016,0.632,2025-08,2025-08.xlsx,77867.0
588,MUMBAI,VIJAYAWADA,7042.0,8175.0,24.430999999999997,3.0955000000000004,9.69983,0.2036,2025-08,2025-08.xlsx,15217.0
589,MUMBAI,VISAKHAPATNAM,9077.0,9314.0,13.153,2.734,3.082,1.952,2025-08,2025-08.xlsx,18391.0
590,MUMBAI,Ayodhya International Airport,8770.0,9353.0,0.28900000000000003,0.0,0.0,0.0,2025-08,2025-08.xlsx,18123.0
591,MUMBAI,HINDON AIRPORT,5101.0,4218.0,0.0,0.0,0.0,0.0,2025-08,2025-08.xlsx,9319.0
592,MUMBAI,Amravati Airport,243.0,236.0,0.0,0.0,0.0,0.0,2025-08,2025-08.xlsx,479.0
593,NAGPUR,PUNE,14253.0,15463.0,8.414,67.222,8.063,2.326,2025-08,2025-08.xlsx,29716.0
594,NANDED,PUNE,972.0,902.0,0.0,0.0,0.0,0.0,2025-08,2025-08.xlsx,1874.0
595,NANDED,HINDON AIRPORT,1587.0,1369.0,0.0,0.0,0.0,0.0,2025-08,2025-08.xlsx,2956.0
596,PANTNAGAR,PITHORAGARH,36.0,43.0,0.0,0.0,0.0,0.0,2025-08,2025-08.xlsx,79.0
597,PATNA,PUNE,4802.0,4622.0,0.147,23.838,1.122,0.877,2025-08,2025-08.xlsx,9424.0
598,PATNA,RANCHI,2650.0,2503.0,0.098,2.329,1.75,0.001,2025-08,2025-08.xlsx,5153.0
599,PATNA,HINDON AIRPORT,8417.0,7862.0,0.0,0.0,0.0,0.0,2025-08,2025-08.xlsx,16279.0
600,PORBANDAR,SURAT,0.0,43.0,0.0,0.0,0.0,0.0,2025-08,2025-08.xlsx,43.0
601,PORT BLAIR,VISAKHAPATNAM,1478.0,1519.0,0.667,0.709,0.0,0.0,2025-08,2025-08.xlsx,2997.0
602,PUNE,RAIPUR,6330.0,6392.0,4.914,0.0,0.458,0.0,2025-08,2025-08.xlsx,12722.0
603,PUNE,Rajkot International Airport,2758.0,2947.0,0.008,1.046,0.0,0.0,2025-08,2025-08.xlsx,5705.0
604,PUNE,RANCHI,4611.0,4680.0,14.264,7.304,0.224,0.544,2025-08,2025-08.xlsx,9291.0
605,PUNE,SURAT,3328.0,3201.0,4.398,11.241,0.461,0.153,2025-08,2025-08.xlsx,6529.0
606,PUNE,TRIVANDRUM,2364.0,2310.0,0.562,0.183,0.125,0.0,2025-08,2025-08.xlsx,4674.0
607,PUNE,VADODARA,2304.0,2213.0,0.63,0.0,0.199,0.0,2025-08,2025-08.xlsx,4517.0
608,PUNE,VARANASI,5089.0,5060.0,4.767,0.185,0.081,0.0,2025-08,2025-08.xlsx,10149.0
609,RAIPUR,Utkela,111.0,84.0,0.0,0.0,0.0,0.0,2025-08,2025-08.xlsx,195.0
610,RAIPUR,VISAKHAPATNAM,913.0,965.0,0.0,0.0,0.0,0.0,2025-08,2025-08.xlsx,1878.0
611,RAJAHMUNDRY,TIRUCHIRAPALLY,47.0,39.0,0.0,0.0,0.0,0.0,2025-08,2025-08.xlsx,86.0
612,Shivamogga Airport,TIRUPATI,1249.0,969.0,0.0,0.0,0.0,0.0,2025-08,2025-08.xlsx,2218.0
613,SURAT,VADODARA,0.0,54.0,0.0,0.0,0.0,0.0,2025-08,2025-08.xlsx,54.0
614,TIRUPATI,VIJAYAWADA,1589.0,1370.0,0.011,0.0,2.137,0.0,2025-08,2025-08.xlsx,2959.0
615,TIRUPATI,VISAKHAPATNAM,1750.0,2012.0,0.001,0.003,0.0,0.147,2025-08,2025-08.xlsx,3762.0
616,VARANASI,VISAKHAPATNAM,316.0,463.0,0.052,0.065,0.0,0.0,2025-08,2025-08.xlsx,779.0
617,VARANASI,HINDON AIRPORT,8426.0,8638.0,0.102,0.0,0.0,0.0,2025-08,2025-08.xlsx,17064.0
618,VIJAYAWADA,VISAKHAPATNAM,4640.0,3154.0,0.019,0.394,0.0,3.524,2025-08,2025-08.xlsx,7794.0
1,ADAMPUR,MUMBAI,2717.0,3132.0,0.0,0.035,0.0,0.0,2025-09,2025-09.xlsx,5849.0
2,ADAMPUR,HINDON AIRPORT,935.0,770.0,0.0,0.0,0.0,0.0,2025-09,2025-09.xlsx,1705.0
3,AGARTALA,BENGALURU,2887.0,4436.0,1.864,9.866,0.0,0.272,2025-09,2025-09.xlsx,7323.0
4,AGARTALA,CHENNAI,467.0,780.0,0.108,3.243,0.0,0.0,2025-09,2025-09.xlsx,1247.0
5,AGARTALA,DELHI,4616.0,6305.0,2.642,45.684,1.357,1.038,2025-09,2025-09.xlsx,10921.0
6,AGARTALA,DIBRUGARH,472.0,464.0,0.047,0.071,0.0,0.0,2025-09,2025-09.xlsx,936.0
7,AGARTALA,GUWAHATI,11848.0,13739.0,1.791,45.942,1.32,1.92206,2025-09,2025-09.xlsx,25587.0
8,AGARTALA,HYDERABAD,2509.0,3092.0,0.349,2.986,0.0,0.0,2025-09,2025-09.xlsx,5601.0
9,AGARTALA,IMPHAL,1792.0,1913.0,2.263,1.909,0.007,0.0,2025-09,2025-09.xlsx,3705.0
10,AGARTALA,JAIPUR,7.0,32.0,0.0,0.0,0.0,0.0,2025-09,2025-09.xlsx,39.0
11,AGARTALA,KOLKATA,28415.0,32333.0,15.22,313.94045,2.301,2.542,2025-09,2025-09.xlsx,60748.0
12,AGATTI ISLAND,BENGALURU,544.0,537.0,0.0,0.155,0.0,0.0,2025-09,2025-09.xlsx,1081.0
13,AGATTI ISLAND,Goa,1400.0,1711.0,0.0,0.0,0.0,0.0,2025-09,2025-09.xlsx,3111.0
14,AGATTI ISLAND,KOCHI,2178.0,3041.0,0.0,0.165,0.0,0.0,2025-09,2025-09.xlsx,5219.0
15,AGATTI ISLAND,KOZHIKODE,366.0,351.0,0.0,0.0,0.0,0.0,2025-09,2025-09.xlsx,717.0
16,AGRA,AHMEDABAD,1442.0,1209.0,0.356,0.0,0.0,0.0,2025-09,2025-09.xlsx,2651.0
17,AGRA,BENGALURU,2212.0,2488.0,1.573,2.511,0.0,0.0,2025-09,2025-09.xlsx,4700.0
18,AGRA,HYDERABAD,1386.0,1734.0,1.44,4.798,0.0,0.0,2025-09,2025-09.xlsx,3120.0
19,AGRA,JAIPUR,2.0,0.0,0.0,0.0,0.0,0.0,2025-09,2025-09.xlsx,2.0
20,AGRA,JODHPUR,0.0,60.0,0.0,0.0,0.0,0.0,2025-09,2025-09.xlsx,60.0
21,AGRA,MUMBAI,1555.0,1699.0,0.044,0.847,0.0,0.0,2025-09,2025-09.xlsx,3254.0
22,AHMEDABAD,Kishangarh,1126.0,1613.0,0.159,0.0,0.0,0.0,2025-09,2025-09.xlsx,2739.0
23,AHMEDABAD,AMRITSAR,2202.0,2284.0,0.822,1.558,0.0,0.0,2025-09,2025-09.xlsx,4486.0
24,AHMEDABAD,BAGDOGRA,525.0,209.0,1.642,3.538,0.0,0.0,2025-09,2025-09.xlsx,734.0
25,AHMEDABAD,BELGAUM,660.0,788.0,0.0,0.0,0.0,0.0,2025-09,2025-09.xlsx,1448.0
26,AHMEDABAD,BENGALURU,43120.0,50326.0,455.01059999999995,341.3706,0.313,9.4179,2025-09,2025-09.xlsx,93446.0
27,AHMEDABAD,BHOPAL,2288.0,2400.0,0.247,0.001,1.238,1.035,2025-09,2025-09.xlsx,4688.0
28,AHMEDABAD,BHUBANESWAR,4649.0,4843.0,24.335,4.95,0.298,1.17,2025-09,2025-09.xlsx,9492.0
29,AHMEDABAD,CHANDIGARH,6817.0,5599.0,25.961,19.562,1.083,0.521,2025-09,2025-09.xlsx,12416.0
30,AHMEDABAD,CHENNAI,12009.0,13647.0,165.268,136.05790000000002,1.004,6.657,2025-09,2025-09.xlsx,25656.0
31,AHMEDABAD,COIMBATORE,263.0,86.0,1.376,0.142,0.0,0.01,2025-09,2025-09.xlsx,349.0
32,AHMEDABAD,DABOLIM,7143.0,8132.0,9.468,5.658,0.0,0.19,2025-09,2025-09.xlsx,15275.0
33,AHMEDABAD,DehraDun,4131.0,4030.0,4.504,0.048,0.085,0.171,2025-09,2025-09.xlsx,8161.0
34,AHMEDABAD,DELHI,91111.0,98981.0,1946.3369465,1747.1693802,9.301499999999997,15.855189999999997,2025-09,2025-09.xlsx,190092.0
35,AHMEDABAD,DIMAPUR,189.0,65.0,0.012,3.631,0.033,0.0,2025-09,2025-09.xlsx,254.0
36,AHMEDABAD,DIU,2137.0,2063.0,0.076,0.0,0.0,0.0,2025-09,2025-09.xlsx,4200.0
37,AHMEDABAD,DURGAPUR,247.0,150.0,0.039,1.279,0.0,0.0,2025-09,2025-09.xlsx,397.0
38,AHMEDABAD,Goa,11896.0,12812.0,45.833,3.4766399999999997,0.025,0.0,2025-09,2025-09.xlsx,24708.0
39,AHMEDABAD,GUWAHATI,3953.0,3790.0,33.127,10.918,0.113,0.51,2025-09,2025-09.xlsx,7743.0
40,AHMEDABAD,HYDERABAD,20015.0,23377.0,167.42000000000002,103.486,0.193,3.879,2025-09,2025-09.xlsx,43392.0
41,AHMEDABAD,INDORE,3805.0,4188.0,0.146,0.069,0.856,0.922,2025-09,2025-09.xlsx,7993.0
42,AHMEDABAD,JAIPUR,6265.0,6343.0,1.1,4.893,0.855,0.0,2025-09,2025-09.xlsx,12608.0
43,AHMEDABAD,JALGAON,21.0,19.0,0.0,0.0,0.0,0.0,2025-09,2025-09.xlsx,40.0
44,AHMEDABAD,JAMMU,2512.0,1738.0,4.395,0.0,0.0,0.0,2025-09,2025-09.xlsx,4250.0
45,AHMEDABAD,JAMNAGAR,635.0,682.0,0.0,0.0,0.0,0.0,2025-09,2025-09.xlsx,1317.0
46,AHMEDABAD,JODHPUR,1333.0,1389.0,0.005,0.007,0.214,0.0,2025-09,2025-09.xlsx,2722.0
47,AHMEDABAD,KOCHI,5349.0,6680.0,35.649,12.491,1.067,2.17,2025-09,2025-09.xlsx,12029.0
48,AHMEDABAD,KOLKATA,19394.0,18930.0,217.58599999999998,129.34825999999998,0.325,4.077,2025-09,2025-09.xlsx,38324.0
49,AHMEDABAD,LUCKNOW,8788.0,8014.0,51.421,18.049,3.55,2.519,2025-09,2025-09.xlsx,16802.0
50,AHMEDABAD,MUMBAI,77727.0,82045.0,1046.28164,772.18679,14.883600000000001,36.04968,2025-09,2025-09.xlsx,159772.0
51,AHMEDABAD,NAGPUR,3131.0,3523.0,0.172,0.059,0.848,2.801,2025-09,2025-09.xlsx,6654.0
52,AHMEDABAD,NANDED,549.0,432.0,0.0,0.0,0.0,0.0,2025-09,2025-09.xlsx,981.0
53,AHMEDABAD,NASIK,1951.0,2104.0,0.005,0.0,0.0,0.0,2025-09,2025-09.xlsx,4055.0
54,AHMEDABAD,PATNA,4997.0,4421.0,45.123,1.963,1.963,2.173,2025-09,2025-09.xlsx,9418.0
55,AHMEDABAD,PUNE,25082.0,26519.0,135.56996,153.20907,2.8899999999999997,1.5450000000000002,2025-09,2025-09.xlsx,51601.0
56,AHMEDABAD,RAIPUR,4236.0,4768.0,27.339,0.906,0.14,0.0,2025-09,2025-09.xlsx,9004.0
57,AHMEDABAD,Rajkot International Airport,0.0,208.0,0.0,0.0,0.0,0.0,2025-09,2025-09.xlsx,208.0
58,AHMEDABAD,RANCHI,4063.0,4755.0,15.363,0.676,0.144,0.689,2025-09,2025-09.xlsx,8818.0
59,AHMEDABAD,SRINAGAR,61.0,0.0,0.0,0.0,0.0,0.0,2025-09,2025-09.xlsx,61.0
60,AHMEDABAD,TRIVANDRUM,301.0,717.0,0.853,0.0,0.0,0.0,2025-09,2025-09.xlsx,1018.0
61,AHMEDABAD,VARANASI,4030.0,4258.0,5.575,5.328,0.0,0.0,2025-09,2025-09.xlsx,8288.0
62,AHMEDABAD,VISAKHAPATNAM,126.0,220.0,0.792,0.295,0.0,0.0,2025-09,2025-09.xlsx,346.0
63,AHMEDABAD,Ayodhya International Airport,2238.0,1764.0,0.0,0.0,0.0,0.0,2025-09,2025-09.xlsx,4002.0
64,AHMEDABAD,HINDON AIRPORT,3967.0,3961.0,0.0,0.0,0.0,0.0,2025-09,2025-09.xlsx,7928.0
65,AHMEDABAD,Purnia Airport,559.0,519.0,0.0,0.0,0.0,0.0,2025-09,2025-09.xlsx,1078.0
66,AIZAWL,BENGALURU,212.0,200.0,4.717,3.267,0.0,0.0,2025-09,2025-09.xlsx,412.0
67,AIZAWL,DELHI,4500.0,4512.0,13.49,27.546,0.017,0.989,2025-09,2025-09.xlsx,9012.0
68,AIZAWL,GUWAHATI,5359.0,5517.0,1.139,13.743,2.606,3.465,2025-09,2025-09.xlsx,10876.0
69,AIZAWL,IMPHAL,408.0,379.0,0.0,0.0,0.0,0.0,2025-09,2025-09.xlsx,787.0
70,AIZAWL,KOLKATA,4805.0,4622.0,6.622,12.606,11.305,9.458,2025-09,2025-09.xlsx,9427.0
71,AIZAWL,SHILLONG,258.0,333.0,0.0,0.0,0.0,0.0,2025-09,2025-09.xlsx,591.0
72,Kishangarh,LUCKNOW,812.0,458.0,0.0,0.0,0.0,0.0,2025-09,2025-09.xlsx,1270.0
73,Kishangarh,NAGPUR,975.0,1120.0,0.0,0.0,0.0,0.0,2025-09,2025-09.xlsx,2095.0
74,Kishangarh,PUNE,1097.0,1522.0,0.0,0.0,0.0,0.0,2025-09,2025-09.xlsx,2619.0
75,Kishangarh,HINDON AIRPORT,855.0,439.0,0.0,0.0,0.0,0.0,2025-09,2025-09.xlsx,1294.0
76,PRAYAGRAJ,BENGALURU,2041.0,2725.0,0.004,0.325,1.943,1.18,2025-09,2025-09.xlsx,4766.0
77,PRAYAGRAJ,BHUBANESWAR,785.0,900.0,0.0,0.0,0.0,0.0,2025-09,2025-09.xlsx,1685.0
78,PRAYAGRAJ,BILASPUR,181.0,214.0,0.0,0.0,0.0,0.0,2025-09,2025-09.xlsx,395.0
79,PRAYAGRAJ,DELHI,4296.0,4620.0,0.132,1.34,0.0,18.2,2025-09,2025-09.xlsx,8916.0
80,PRAYAGRAJ,HYDERABAD,1416.0,1943.0,0.0,0.359,0.251,0.0,2025-09,2025-09.xlsx,3359.0
81,PRAYAGRAJ,INDORE,59.0,61.0,0.0,0.0,0.0,0.0,2025-09,2025-09.xlsx,120.0
82,PRAYAGRAJ,MUMBAI,7622.0,8633.0,0.004,1.146,0.632,7.483,2025-09,2025-09.xlsx,16255.0
83,PRAYAGRAJ,RAIPUR,301.0,403.0,0.006,0.0,0.0,0.0,2025-09,2025-09.xlsx,704.0
84,AMRITSAR,BENGALURU,3296.0,4116.0,5.463,4.736,0.0,3.593,2025-09,2025-09.xlsx,7412.0
85,AMRITSAR,DELHI,35878.0,39074.0,94.0615,40.2244992,0.0,0.002,2025-09,2025-09.xlsx,74952.0
86,AMRITSAR,GUWAHATI,164.0,35.0,0.0,0.0,0.0,0.003,2025-09,2025-09.xlsx,199.0
87,AMRITSAR,HYDERABAD,1980.0,2587.0,13.801,0.378,0.0,0.111,2025-09,2025-09.xlsx,4567.0
88,AMRITSAR,INDORE,87.0,0.0,0.0,0.0,0.0,0.0,2025-09,2025-09.xlsx,87.0
89,AMRITSAR,KOCHI,314.0,423.0,0.012,0.793,0.0,0.0,2025-09,2025-09.xlsx,737.0
90,AMRITSAR,KOLKATA,1292.0,1324.0,1.699,0.414,0.0,0.0,2025-09,2025-09.xlsx,2616.0
91,AMRITSAR,KULLU,57.0,41.0,0.0,0.0,0.0,0.0,2025-09,2025-09.xlsx,98.0
92,AMRITSAR,MUMBAI,9116.0,10424.0,14.0045,36.0880008,0.0,1.6462499999999998,2025-09,2025-09.xlsx,19540.0
93,AMRITSAR,PUNE,2828.0,3142.0,1.155,1.485,0.0,0.053,2025-09,2025-09.xlsx,5970.0
94,AMRITSAR,SIMLA,38.0,19.0,0.0,0.0,0.0,0.0,2025-09,2025-09.xlsx,57.0
95,AMRITSAR,SRINAGAR,4189.0,4159.0,13.49,0.92,0.0,2.997,2025-09,2025-09.xlsx,8348.0
96,AURANGABAD,BENGALURU,2055.0,2023.0,0.0,0.608,0.0,1.251,2025-09,2025-09.xlsx,4078.0
97,AURANGABAD,COIMBATORE,26.0,15.0,0.0,0.0,0.0,0.0,2025-09,2025-09.xlsx,41.0
98,AURANGABAD,DABOLIM,785.0,528.0,0.0,0.004,0.0,0.0,2025-09,2025-09.xlsx,1313.0
99,AURANGABAD,DELHI,8663.0,8940.0,0.0,127.79050000000001,0.131,5.699,2025-09,2025-09.xlsx,17603.0
100,AURANGABAD,HYDERABAD,1961.0,2033.0,0.0,0.092,0.0,0.058,2025-09,2025-09.xlsx,3994.0
101,AURANGABAD,MUMBAI,9948.0,9689.0,0.0,14.648,0.119,19.549,2025-09,2025-09.xlsx,19637.0
102,AURANGABAD,NAGPUR,0.0,156.0,0.0,0.0,0.0,0.0,2025-09,2025-09.xlsx,156.0
103,BAGDOGRA,BENGALURU,25112.0,24337.0,89.42406,191.66413,0.0,6.9643999999999995,2025-09,2025-09.xlsx,49449.0
104,BAGDOGRA,BHUBANESWAR,585.0,534.0,0.0,0.0,0.0,0.0,2025-09,2025-09.xlsx,1119.0
105,BAGDOGRA,CHENNAI,6226.0,9489.0,15.16,13.566,0.87,0.577,2025-09,2025-09.xlsx,15715.0
106,BAGDOGRA,DELHI,35864.0,41881.0,216.37352,349.623695,0.319,8.023,2025-09,2025-09.xlsx,77745.0
107,BAGDOGRA,DIBRUGARH,3034.0,3152.0,0.0,0.0,0.0,0.0,2025-09,2025-09.xlsx,6186.0
108,BAGDOGRA,DURGAPUR,373.0,312.0,0.0,0.0,0.0,0.0,2025-09,2025-09.xlsx,685.0
109,BAGDOGRA,GUWAHATI,1017.0,4013.0,2.6725600000000003,26.94587,0.0,0.29931,2025-09,2025-09.xlsx,5030.0
110,BAGDOGRA,HYDERABAD,11800.0,14639.0,23.129,11.263,0.972,0.0,2025-09,2025-09.xlsx,26439.0
111,BAGDOGRA,JAIPUR,5.0,0.0,0.0,0.0,0.0,0.0,2025-09,2025-09.xlsx,5.0
112,BAGDOGRA,KOLKATA,18369.0,22501.0,57.7975,59.462990000000005,7.709,7.224,2025-09,2025-09.xlsx,40870.0
113,BAGDOGRA,MUMBAI,14036.0,14920.0,35.305,100.30711,1.328,1.5466,2025-09,2025-09.xlsx,28956.0
114,BAGDOGRA,PATNA,59.0,55.0,0.0,0.0,0.0,0.0,2025-09,2025-09.xlsx,114.0
115,BAGDOGRA,PUNE,0.0,12.0,0.0,0.0,0.0,0.0,2025-09,2025-09.xlsx,12.0
116,BAREILLY,BENGALURU,1779.0,2195.0,0.0,0.354,0.0,0.0,2025-09,2025-09.xlsx,3974.0
117,BAREILLY,MUMBAI,2395.0,2735.0,0.0,0.063,0.0,0.0,2025-09,2025-09.xlsx,5130.0
118,BELGAUM,BENGALURU,2619.0,3000.0,0.044,0.19,0.0,0.0,2025-09,2025-09.xlsx,5619.0
119,BELGAUM,DELHI,2712.0,2110.0,0.025,0.784,0.0,0.0,2025-09,2025-09.xlsx,4822.0
120,BELGAUM,HYDERABAD,2061.0,1994.0,0.109,0.044,0.0,0.0,2025-09,2025-09.xlsx,4055.0
121,BELGAUM,JAIPUR,759.0,602.0,0.0,0.0,0.0,0.0,2025-09,2025-09.xlsx,1361.0
122,BELGAUM,MUMBAI,1670.0,1679.0,0.0,0.0,0.0,0.0,2025-09,2025-09.xlsx,3349.0
123,BENGALURU,BHOPAL,10031.0,8218.0,24.607,10.617,12.078,2.124,2025-09,2025-09.xlsx,18249.0
124,BENGALURU,BHUBANESWAR,32213.0,27898.0,178.82632999999998,45.514700000000005,13.65906,0.542,2025-09,2025-09.xlsx,60111.0
125,BENGALURU,BIDAR,1429.0,1378.0,0.0,0.0,0.0,0.0,2025-09,2025-09.xlsx,2807.0
126,BENGALURU,CHANDIGARH,21431.0,17275.0,91.062,90.5,10.913,0.0,2025-09,2025-09.xlsx,38706.0
127,BENGALURU,CHENNAI,69564.0,66653.0,533.8848655,491.64850000000007,18.48349,29.741419999999998,2025-09,2025-09.xlsx,136217.0
128,BENGALURU,COIMBATORE,17449.0,17448.0,41.836,37.897,2.606,2.476,2025-09,2025-09.xlsx,34897.0
129,BENGALURU,DABOLIM,33547.0,32286.0,57.199999999999996,31.168,0.799,0.89,2025-09,2025-09.xlsx,65833.0
130,BENGALURU,DARBHANGA,1339.0,554.0,0.188,1.72794,0.0,0.0,2025-09,2025-09.xlsx,1893.0
131,BENGALURU,DehraDun,8689.0,7287.0,16.163,2.382,4.86,0.821,2025-09,2025-09.xlsx,15976.0
132,BENGALURU,DELHI,195924.0,167605.0,4076.0166365999994,4212.7489205,22.5203,33.0346,2025-09,2025-09.xlsx,363529.0
133,BENGALURU,Deoghar,4822.0,3583.0,0.005,0.0,0.0,0.0,2025-09,2025-09.xlsx,8405.0
134,BENGALURU,DIBRUGARH,247.0,256.0,1.196,0.096,0.0,0.0,2025-09,2025-09.xlsx,503.0
135,BENGALURU,DURGAPUR,3929.0,2451.0,5.832,7.801,0.0,0.0,2025-09,2025-09.xlsx,6380.0
136,BENGALURU,Goa,26302.0,24023.0,15.243,128.205,0.0,0.042,2025-09,2025-09.xlsx,50325.0
137,BENGALURU,GORAKHPUR,10552.0,10308.0,36.77576,37.41766,1.177,0.0,2025-09,2025-09.xlsx,20860.0
138,BENGALURU,GUWAHATI,31841.0,25319.0,262.36734,38.72865,14.05672,3.55925,2025-09,2025-09.xlsx,57160.0
139,BENGALURU,GWALIOR,3445.0,2437.0,0.0,0.0,0.0,0.0,2025-09,2025-09.xlsx,5882.0
140,BENGALURU,HUBLI,3776.0,3665.0,1.033,0.673,0.114,1.173,2025-09,2025-09.xlsx,7441.0
141,BENGALURU,HYDERABAD,93294.0,86999.0,598.7982063000001,207.533588,30.198,17.6082,2025-09,2025-09.xlsx,180293.0
142,BENGALURU,IMPHAL,353.0,375.0,4.492,29.411,0.0,0.0,2025-09,2025-09.xlsx,728.0
143,BENGALURU,INDORE,20895.0,18436.0,100.77900000000001,68.394,5.331,1.471,2025-09,2025-09.xlsx,39331.0
144,BENGALURU,JABALPUR,4559.0,3607.0,0.541,0.0,0.0,0.0,2025-09,2025-09.xlsx,8166.0
145,BENGALURU,JAIPUR,26324.0,21790.0,200.583,287.486,14.622,2.096,2025-09,2025-09.xlsx,48114.0
146,BENGALURU,JAMMU,2155.0,1877.0,2.3,0.0,0.091,0.0,2025-09,2025-09.xlsx,4032.0
147,BENGALURU,JHARSUGUDA,4032.0,3576.0,0.107,0.0,0.0,0.0,2025-09,2025-09.xlsx,7608.0
148,BENGALURU,JODHPUR,5134.0,4760.0,4.687,0.056,3.828,1.635,2025-09,2025-09.xlsx,9894.0
149,BENGALURU,KALABURAGI,1187.0,992.0,0.0,0.0,0.0,0.0,2025-09,2025-09.xlsx,2179.0
150,BENGALURU,KANNUR,5772.0,5222.0,0.316,0.195,0.5,0.0,2025-09,2025-09.xlsx,10994.0
151,BENGALURU,KANPUR,1928.0,1683.0,0.645,0.458,0.0,0.0,2025-09,2025-09.xlsx,3611.0
152,BENGALURU,KOCHI,59068.0,58368.0,221.96118,70.08736,24.332,9.563,2025-09,2025-09.xlsx,117436.0
153,BENGALURU,KOLHAPUR,1911.0,1836.0,0.861,1.227,0.0,0.0,2025-09,2025-09.xlsx,3747.0
154,BENGALURU,KOLKATA,93740.0,79408.0,844.25157,705.7009800000001,26.338900000000002,7.25741,2025-09,2025-09.xlsx,173148.0
155,BENGALURU,KOZHIKODE,15486.0,14891.0,7.604,0.138,2.193,0.0,2025-09,2025-09.xlsx,30377.0
156,BENGALURU,KURNOOL,154.0,164.0,0.08,0.0,0.0,0.0,2025-09,2025-09.xlsx,318.0
157,BENGALURU,LUCKNOW,34979.0,29284.0,269.6948,38.898999999999994,21.266,4.386,2025-09,2025-09.xlsx,64263.0
158,BENGALURU,MADURAI,8294.0,8068.0,0.528,2.791,4.07,1.198,2025-09,2025-09.xlsx,16362.0
159,BENGALURU,Malvan,820.0,796.0,0.0,0.0,0.0,0.0,2025-09,2025-09.xlsx,1616.0
160,BENGALURU,MANGALORE,31678.0,32226.0,13.261,17.936,0.515,192.419,2025-09,2025-09.xlsx,63904.0
161,BENGALURU,MUMBAI,170427.0,158583.0,1643.2765577,1585.283544,12.1929,32.962089999999996,2025-09,2025-09.xlsx,329010.0
162,BENGALURU,NAGPUR,15408.0,14661.0,70.906,28.983,6.996,4.592,2025-09,2025-09.xlsx,30069.0
163,BENGALURU,NANDED,931.0,649.0,0.0,0.0,0.0,0.0,2025-09,2025-09.xlsx,1580.0
164,BENGALURU,NASIK,4154.0,4182.0,0.332,0.861,0.386,0.17,2025-09,2025-09.xlsx,8336.0
165,BENGALURU,PATNA,25855.0,18674.0,161.39182,13.074,25.96,3.975,2025-09,2025-09.xlsx,44529.0
166,BENGALURU,PONDICHERRY,2021.0,1984.0,0.267,0.0,0.0,0.0,2025-09,2025-09.xlsx,4005.0
167,BENGALURU,PORT BLAIR,8917.0,7876.0,66.676,18.497,1.865,0.0,2025-09,2025-09.xlsx,16793.0
168,BENGALURU,PUNE,76247.0,72684.0,575.1792899999999,301.507,12.54063,3.179,2025-09,2025-09.xlsx,148931.0
169,BENGALURU,RAIPUR,9566.0,8864.0,42.043,0.126,8.103,0.0,2025-09,2025-09.xlsx,18430.0
170,BENGALURU,RAJAHMUNDRY,3773.0,3381.0,0.288,0.47,0.0,0.0,2025-09,2025-09.xlsx,7154.0
171,BENGALURU,Rajkot International Airport,4535.0,3477.0,7.584,5.505,1.669,0.0,2025-09,2025-09.xlsx,8012.0
172,BENGALURU,RANCHI,19162.0,15300.0,415.39599999999996,36.888400000000004,8.503,1.977,2025-09,2025-09.xlsx,34462.0
173,BENGALURU,SALEM,1501.0,1657.0,0.187,0.0,0.0,0.0,2025-09,2025-09.xlsx,3158.0
174,BENGALURU,SHIRDI,5377.0,5053.0,3.901,0.026,0.0,0.0,2025-09,2025-09.xlsx,10430.0
175,BENGALURU,Shivamogga Airport,1124.0,931.0,0.494,0.0,0.0,0.0,2025-09,2025-09.xlsx,2055.0
176,BENGALURU,SRINAGAR,1662.0,1778.0,3.722,9.365,1.966,0.029,2025-09,2025-09.xlsx,3440.0
177,BENGALURU,SURAT,12468.0,11151.0,29.065,91.132,1.789,1.567,2025-09,2025-09.xlsx,23619.0
178,BENGALURU,TIRUCHIRAPALLY,10744.0,10899.0,0.959,0.078,2.527,0.0,2025-09,2025-09.xlsx,21643.0
179,BENGALURU,TIRUPATI,3118.0,3126.0,0.333,0.001,0.968,0.0,2025-09,2025-09.xlsx,6244.0
180,BENGALURU,TRIVANDRUM,28333.0,28477.0,29.603,3.49,10.675,4.794,2025-09,2025-09.xlsx,56810.0
181,BENGALURU,TUTICORIN,2002.0,1915.0,0.264,0.03,0.0,0.0,2025-09,2025-09.xlsx,3917.0
182,BENGALURU,UDAIPUR,4389.0,3963.0,4.396,0.116,0.0,0.0,2025-09,2025-09.xlsx,8352.0
183,BENGALURU,VADODARA,3946.0,3096.0,8.461,0.0,6.231,0.0,2025-09,2025-09.xlsx,7042.0
184,BENGALURU,VARANASI,31443.0,26764.0,52.59566,131.86223999999999,5.9632,0.31,2025-09,2025-09.xlsx,58207.0
185,BENGALURU,VIJAYAWADA,10836.0,10370.0,2.4539999999999997,0.088,3.573,0.309,2025-09,2025-09.xlsx,21206.0
186,BENGALURU,VISAKHAPATNAM,18212.0,17918.0,100.675,14.129,6.695,1.005,2025-09,2025-09.xlsx,36130.0
187,BENGALURU,Ayodhya International Airport,4630.0,4244.0,0.028,0.0,0.0,0.0,2025-09,2025-09.xlsx,8874.0
188,BENGALURU,HINDON AIRPORT,19225.0,16870.0,0.015,0.0,0.0,0.0,2025-09,2025-09.xlsx,36095.0
189,BHATINDA,DELHI,478.0,456.0,0.0,0.0,0.0,0.0,2025-09,2025-09.xlsx,934.0
190,BHATINDA,HINDON AIRPORT,9.0,17.0,0.0,0.0,0.0,0.0,2025-09,2025-09.xlsx,26.0
191,BHOPAL,DELHI,19492.0,19634.0,18.729,131.6865,17.145850000000006,24.028099999999995,2025-09,2025-09.xlsx,39126.0
192,BHOPAL,HYDERABAD,2116.0,2091.0,0.069,0.016,0.415,1.445,2025-09,2025-09.xlsx,4207.0
193,BHOPAL,INDORE,0.0,8.0,0.0,0.0,0.0,0.0,2025-09,2025-09.xlsx,8.0
194,BHOPAL,MUMBAI,13576.0,13523.0,24.3915,54.102000000000004,5.21957,28.05622,2025-09,2025-09.xlsx,27099.0
195,BHOPAL,PUNE,2898.0,3229.0,0.0,3.995,0.0,0.476,2025-09,2025-09.xlsx,6127.0
196,BHOPAL,RAIPUR,1326.0,1201.0,0.0,0.0,0.82,0.0,2025-09,2025-09.xlsx,2527.0
197,BHOPAL,REWA,139.0,116.0,0.0,0.0,0.0,0.0,2025-09,2025-09.xlsx,255.0
198,BHOPAL,DATIA AIRPORT,23.0,56.0,0.0,0.0,0.0,0.0,2025-09,2025-09.xlsx,79.0
199,BHUBANESWAR,CHANDIGARH,394.0,292.0,0.111,2.748,0.0,0.0,2025-09,2025-09.xlsx,686.0
200,BHUBANESWAR,CHENNAI,7727.0,9529.0,1.274,31.463,2.164,7.085,2025-09,2025-09.xlsx,17256.0
201,BHUBANESWAR,DABOLIM,2003.0,1886.0,0.697,0.094,0.0,0.026,2025-09,2025-09.xlsx,3889.0
202,BHUBANESWAR,DehraDun,1635.0,1658.0,0.0,0.0,0.0,0.0,2025-09,2025-09.xlsx,3293.0
203,BHUBANESWAR,DELHI,43683.0,44381.0,61.82878000000001,769.8780555000001,9.40608,22.669160000000005,2025-09,2025-09.xlsx,88064.0
204,BHUBANESWAR,DURGAPUR,793.0,427.0,0.006,0.0,0.0,0.0,2025-09,2025-09.xlsx,1220.0
205,BHUBANESWAR,GUWAHATI,3440.0,3209.0,0.273,2.844,0.0,0.551,2025-09,2025-09.xlsx,6649.0
206,BHUBANESWAR,HYDERABAD,19126.0,22059.0,8.59572,52.2264,0.916,5.123,2025-09,2025-09.xlsx,41185.0
207,BHUBANESWAR,INDORE,2595.0,2795.0,0.029,0.39,0.0,0.0,2025-09,2025-09.xlsx,5390.0
208,BHUBANESWAR,JAIPUR,2659.0,2261.0,0.0,43.71782,0.0,0.0,2025-09,2025-09.xlsx,4920.0
209,BHUBANESWAR,JAMSHEDPUR,177.0,166.0,0.0,0.0,0.0,0.0,2025-09,2025-09.xlsx,343.0
210,BHUBANESWAR,JEYPORE,493.0,496.0,0.0,0.0,0.0,0.0,2025-09,2025-09.xlsx,989.0
211,BHUBANESWAR,JHARSUGUDA,1667.0,1495.0,0.0,0.0,0.0,0.0,2025-09,2025-09.xlsx,3162.0
212,BHUBANESWAR,KOCHI,607.0,90.0,0.048,0.019,0.0,0.0,2025-09,2025-09.xlsx,697.0
213,BHUBANESWAR,KOLKATA,13821.0,13181.0,15.659,11.172,0.0,13.666,2025-09,2025-09.xlsx,27002.0
214,BHUBANESWAR,LUCKNOW,1293.0,924.0,0.103,0.761,0.0,0.382,2025-09,2025-09.xlsx,2217.0
215,BHUBANESWAR,MUMBAI,21751.0,22681.0,16.306,76.061,4.552,10.298,2025-09,2025-09.xlsx,44432.0
216,BHUBANESWAR,PATNA,2685.0,2572.0,0.287,0.025,0.429,0.931,2025-09,2025-09.xlsx,5257.0
217,BHUBANESWAR,PORT BLAIR,3363.0,2750.0,3.933,0.162,0.0,0.0,2025-09,2025-09.xlsx,6113.0
218,BHUBANESWAR,PUNE,4576.0,4556.0,0.322,34.936,0.0,0.0,2025-09,2025-09.xlsx,9132.0
219,BHUBANESWAR,RAIPUR,2225.0,2105.0,0.338,0.0,0.0,0.0,2025-09,2025-09.xlsx,4330.0
220,BHUBANESWAR,RANCHI,1871.0,1712.0,0.763,0.003,0.0,0.434,2025-09,2025-09.xlsx,3583.0
221,BHUBANESWAR,Utkela,152.0,192.0,0.0,0.0,0.0,0.0,2025-09,2025-09.xlsx,344.0
222,BHUBANESWAR,VARANASI,1190.0,1246.0,0.0,0.0,0.0,0.0,2025-09,2025-09.xlsx,2436.0
223,BHUBANESWAR,VIJAYAWADA,9.0,0.0,0.0,0.0,0.0,0.0,2025-09,2025-09.xlsx,9.0
224,BHUBANESWAR,VISAKHAPATNAM,1803.0,2350.0,0.0,0.005,0.0,0.0,2025-09,2025-09.xlsx,4153.0
225,BHUBANESWAR,HINDON AIRPORT,2151.0,2461.0,0.0,0.0,0.0,0.0,2025-09,2025-09.xlsx,4612.0
226,BHUJ,DELHI,3678.0,4001.0,0.0,0.1415,0.0,0.0,2025-09,2025-09.xlsx,7679.0
227,BHUJ,MUMBAI,4247.0,4250.0,0.0,0.093,0.0,0.0,2025-09,2025-09.xlsx,8497.0
228,BHUJ,SURAT,832.0,780.0,0.0,0.0,0.0,0.0,2025-09,2025-09.xlsx,1612.0
229,BIKANER,DELHI,1893.0,2052.0,0.0,0.188,0.0,0.0,2025-09,2025-09.xlsx,3945.0
230,BIKANER,JAIPUR,199.0,185.0,0.0,0.0,0.0,0.0,2025-09,2025-09.xlsx,384.0
231,BILASPUR,DELHI,521.0,405.0,0.0,0.0,0.0,0.0,2025-09,2025-09.xlsx,926.0
232,BILASPUR,JABALPUR,336.0,222.0,0.0,0.0,0.0,0.0,2025-09,2025-09.xlsx,558.0
233,BILASPUR,JAGDALPUR,70.0,165.0,0.0,0.0,0.0,0.0,2025-09,2025-09.xlsx,235.0
234,BILASPUR,KOLKATA,356.0,262.0,0.0,0.0,0.0,0.0,2025-09,2025-09.xlsx,618.0
235,CHANDIGARH,CHENNAI,2807.0,3965.0,34.612,28.525,0.0,1.4,2025-09,2025-09.xlsx,6772.0
236,CHANDIGARH,DABOLIM,6361.0,6789.0,11.223,22.205,0.0,0.03,2025-09,2025-09.xlsx,13150.0
237,CHANDIGARH,DELHI,29890.0,31058.0,100.3705,72.4730558,10.732,17.17493,2025-09,2025-09.xlsx,60948.0
238,CHANDIGARH,DHARAMSALA,1075.0,924.0,0.0,0.0,0.0,0.0,2025-09,2025-09.xlsx,1999.0
239,CHANDIGARH,GUWAHATI,700.0,800.0,9.354,0.799,0.0,0.196,2025-09,2025-09.xlsx,1500.0
240,CHANDIGARH,HISSAR,42.0,56.0,0.0,0.0,0.0,0.0,2025-09,2025-09.xlsx,98.0
241,CHANDIGARH,HYDERABAD,8756.0,9603.0,113.165,53.61,0.555,1.928,2025-09,2025-09.xlsx,18359.0
242,CHANDIGARH,INDORE,1722.0,1551.0,11.008,2.443,0.394,0.216,2025-09,2025-09.xlsx,3273.0
243,CHANDIGARH,JAIPUR,3874.0,4091.0,0.001,0.03,0.0,0.0,2025-09,2025-09.xlsx,7965.0
244,CHANDIGARH,JAMMU,878.0,967.0,0.0,0.0,1.375,0.0,2025-09,2025-09.xlsx,1845.0
245,CHANDIGARH,KOLKATA,12095.0,12124.0,51.063621499999996,91.74882810000001,0.8680000000000001,0.7237800000000001,2025-09,2025-09.xlsx,24219.0
246,CHANDIGARH,LEH,527.0,1047.0,0.241,1.625,0.0,0.0,2025-09,2025-09.xlsx,1574.0
247,CHANDIGARH,LUCKNOW,2851.0,3642.0,4.107,0.078,0.0,3.473,2025-09,2025-09.xlsx,6493.0
248,CHANDIGARH,MUMBAI,22186.0,24655.0,123.3505,194.2269615,2.678,5.7051300000000005,2025-09,2025-09.xlsx,46841.0
249,CHANDIGARH,PATNA,2179.0,1906.0,4.586,0.022,0.026,0.765,2025-09,2025-09.xlsx,4085.0
250,CHANDIGARH,PUNE,5029.0,5545.0,32.689,40.464,0.0,0.0,2025-09,2025-09.xlsx,10574.0
251,CHANDIGARH,SILCHAR,0.0,5.0,0.0,0.0,0.0,0.0,2025-09,2025-09.xlsx,5.0
252,CHANDIGARH,SRINAGAR,9750.0,9036.0,11.073,3.889,4.477,0.74,2025-09,2025-09.xlsx,18786.0
253,CHANDIGARH,UDAIPUR,0.0,173.0,0.0,0.0,0.0,0.0,2025-09,2025-09.xlsx,173.0
254,CHENNAI,COIMBATORE,34025.0,34110.0,32.604,114.222,3.296,13.73,2025-09,2025-09.xlsx,68135.0
255,CHENNAI,DABOLIM,3633.0,3698.0,3.337,1.535,0.553,0.289,2025-09,2025-09.xlsx,7331.0
256,CHENNAI,DehraDun,653.0,705.0,0.968,3.958,0.0,0.514,2025-09,2025-09.xlsx,1358.0
257,CHENNAI,DELHI,95295.0,80885.0,2407.2819996999997,1735.4049200000004,57.19278999999998,38.08540000000001,2025-09,2025-09.xlsx,176180.0
258,CHENNAI,DURGAPUR,3020.0,2276.0,0.141,3.288,0.0,0.0,2025-09,2025-09.xlsx,5296.0
259,CHENNAI,Goa,8587.0,8830.0,0.465,34.925000000000004,0.0,0.705,2025-09,2025-09.xlsx,17417.0
260,CHENNAI,GUWAHATI,15357.0,13268.0,39.643,36.723,7.837,2.368,2025-09,2025-09.xlsx,28625.0
261,CHENNAI,HYDERABAD,65560.0,62248.0,690.9733599999998,632.5419999999998,16.183,17.599,2025-09,2025-09.xlsx,127808.0
262,CHENNAI,INDORE,6740.0,6234.0,41.496,136.628,1.661,1.431,2025-09,2025-09.xlsx,12974.0
263,CHENNAI,JAIPUR,6394.0,5875.0,37.568,82.148,5.596,0.551,2025-09,2025-09.xlsx,12269.0
264,CHENNAI,Cuddapah,527.0,541.0,0.382,0.0,0.0,0.0,2025-09,2025-09.xlsx,1068.0
265,CHENNAI,KANNUR,2381.0,2549.0,0.693,0.03,0.084,0.0,2025-09,2025-09.xlsx,4930.0
266,CHENNAI,KOCHI,29739.0,31239.0,52.41718,25.543,12.406,6.674,2025-09,2025-09.xlsx,60978.0
267,CHENNAI,KOLKATA,40650.0,34014.0,204.526,267.6212,16.596,4.51,2025-09,2025-09.xlsx,74664.0
268,CHENNAI,KOZHIKODE,3549.0,3800.0,0.153,0.02,1.483,0.0,2025-09,2025-09.xlsx,7349.0
269,CHENNAI,LUCKNOW,3642.0,2939.0,43.346,20.655,3.183,2.201,2025-09,2025-09.xlsx,6581.0
270,CHENNAI,MADURAI,16142.0,15826.0,1.23,22.451,1.551,4.839,2025-09,2025-09.xlsx,31968.0
271,CHENNAI,MANGALORE,2945.0,3077.0,0.021,0.001,0.0,6.969,2025-09,2025-09.xlsx,6022.0
272,CHENNAI,MUMBAI,88133.0,77208.0,722.5146089,709.0359973000001,45.81803999999999,31.697440000000004,2025-09,2025-09.xlsx,165341.0
273,CHENNAI,MYSORE,1358.0,1214.0,0.394,0.0,0.0,0.0,2025-09,2025-09.xlsx,2572.0
274,CHENNAI,PATNA,9213.0,6922.0,26.418,1.534,7.867,2.222,2025-09,2025-09.xlsx,16135.0
275,CHENNAI,PORT BLAIR,17117.0,15125.0,131.411,69.456,17.678,5.612,2025-09,2025-09.xlsx,32242.0
276,CHENNAI,PUNE,31675.0,30312.0,286.00952,233.59704000000002,5.22,2.76,2025-09,2025-09.xlsx,61987.0
277,CHENNAI,RAIPUR,4968.0,3058.0,14.475,2.657,1.005,0.0,2025-09,2025-09.xlsx,8026.0
278,CHENNAI,RAJAHMUNDRY,1325.0,1212.0,0.0,0.001,0.0,0.0,2025-09,2025-09.xlsx,2537.0
279,CHENNAI,Rajkot International Airport,5.0,0.0,0.0,0.0,0.0,0.0,2025-09,2025-09.xlsx,5.0
280,CHENNAI,RANCHI,5629.0,3424.0,19.989,3.56,2.494,0.637,2025-09,2025-09.xlsx,9053.0
281,CHENNAI,SALEM,1654.0,1957.0,0.032,0.0,0.0,0.0,2025-09,2025-09.xlsx,3611.0
282,CHENNAI,SHIRDI,5062.0,4885.0,0.35,2.046,0.0,0.0,2025-09,2025-09.xlsx,9947.0
283,CHENNAI,Shivamogga Airport,971.0,814.0,0.98439,0.865,0.0,0.0,2025-09,2025-09.xlsx,1785.0
284,CHENNAI,SURAT,3393.0,2537.0,16.164,16.747,0.187,0.224,2025-09,2025-09.xlsx,5930.0
285,CHENNAI,TIRUCHIRAPALLY,11712.0,12368.0,0.293,0.104,0.126,0.0,2025-09,2025-09.xlsx,24080.0
286,CHENNAI,TRIVANDRUM,10937.0,11485.0,9.978,10.597,6.089,4.019,2025-09,2025-09.xlsx,22422.0
287,CHENNAI,TUTICORIN,10957.0,10596.0,0.472,0.081,0.0,0.0,2025-09,2025-09.xlsx,21553.0
288,CHENNAI,VARANASI,6218.0,5389.0,3.228,20.804,0.391,0.0,2025-09,2025-09.xlsx,11607.0
289,CHENNAI,VIJAYAWADA,3562.0,3532.0,0.535,0.197,0.0,0.0,2025-09,2025-09.xlsx,7094.0
290,CHENNAI,VISAKHAPATNAM,11126.0,9831.0,28.254,12.174,7.594,1.554,2025-09,2025-09.xlsx,20957.0
291,CHENNAI,HINDON AIRPORT,7657.0,5907.0,0.105,0.0,0.0,0.0,2025-09,2025-09.xlsx,13564.0
292,COIMBATORE,DABOLIM,2063.0,2003.0,0.004,0.001,0.0,0.0,2025-09,2025-09.xlsx,4066.0
293,COIMBATORE,DELHI,19242.0,17450.0,258.9995,234.0344773,3.745,3.851,2025-09,2025-09.xlsx,36692.0
294,COIMBATORE,GUWAHATI,133.0,122.0,1.999,0.004,1.334,0.0,2025-09,2025-09.xlsx,255.0
295,COIMBATORE,HYDERABAD,20287.0,18512.0,88.783,20.993,2.212,3.296,2025-09,2025-09.xlsx,38799.0
296,COIMBATORE,MUMBAI,25618.0,23870.0,211.9815,180.460093,5.263,5.538570000000001,2025-09,2025-09.xlsx,49488.0
297,COIMBATORE,NASIK,42.0,23.0,0.0,0.0,0.0,0.0,2025-09,2025-09.xlsx,65.0
298,COIMBATORE,PUNE,5303.0,4500.0,11.028,44.247,0.0,0.337,2025-09,2025-09.xlsx,9803.0
299,COIMBATORE,VISAKHAPATNAM,23.0,128.0,0.0,0.0,0.0,0.0,2025-09,2025-09.xlsx,151.0
300,COOCH BEHAR,KOLKATA,215.0,203.0,0.0,0.0,0.0,0.0,2025-09,2025-09.xlsx,418.0
301,DABOLIM,DELHI,36709.0,34676.0,82.226,75.60249999999999,1.402,3.1712,2025-09,2025-09.xlsx,71385.0
302,DABOLIM,HYDERABAD,29456.0,29293.0,21.663,22.365,0.532,1.178,2025-09,2025-09.xlsx,58749.0
303,DABOLIM,INDORE,4005.0,3580.0,0.441,0.212,0.126,0.0,2025-09,2025-09.xlsx,7585.0
304,DABOLIM,KOCHI,4106.0,4425.0,7.017,0.082,0.295,0.005,2025-09,2025-09.xlsx,8531.0
305,DABOLIM,KOLKATA,5885.0,4675.0,17.959,10.67135,0.92,0.07,2025-09,2025-09.xlsx,10560.0
306,DABOLIM,LUCKNOW,5879.0,4925.0,3.845,0.733,0.211,0.091,2025-09,2025-09.xlsx,10804.0
307,DABOLIM,MUMBAI,64130.0,62876.0,66.6047879,80.8078611,4.44804,13.083470000000005,2025-09,2025-09.xlsx,127006.0
308,DABOLIM,NAGPUR,621.0,0.0,0.028,0.0,0.024,0.0,2025-09,2025-09.xlsx,621.0
309,DABOLIM,NASIK,983.0,901.0,0.0,0.0,0.0,0.0,2025-09,2025-09.xlsx,1884.0
310,DABOLIM,PUNE,4019.0,3995.0,0.165,0.927,0.385,0.0,2025-09,2025-09.xlsx,8014.0
311,DABOLIM,RAIPUR,4470.0,4540.0,3.886,0.0,0.965,0.0,2025-09,2025-09.xlsx,9010.0
312,DABOLIM,SURAT,5888.0,5207.0,6.047,26.61,0.173,0.152,2025-09,2025-09.xlsx,11095.0
313,DABOLIM,HINDON AIRPORT,7282.0,8218.0,0.0,0.04531,0.0,0.0,2025-09,2025-09.xlsx,15500.0
314,DARBHANGA,DELHI,14268.0,15500.0,0.21,6.7629399999999995,0.0,0.0,2025-09,2025-09.xlsx,29768.0
315,DARBHANGA,HYDERABAD,2569.0,4400.0,0.0,0.143,0.0,0.0,2025-09,2025-09.xlsx,6969.0
316,DARBHANGA,KOLKATA,1512.0,1511.0,0.0,0.027,0.0,0.0,2025-09,2025-09.xlsx,3023.0
317,DARBHANGA,MUMBAI,10232.0,12355.0,0.0,27.37574,0.0,0.0,2025-09,2025-09.xlsx,22587.0
318,DARBHANGA,PUNE,5.0,0.0,0.0,0.0,0.0,0.0,2025-09,2025-09.xlsx,5.0
319,DehraDun,DELHI,19670.0,21553.0,2.153,7.549,9.537,26.809,2025-09,2025-09.xlsx,41223.0
320,DehraDun,GUWAHATI,162.0,32.0,0.116,0.0,0.0,0.025,2025-09,2025-09.xlsx,194.0
321,DehraDun,HYDERABAD,3694.0,4403.0,1.669,5.114,0.303,1.47,2025-09,2025-09.xlsx,8097.0
322,DehraDun,JAIPUR,1999.0,2079.0,0.0,0.0,0.0,0.0,2025-09,2025-09.xlsx,4078.0
323,DehraDun,KOLKATA,2138.0,2070.0,2.478,0.268,0.114,0.0,2025-09,2025-09.xlsx,4208.0
324,DehraDun,KULLU,15.0,11.0,0.0,0.0,0.0,0.0,2025-09,2025-09.xlsx,26.0
325,DehraDun,LUCKNOW,3104.0,3566.0,0.147,0.166,0.469,1.651,2025-09,2025-09.xlsx,6670.0
326,DehraDun,MUMBAI,7763.0,7835.0,3.718,11.84,0.491,3.331,2025-09,2025-09.xlsx,15598.0
327,DehraDun,PITHORAGARH,53.0,75.0,0.0,0.0,0.0,0.0,2025-09,2025-09.xlsx,128.0
328,DehraDun,PUNE,3366.0,3907.0,2.337,3.415,0.35,0.235,2025-09,2025-09.xlsx,7273.0
329,DELHI,Deoghar,6270.0,5180.0,0.17,0.0,0.0,0.0,2025-09,2025-09.xlsx,11450.0
330,DELHI,DHARAMSALA,7217.0,5315.0,0.21,0.0,0.0,0.0,2025-09,2025-09.xlsx,12532.0
331,DELHI,DIBRUGARH,7722.0,6868.0,41.852,3.018,4.137,2.42,2025-09,2025-09.xlsx,14590.0
332,DELHI,DIMAPUR,3614.0,3415.0,4.142,14.373,3.692,3.739,2025-09,2025-09.xlsx,7029.0
333,DELHI,DURGAPUR,5125.0,3785.0,23.263,20.225,0.0,0.0,2025-09,2025-09.xlsx,8910.0
334,DELHI,GAYA,8444.0,7742.0,0.599,0.0,0.0,0.0,2025-09,2025-09.xlsx,16186.0
335,DELHI,Goa,46583.0,47865.0,171.07241700000003,122.2776846,0.09,9.29098,2025-09,2025-09.xlsx,94448.0
336,DELHI,GORAKHPUR,16407.0,15103.0,49.97955,29.37276,15.766,0.0,2025-09,2025-09.xlsx,31510.0
337,DELHI,GUWAHATI,56753.0,54164.0,1035.7452862,133.12073000000004,6.9319999999999995,9.15214,2025-09,2025-09.xlsx,110917.0
338,DELHI,GWALIOR,2326.0,2383.0,0.228,0.0,0.0,0.0,2025-09,2025-09.xlsx,4709.0
339,DELHI,HISSAR,45.0,56.0,0.0,0.0,0.0,0.0,2025-09,2025-09.xlsx,101.0
340,DELHI,HUBLI,3413.0,3257.0,6.204,1.236,1.582,0.447,2025-09,2025-09.xlsx,6670.0
341,DELHI,HYDERABAD,112842.0,122256.0,1818.6718675,1281.6238623000002,28.891,16.826999999999998,2025-09,2025-09.xlsx,235098.0
342,DELHI,IMPHAL,7912.0,7814.0,74.506,94.83,8.211,7.825,2025-09,2025-09.xlsx,15726.0
343,DELHI,INDORE,40453.0,41650.0,515.1533308,201.42525999999998,13.713999999999999,6.4,2025-09,2025-09.xlsx,82103.0
344,DELHI,Itanagar,3907.0,3645.0,2.049,0.0,0.0,0.0,2025-09,2025-09.xlsx,7552.0
345,DELHI,JABALPUR,5457.0,5131.0,0.512,0.0,3.549,0.0,2025-09,2025-09.xlsx,10588.0
346,DELHI,JAGDALPUR,243.0,378.0,0.0,0.0,0.0,0.0,2025-09,2025-09.xlsx,621.0
347,DELHI,JAIPUR,20589.0,21241.0,24.57677,129.565,48.576,4.949,2025-09,2025-09.xlsx,41830.0
348,DELHI,JAMMU,27700.0,24237.0,100.06925,5.8800799999999995,16.583,0.0,2025-09,2025-09.xlsx,51937.0
349,DELHI,JHARSUGUDA,3863.0,3710.0,0.641,0.0,0.0,0.0,2025-09,2025-09.xlsx,7573.0
350,DELHI,JODHPUR,8955.0,8903.0,8.803,0.102,11.325999999999999,7.723,2025-09,2025-09.xlsx,17858.0
351,DELHI,JORHAT,992.0,934.0,0.72,0.0,0.0,0.0,2025-09,2025-09.xlsx,1926.0
352,DELHI,KANNUR,2264.0,2521.0,0.874,0.38,0.0,0.0,2025-09,2025-09.xlsx,4785.0
353,DELHI,KANPUR,2518.0,2747.0,0.357,0.0,9.292,0.0,2025-09,2025-09.xlsx,5265.0
354,DELHI,KOCHI,33000.0,39391.0,437.4268781999999,272.1526013,20.883880000000012,26.014190000000003,2025-09,2025-09.xlsx,72391.0
355,DELHI,KOLKATA,105742.0,94777.0,1970.7649956,2182.2828002999995,40.68483,30.96864,2025-09,2025-09.xlsx,200519.0
356,DELHI,KOZHIKODE,3522.0,4384.0,6.859,0.74,1.811,0.0,2025-09,2025-09.xlsx,7906.0
357,DELHI,KULLU,181.0,86.0,0.0,0.0,0.0,0.0,2025-09,2025-09.xlsx,267.0
358,DELHI,LEH,36074.0,43053.0,128.76128,107.04078,16.6144,17.160600000000006,2025-09,2025-09.xlsx,79127.0
359,DELHI,LUCKNOW,45681.0,45660.0,226.34582899999998,133.80244720000002,56.3223,15.594999999999999,2025-09,2025-09.xlsx,91341.0
360,DELHI,MADURAI,3881.0,4068.0,16.972,70.633,1.262,0.971,2025-09,2025-09.xlsx,7949.0
361,DELHI,MANGALORE,8660.0,9878.0,14.36,9.902,0.0,40.496,2025-09,2025-09.xlsx,18538.0
362,DELHI,MUMBAI,248779.0,254492.0,4185.36767,3874.3224536,50.663,86.43241000000005,2025-09,2025-09.xlsx,503271.0
363,DELHI,NAGPUR,21912.0,23918.0,260.277,112.64500000000001,13.222,13.001,2025-09,2025-09.xlsx,45830.0
364,DELHI,NASIK,4062.0,3944.0,11.733,1.085,0.709,0.298,2025-09,2025-09.xlsx,8006.0
365,DELHI,PANTNAGAR,2552.0,2150.0,0.07,0.0,0.0,0.0,2025-09,2025-09.xlsx,4702.0
366,DELHI,PATNA,56797.0,47251.0,477.9382008999999,34.831505,54.789060000000006,18.176819999999996,2025-09,2025-09.xlsx,104048.0
367,DELHI,PITHORAGARH,261.0,216.0,0.0,0.0,0.0,0.0,2025-09,2025-09.xlsx,477.0
368,DELHI,PORT BLAIR,3220.0,3225.0,58.11005799999999,22.9735,1.1053,0.009720000000000001,2025-09,2025-09.xlsx,6445.0
369,DELHI,PUNE,104237.0,111611.0,1346.2954311999997,1169.9912547000001,22.2934,2.57433,2025-09,2025-09.xlsx,215848.0
370,DELHI,RAIPUR,27917.0,28174.0,272.71500000000003,4.748,18.475,0.19,2025-09,2025-09.xlsx,56091.0
371,DELHI,RAJAHMUNDRY,2596.0,2508.0,0.791,0.199,0.0,0.0,2025-09,2025-09.xlsx,5104.0
372,DELHI,Rajkot International Airport,10555.0,9354.0,28.421499999999998,11.838000000000001,8.538,0.188,2025-09,2025-09.xlsx,19909.0
373,DELHI,RANCHI,36424.0,32720.0,526.601,53.4438,9.062,4.747,2025-09,2025-09.xlsx,69144.0
374,DELHI,SHILLONG,589.0,473.0,0.0,0.0,0.0,0.0,2025-09,2025-09.xlsx,1062.0
375,DELHI,SHIRDI,4545.0,4620.0,4.593,4.084,0.0,0.0,2025-09,2025-09.xlsx,9165.0
376,DELHI,SILCHAR,317.0,135.0,0.421,0.0,0.0,0.0,2025-09,2025-09.xlsx,452.0
377,DELHI,SIMLA,163.0,98.0,0.0,0.0,0.0,0.0,2025-09,2025-09.xlsx,261.0
378,DELHI,SRINAGAR,69433.0,72187.0,496.987677,237.902697,12.42107,94.749,2025-09,2025-09.xlsx,141620.0
379,DELHI,SURAT,21160.0,20417.0,58.881,100.213,4.465,2.398,2025-09,2025-09.xlsx,41577.0
380,DELHI,TIRUCHIRAPALLY,1825.0,1788.0,0.691,0.153,0.0,0.0,2025-09,2025-09.xlsx,3613.0
381,DELHI,TIRUPATI,10006.0,10409.0,67.26373959999998,32.772946,0.535,0.0,2025-09,2025-09.xlsx,20415.0
382,DELHI,TRIVANDRUM,16985.0,19593.0,78.832015,45.522,7.3886,8.731650000000002,2025-09,2025-09.xlsx,36578.0
383,DELHI,UDAIPUR,19777.0,19444.0,5.715000000000001,0.246,0.43560000000000004,0.0,2025-09,2025-09.xlsx,39221.0
384,DELHI,VADODARA,21448.0,19985.0,121.7715,0.0,8.436000000000003,0.0,2025-09,2025-09.xlsx,41433.0
385,DELHI,VARANASI,29940.0,26786.0,112.1012558,44.6274,17.49537,2.288,2025-09,2025-09.xlsx,56726.0
386,DELHI,VIJAYAWADA,10416.0,12253.0,85.245,2.4699999999999998,11.0138,0.7087,2025-09,2025-09.xlsx,22669.0
387,DELHI,VISAKHAPATNAM,18499.0,19459.0,124.4104785,17.3925,7.45269,2.273,2025-09,2025-09.xlsx,37958.0
388,DELHI,Ayodhya International Airport,9937.0,9334.0,0.40800000000000003,0.0,0.0,0.0,2025-09,2025-09.xlsx,19271.0
389,Deoghar,KOLKATA,1430.0,1150.0,0.0,0.034,0.0,0.0,2025-09,2025-09.xlsx,2580.0
390,Deoghar,MUMBAI,1390.0,2049.0,0.0,0.046,0.0,0.0,2025-09,2025-09.xlsx,3439.0
391,DHARAMSALA,GORAKHPUR,1.0,0.0,0.0,0.0,0.0,0.0,2025-09,2025-09.xlsx,1.0
392,DHARAMSALA,JAIPUR,54.0,47.0,0.0,0.0,0.0,0.0,2025-09,2025-09.xlsx,101.0
393,DIBRUGARH,GUWAHATI,7564.0,8612.0,16.142,2.026,1.772,5.351,2025-09,2025-09.xlsx,16176.0
394,DIBRUGARH,HYDERABAD,83.0,257.0,0.081,0.436,0.0,0.0,2025-09,2025-09.xlsx,340.0
395,DIBRUGARH,KOLKATA,10395.0,11639.0,30.37,36.96932,1.784,2.788,2025-09,2025-09.xlsx,22034.0
396,DIMAPUR,GUWAHATI,6067.0,5512.0,0.399,12.5379,1.2,0.098,2025-09,2025-09.xlsx,11579.0
397,DIMAPUR,IMPHAL,501.0,487.0,0.0,0.0,0.0,0.0,2025-09,2025-09.xlsx,988.0
398,DIMAPUR,KOLKATA,3855.0,3741.0,20.073,44.143,4.72,1.088,2025-09,2025-09.xlsx,7596.0
399,DIU,Goa,570.0,707.0,0.0,0.0,0.0,0.0,2025-09,2025-09.xlsx,1277.0
400,DIU,MUMBAI,512.0,539.0,0.0,0.0,0.0,0.0,2025-09,2025-09.xlsx,1051.0
401,DIU,SURAT,1201.0,870.0,0.0,0.0,0.0,0.0,2025-09,2025-09.xlsx,2071.0
402,DURGAPUR,GUWAHATI,303.0,327.0,0.0,0.0,0.0,0.0,2025-09,2025-09.xlsx,630.0
403,DURGAPUR,HYDERABAD,3204.0,4166.0,6.147,2.724,0.0,0.0,2025-09,2025-09.xlsx,7370.0
404,DURGAPUR,MUMBAI,1906.0,2819.0,5.615,0.691,0.0,0.0,2025-09,2025-09.xlsx,4725.0
405,GAYA,KOLKATA,3645.0,3936.0,0.0,0.006,0.0,0.0,2025-09,2025-09.xlsx,7581.0
406,Goa,HYDERABAD,21743.0,21173.0,5.727,0.447,0.0,0.0,2025-09,2025-09.xlsx,42916.0
407,Goa,INDORE,3901.0,4239.0,0.0,0.0,0.0,0.0,2025-09,2025-09.xlsx,8140.0
408,Goa,JAIPUR,5441.0,5356.0,0.263,36.183,0.0,0.747,2025-09,2025-09.xlsx,10797.0
409,Goa,JALGAON,1517.0,1462.0,0.0,0.0,0.0,0.0,2025-09,2025-09.xlsx,2979.0
410,Goa,KOLKATA,1393.0,1143.0,0.678,0.0,0.0,0.0,2025-09,2025-09.xlsx,2536.0
411,Goa,Malvan,3.0,1.0,0.0,0.0,0.0,0.0,2025-09,2025-09.xlsx,4.0
412,Goa,MUMBAI,35572.0,36231.0,53.828829999999996,48.377269999999996,0.0,9.26598,2025-09,2025-09.xlsx,71803.0
413,Goa,NAGPUR,3818.0,3784.0,14.389,0.0,0.0,0.0,2025-09,2025-09.xlsx,7602.0
414,Goa,PUNE,13634.0,12948.0,59.77793,7.60832,0.0,0.0,2025-09,2025-09.xlsx,26582.0
415,Goa,Rajkot International Airport,2739.0,2266.0,0.097,0.0,0.0,0.0,2025-09,2025-09.xlsx,5005.0
416,Goa,Shivamogga Airport,1120.0,1192.0,0.0,0.0,0.0,0.0,2025-09,2025-09.xlsx,2312.0
417,Goa,SHOLAPUR,565.0,544.0,0.0,0.0,0.0,0.0,2025-09,2025-09.xlsx,1109.0
418,Goa,VADODARA,1526.0,1311.0,0.0,0.0,0.0,0.0,2025-09,2025-09.xlsx,2837.0
419,Gondia,HYDERABAD,796.0,824.0,0.0,0.151,0.0,0.0,2025-09,2025-09.xlsx,1620.0
420,Gondia,INDORE,297.0,321.0,0.0,0.0,0.0,0.0,2025-09,2025-09.xlsx,618.0
421,GORAKHPUR,HYDERABAD,4933.0,6502.0,0.0,1.112,0.0,1.117,2025-09,2025-09.xlsx,11435.0
422,GORAKHPUR,KOLKATA,1232.0,1326.0,0.0,0.0,0.0,0.0,2025-09,2025-09.xlsx,2558.0
423,GORAKHPUR,MUMBAI,8866.0,10945.0,0.0,8.10694,0.0,1.394,2025-09,2025-09.xlsx,19811.0
424,GUWAHATI,HYDERABAD,12429.0,12442.0,18.72797,49.509,1.942,2.965,2025-09,2025-09.xlsx,24871.0
425,GUWAHATI,IMPHAL,21407.0,21411.0,128.93439,19.825,3.306,3.616,2025-09,2025-09.xlsx,42818.0
426,GUWAHATI,Itanagar,172.0,174.0,0.0,0.0,0.0,0.0,2025-09,2025-09.xlsx,346.0
427,GUWAHATI,JAIPUR,4585.0,4846.0,12.15726,6.848,0.064,0.336,2025-09,2025-09.xlsx,9431.0
428,GUWAHATI,KOLKATA,38246.0,39057.0,181.77655,534.1273799999999,7.326,8.156,2025-09,2025-09.xlsx,77303.0
429,GUWAHATI,LUCKNOW,2552.0,3407.0,1.066,15.946,1.712,1.43,2025-09,2025-09.xlsx,5959.0
430,GUWAHATI,MUMBAI,17802.0,19136.0,52.254999999999995,148.71821,3.3598299999999997,11.58754,2025-09,2025-09.xlsx,36938.0
431,GUWAHATI,PATNA,4799.0,4871.0,0.7010000000000001,1.20756,0.0,0.0,2025-09,2025-09.xlsx,9670.0
432,GUWAHATI,PUNE,3008.0,3518.0,8.8,10.081,0.976,0.438,2025-09,2025-09.xlsx,6526.0
433,GUWAHATI,RUPSI,201.0,223.0,0.0,0.0,0.0,0.0,2025-09,2025-09.xlsx,424.0
434,GUWAHATI,SILCHAR,4555.0,4582.0,30.842,0.007,8.794,0.0,2025-09,2025-09.xlsx,9137.0
435,GUWAHATI,TEZU,124.0,134.0,0.0,0.0,0.0,0.0,2025-09,2025-09.xlsx,258.0
436,GUWAHATI,Ziro,54.0,40.0,0.0,0.0,0.0,0.0,2025-09,2025-09.xlsx,94.0
437,GWALIOR,MUMBAI,3366.0,3704.0,0.0,0.007,0.0,0.0,2025-09,2025-09.xlsx,7070.0
438,HISSAR,JAIPUR,75.0,36.0,0.0,0.0,0.0,0.0,2025-09,2025-09.xlsx,111.0
439,HISSAR,Ayodhya International Airport,154.0,118.0,0.0,0.0,0.0,0.0,2025-09,2025-09.xlsx,272.0
440,HUBLI,HYDERABAD,1262.0,1247.0,0.023,0.037,0.441,0.0,2025-09,2025-09.xlsx,2509.0
441,HUBLI,MUMBAI,4470.0,4282.0,0.928,0.637,0.797,0.0,2025-09,2025-09.xlsx,8752.0
442,HUBLI,PUNE,979.0,985.0,0.001,0.0,0.0,0.269,2025-09,2025-09.xlsx,1964.0
443,HYDERABAD,INDORE,12666.0,11944.0,43.577,19.325,4.861,1.082,2025-09,2025-09.xlsx,24610.0
444,HYDERABAD,JABALPUR,2021.0,1909.0,0.0,0.0,0.0,0.0,2025-09,2025-09.xlsx,3930.0
445,HYDERABAD,JAGDALPUR,1970.0,1618.0,0.065,0.0,0.0,0.0,2025-09,2025-09.xlsx,3588.0
446,HYDERABAD,JAIPUR,20310.0,16281.0,43.76,157.838,4.007,1.472,2025-09,2025-09.xlsx,36591.0
447,HYDERABAD,JALGAON,1290.0,1193.0,0.0,0.0,0.0,0.0,2025-09,2025-09.xlsx,2483.0
448,HYDERABAD,JAMMU,0.0,336.0,0.0,0.0,0.0,0.0,2025-09,2025-09.xlsx,336.0
449,HYDERABAD,JHARSUGUDA,1922.0,1780.0,0.0,0.0,0.0,0.0,2025-09,2025-09.xlsx,3702.0
450,HYDERABAD,JODHPUR,3607.0,3394.0,0.379,0.0,1.062,0.46,2025-09,2025-09.xlsx,7001.0
451,HYDERABAD,Cuddapah,1694.0,1959.0,0.292,0.0,0.0,0.0,2025-09,2025-09.xlsx,3653.0
452,HYDERABAD,KANNUR,1961.0,1987.0,0.002,0.0,0.0,0.0,2025-09,2025-09.xlsx,3948.0
453,HYDERABAD,KANPUR,2070.0,1771.0,0.001,0.624,0.0,0.0,2025-09,2025-09.xlsx,3841.0
454,HYDERABAD,KOCHI,35780.0,39805.0,49.663,36.520880000000005,2.38,8.218,2025-09,2025-09.xlsx,75585.0
455,HYDERABAD,KOLHAPUR,1647.0,1785.0,1.158,6.681,0.0,0.0,2025-09,2025-09.xlsx,3432.0
456,HYDERABAD,KOLKATA,45032.0,35283.0,200.69165,246.80092000000002,12.267,4.769,2025-09,2025-09.xlsx,80315.0
457,HYDERABAD,KOZHIKODE,8318.0,11987.0,1.2560000000000002,4.556,0.0,0.0,2025-09,2025-09.xlsx,20305.0
458,HYDERABAD,LUCKNOW,15776.0,11130.0,26.725,12.316,2.945,1.609,2025-09,2025-09.xlsx,26906.0
459,HYDERABAD,MADURAI,5727.0,5700.0,8.659,35.85,6.026,0.684,2025-09,2025-09.xlsx,11427.0
460,HYDERABAD,Malvan,1078.0,900.0,0.0,0.0,0.0,0.0,2025-09,2025-09.xlsx,1978.0
461,HYDERABAD,MANGALORE,5749.0,5879.0,0.137,0.006,2.209,0.306,2025-09,2025-09.xlsx,11628.0
462,HYDERABAD,MUMBAI,94788.0,93040.0,598.5664999999999,1087.5721739,22.277,32.200859999999984,2025-09,2025-09.xlsx,187828.0
463,HYDERABAD,MYSORE,2039.0,1716.0,0.062,0.0,0.0,0.0,2025-09,2025-09.xlsx,3755.0
464,HYDERABAD,NAGPUR,3830.0,3992.0,0.248,0.053,1.115,0.0,2025-09,2025-09.xlsx,7822.0
465,HYDERABAD,NANDED,281.0,369.0,0.0,0.0,0.0,0.0,2025-09,2025-09.xlsx,650.0
466,HYDERABAD,NASIK,1959.0,1795.0,0.033,0.0,0.124,0.128,2025-09,2025-09.xlsx,3754.0
467,HYDERABAD,PATNA,22822.0,13552.0,67.77716,5.233,5.483,1.425,2025-09,2025-09.xlsx,36374.0
468,HYDERABAD,PONDICHERRY,2074.0,1815.0,0.074,0.0,0.0,0.0,2025-09,2025-09.xlsx,3889.0
469,HYDERABAD,PORT BLAIR,3895.0,3526.0,30.92,6.24,2.243,0.0,2025-09,2025-09.xlsx,7421.0
470,HYDERABAD,PUNE,30897.0,34022.0,53.080999999999996,80.08,3.765,3.094,2025-09,2025-09.xlsx,64919.0
471,HYDERABAD,RAIPUR,9080.0,8167.0,15.183,1.025,8.146,0.0,2025-09,2025-09.xlsx,17247.0
472,HYDERABAD,RAJAHMUNDRY,11161.0,10711.0,0.801,0.779,0.0,0.0,2025-09,2025-09.xlsx,21872.0
473,HYDERABAD,Rajkot International Airport,2432.0,2003.0,0.5,2.115,0.0,0.0,2025-09,2025-09.xlsx,4435.0
474,HYDERABAD,RANCHI,10505.0,8378.0,24.847,3.966,1.325,2.044,2025-09,2025-09.xlsx,18883.0
475,HYDERABAD,SALEM,763.0,773.0,0.021,0.0,0.0,0.0,2025-09,2025-09.xlsx,1536.0
476,HYDERABAD,SHIRDI,6940.0,7210.0,0.233,3.5,0.0,0.0,2025-09,2025-09.xlsx,14150.0
477,HYDERABAD,Shivamogga Airport,3701.0,3481.0,0.865,0.98439,0.0,0.0,2025-09,2025-09.xlsx,7182.0
478,HYDERABAD,SRINAGAR,2607.0,2306.0,2.518,0.736,0.228,3.073,2025-09,2025-09.xlsx,4913.0
479,HYDERABAD,SURAT,5194.0,4909.0,9.129,56.04,1.104,0.523,2025-09,2025-09.xlsx,10103.0
480,HYDERABAD,TIRUCHIRAPALLY,8588.0,8661.0,5.737,0.326,6.451,0.0,2025-09,2025-09.xlsx,17249.0
481,HYDERABAD,TIRUPATI,29183.0,28735.0,8.397,17.018,7.518,1.66,2025-09,2025-09.xlsx,57918.0
482,HYDERABAD,TRIVANDRUM,9238.0,10353.0,4.513,5.731,4.195,2.608,2025-09,2025-09.xlsx,19591.0
483,HYDERABAD,TUTICORIN,42.0,0.0,0.0,0.0,0.0,0.0,2025-09,2025-09.xlsx,42.0
484,HYDERABAD,UDAIPUR,3841.0,3736.0,1.47,0.067,0.0,0.0,2025-09,2025-09.xlsx,7577.0
485,HYDERABAD,VADODARA,3802.0,3467.0,12.713,0.0,0.735,0.0,2025-09,2025-09.xlsx,7269.0
486,HYDERABAD,VARANASI,20638.0,18638.0,5.537999999999999,37.157,1.169,0.301,2025-09,2025-09.xlsx,39276.0
487,HYDERABAD,VIJAYAWADA,15632.0,14119.0,5.5,1.244,8.524,0.637,2025-09,2025-09.xlsx,29751.0
488,HYDERABAD,VISAKHAPATNAM,40085.0,38004.0,45.077000000000005,39.215,13.269,0.052,2025-09,2025-09.xlsx,78089.0
489,HYDERABAD,Ayodhya International Airport,2548.0,2302.0,0.0,0.0,0.0,0.0,2025-09,2025-09.xlsx,4850.0
490,IMPHAL,KOLKATA,14412.0,13408.0,40.332,64.782,12.683,4.691,2025-09,2025-09.xlsx,27820.0
491,IMPHAL,MUMBAI,139.0,181.0,18.169,0.01,0.0,0.0,2025-09,2025-09.xlsx,320.0
492,IMPHAL,SHILLONG,679.0,549.0,0.0,0.0,0.0,0.0,2025-09,2025-09.xlsx,1228.0
493,IMPHAL,SILCHAR,265.0,252.0,0.0,0.0,0.0,0.0,2025-09,2025-09.xlsx,517.0
494,INDORE,JABALPUR,1389.0,2166.0,0.001,0.0,0.0,0.0,2025-09,2025-09.xlsx,3555.0
495,INDORE,JAIPUR,2793.0,2425.0,0.038,0.023,0.421,0.0,2025-09,2025-09.xlsx,5218.0
496,INDORE,KOLKATA,4941.0,4483.0,31.644,28.602,1.553,1.646,2025-09,2025-09.xlsx,9424.0
497,INDORE,LUCKNOW,1896.0,1804.0,0.011,0.052,0.027,1.619,2025-09,2025-09.xlsx,3700.0
498,INDORE,MUMBAI,26515.0,26761.0,91.901,118.142,5.183,8.876,2025-09,2025-09.xlsx,53276.0
499,INDORE,NAGPUR,1597.0,1866.0,0.069,0.046,0.293,0.0,2025-09,2025-09.xlsx,3463.0
500,INDORE,PUNE,10110.0,10986.0,17.915,51.244,1.143,0.565,2025-09,2025-09.xlsx,21096.0
501,INDORE,RAIPUR,4882.0,4643.0,3.281,0.004,0.635,0.0,2025-09,2025-09.xlsx,9525.0
502,INDORE,VISAKHAPATNAM,88.0,142.0,0.02,0.0,0.0,0.0,2025-09,2025-09.xlsx,230.0
503,INDORE,HINDON AIRPORT,1323.0,1750.0,0.0,0.0,0.0,0.0,2025-09,2025-09.xlsx,3073.0
504,Itanagar,KOLKATA,3645.0,3929.0,0.0,0.587,0.0,0.0,2025-09,2025-09.xlsx,7574.0
505,Itanagar,TEZU,8.0,16.0,0.0,0.0,0.0,0.0,2025-09,2025-09.xlsx,24.0
506,Itanagar,Ziro,0.0,9.0,0.0,0.0,0.0,0.0,2025-09,2025-09.xlsx,9.0
507,JABALPUR,JAGDALPUR,189.0,102.0,0.0,0.0,0.0,0.0,2025-09,2025-09.xlsx,291.0
508,JABALPUR,MUMBAI,4007.0,4334.0,0.0,0.618,0.0,0.0,2025-09,2025-09.xlsx,8341.0
509,JAIPUR,JODHPUR,34.0,0.0,0.0,0.0,0.0,0.0,2025-09,2025-09.xlsx,34.0
510,JAIPUR,KOCHI,646.0,589.0,3.354,0.478,0.0,0.0,2025-09,2025-09.xlsx,1235.0
511,JAIPUR,KOLKATA,13831.0,14261.0,145.97,79.70749,2.602,0.358,2025-09,2025-09.xlsx,28092.0
512,JAIPUR,KULLU,45.0,26.0,0.0,0.0,0.0,0.0,2025-09,2025-09.xlsx,71.0
513,JAIPUR,LUCKNOW,1638.0,1706.0,0.034,0.029,0.0,1.151,2025-09,2025-09.xlsx,3344.0
514,JAIPUR,MUMBAI,41271.0,42789.0,426.783403,294.3272584,4.69,22.048080000000002,2025-09,2025-09.xlsx,84060.0
515,JAIPUR,PUNE,9410.0,10209.0,55.96496,11.53264,0.0,0.0,2025-09,2025-09.xlsx,19619.0
516,JAIPUR,SURAT,3317.0,3331.0,7.713,4.489,0.0,0.119,2025-09,2025-09.xlsx,6648.0
517,JAIPUR,UDAIPUR,2613.0,2464.0,0.0,0.0,0.0,0.0,2025-09,2025-09.xlsx,5077.0
518,JAIPUR,VARANASI,533.0,460.0,0.0,0.0,0.0,0.0,2025-09,2025-09.xlsx,993.0
519,JALGAON,MUMBAI,311.0,208.0,0.0,0.0,0.0,0.0,2025-09,2025-09.xlsx,519.0
520,JALGAON,PUNE,1428.0,1695.0,0.0,0.0,0.0,0.0,2025-09,2025-09.xlsx,3123.0
521,JAMMU,KOLKATA,533.0,797.0,0.0,1.403,0.0,0.0,2025-09,2025-09.xlsx,1330.0
522,JAMMU,LEH,877.0,1412.0,2.549,0.146,0.0,0.0,2025-09,2025-09.xlsx,2289.0
523,JAMMU,MUMBAI,1010.0,1168.0,0.0,8.511,0.0,2.303,2025-09,2025-09.xlsx,2178.0
524,JAMMU,SRINAGAR,25931.0,23715.0,28.060599999999997,1.332,0.0,7.475,2025-09,2025-09.xlsx,49646.0
525,JAMNAGAR,MUMBAI,3434.0,4057.0,0.981,10.5395,1.3327899999999997,0.0,2025-09,2025-09.xlsx,7491.0
526,JAMNAGAR,SURAT,625.0,783.0,0.0,0.0,0.0,0.0,2025-09,2025-09.xlsx,1408.0
527,JAMSHEDPUR,KOLKATA,234.0,167.0,0.0,0.0,0.0,0.0,2025-09,2025-09.xlsx,401.0
528,JEYPORE,VISAKHAPATNAM,114.0,119.0,0.0,0.0,0.0,0.0,2025-09,2025-09.xlsx,233.0
529,JHARSUGUDA,KOLKATA,1414.0,1276.0,0.0,0.0,0.0,0.0,2025-09,2025-09.xlsx,2690.0
530,JHARSUGUDA,LUCKNOW,755.0,838.0,0.0,0.0,0.0,0.0,2025-09,2025-09.xlsx,1593.0
531,JHARSUGUDA,MUMBAI,2971.0,3667.0,0.0,0.117,0.0,0.0,2025-09,2025-09.xlsx,6638.0
532,JHARSUGUDA,RAIPUR,473.0,569.0,0.0,0.0,0.0,0.0,2025-09,2025-09.xlsx,1042.0
533,JODHPUR,MUMBAI,9541.0,10459.0,0.132,4.531,1.6867299999999998,17.66308,2025-09,2025-09.xlsx,20000.0
534,JODHPUR,PUNE,3580.0,4084.0,1.446,0.689,0.4,5.791,2025-09,2025-09.xlsx,7664.0
535,JORHAT,KOLKATA,3547.0,3980.0,2.666,18.736,0.0,0.0,2025-09,2025-09.xlsx,7527.0
536,JORHAT,TEZU,28.0,21.0,0.0,0.0,0.0,0.0,2025-09,2025-09.xlsx,49.0
537,Cuddapah,VIJAYAWADA,257.0,221.0,0.0,0.0,0.0,0.0,2025-09,2025-09.xlsx,478.0
538,KANDLA,MUMBAI,1267.0,1562.0,0.0,0.0,0.0,0.0,2025-09,2025-09.xlsx,2829.0
539,KANNUR,KOCHI,1108.0,1776.0,0.094,0.003,0.0,0.0,2025-09,2025-09.xlsx,2884.0
540,KANNUR,MUMBAI,2841.0,2101.0,0.196,1.267,0.0,0.235,2025-09,2025-09.xlsx,4942.0
541,KANNUR,TRIVANDRUM,1205.0,1262.0,0.0,0.001,0.0,0.0,2025-09,2025-09.xlsx,2467.0
542,KANPUR,MUMBAI,3420.0,3247.0,1.111,3.556,0.0,1.961,2025-09,2025-09.xlsx,6667.0
543,KHAJURAHO,DATIA AIRPORT,9.0,13.0,0.0,0.0,0.0,0.0,2025-09,2025-09.xlsx,22.0
544,KOCHI,KOLKATA,867.0,814.0,0.772,2.0,0.286,0.032,2025-09,2025-09.xlsx,1681.0
545,KOCHI,KOZHIKODE,561.0,552.0,0.003,0.005,0.0,0.0,2025-09,2025-09.xlsx,1113.0
546,KOCHI,LUCKNOW,536.0,230.0,2.872,0.084,0.0,0.281,2025-09,2025-09.xlsx,766.0
547,KOCHI,MUMBAI,55266.0,45218.0,118.2395,275.48981,24.74888,13.947000000000003,2025-09,2025-09.xlsx,100484.0
548,KOCHI,NAGPUR,0.0,20.0,0.0,0.0,0.0,0.0,2025-09,2025-09.xlsx,20.0
549,KOCHI,PATNA,0.0,108.0,0.0,0.086,0.0,0.0,2025-09,2025-09.xlsx,108.0
550,KOCHI,PUNE,9078.0,7998.0,15.156,8.586,0.0,0.0,2025-09,2025-09.xlsx,17076.0
551,KOCHI,RAIPUR,392.0,462.0,1.245,0.101,0.0,0.0,2025-09,2025-09.xlsx,854.0
552,KOCHI,SALEM,622.0,593.0,0.0,0.0,0.0,0.0,2025-09,2025-09.xlsx,1215.0
553,KOCHI,TRIVANDRUM,1704.0,1878.0,0.006,0.011,0.0,0.0,2025-09,2025-09.xlsx,3582.0
554,KOCHI,VARANASI,91.0,320.0,0.0,0.203,0.0,0.0,2025-09,2025-09.xlsx,411.0
555,KOLHAPUR,MUMBAI,1731.0,1914.0,0.0,0.0,0.0,0.0,2025-09,2025-09.xlsx,3645.0
556,KOLHAPUR,TIRUPATI,454.0,866.0,0.0,0.0,0.0,0.0,2025-09,2025-09.xlsx,1320.0
557,KOLHAPUR,VIJAYAWADA,30.0,39.0,0.007,0.0,0.0,0.0,2025-09,2025-09.xlsx,69.0
558,KOLKATA,LILABARI,243.0,290.0,0.0,0.0,0.0,0.0,2025-09,2025-09.xlsx,533.0
559,KOLKATA,LUCKNOW,8265.0,8640.0,57.696,31.297,1.995,0.991,2025-09,2025-09.xlsx,16905.0
560,KOLKATA,MUMBAI,92256.0,106648.0,761.3780932000001,1228.9026929000001,25.05991,28.68003,2025-09,2025-09.xlsx,198904.0
561,KOLKATA,NAGPUR,5048.0,5031.0,11.15,27.752,0.052,4.43,2025-09,2025-09.xlsx,10079.0
562,KOLKATA,PATNA,9446.0,9527.0,27.454,15.147,26.881,6.001,2025-09,2025-09.xlsx,18973.0
563,KOLKATA,PORT BLAIR,21608.0,20269.0,192.75161,75.099,35.532399999999996,10.209,2025-09,2025-09.xlsx,41877.0
564,KOLKATA,PUNE,18484.0,20584.0,84.8933,213.06134,3.48496,2.715,2025-09,2025-09.xlsx,39068.0
565,KOLKATA,RAIPUR,7740.0,8197.0,27.978,0.708,3.137,0.0,2025-09,2025-09.xlsx,15937.0
566,KOLKATA,RANCHI,7805.0,8208.0,5.475,14.116,3.638,1.76,2025-09,2025-09.xlsx,16013.0
567,KOLKATA,SHILLONG,1816.0,1348.0,0.148,0.0,0.0,0.0,2025-09,2025-09.xlsx,3164.0
568,KOLKATA,SILCHAR,10016.0,8981.0,64.524,0.234,1.883,0.0,2025-09,2025-09.xlsx,18997.0
569,KOLKATA,SRINAGAR,3813.0,3807.0,0.38,8.767,0.08,0.0,2025-09,2025-09.xlsx,7620.0
570,KOLKATA,SURAT,4346.0,5279.0,38.48,70.552,0.0,0.125,2025-09,2025-09.xlsx,9625.0
571,KOLKATA,VARANASI,5648.0,5920.0,2.426,38.936,2.854,0.204,2025-09,2025-09.xlsx,11568.0
572,KOLKATA,VIJAYAWADA,1.0,0.0,0.0,0.0,0.0,0.0,2025-09,2025-09.xlsx,1.0
573,KOLKATA,VISAKHAPATNAM,4246.0,5070.0,1.526,7.475,0.0,0.0,2025-09,2025-09.xlsx,9316.0
574,KOLKATA,HINDON AIRPORT,6740.0,7582.0,0.04531,0.0,0.0,0.0,2025-09,2025-09.xlsx,14322.0
575,KOLKATA,Purnia Airport,836.0,816.0,0.02,0.0,0.0,0.0,2025-09,2025-09.xlsx,1652.0
576,KOZHIKODE,MUMBAI,7275.0,5169.0,0.009,5.0242,0.0,5.561,2025-09,2025-09.xlsx,12444.0
577,KOZHIKODE,VARANASI,27.0,0.0,0.0,0.0,0.0,0.0,2025-09,2025-09.xlsx,27.0
578,KURNOOL,VIJAYAWADA,241.0,319.0,0.0,0.002,0.0,0.0,2025-09,2025-09.xlsx,560.0
579,KURNOOL,VISAKHAPATNAM,205.0,267.0,0.0,0.0,0.0,0.0,2025-09,2025-09.xlsx,472.0
580,LEH,MUMBAI,1576.0,1536.0,0.0,0.973,0.0,0.0,2025-09,2025-09.xlsx,3112.0
581,LEH,SRINAGAR,746.0,376.0,0.0,0.0035,0.0,0.0,2025-09,2025-09.xlsx,1122.0
582,LUCKNOW,MUMBAI,37422.0,42804.0,54.165499999999994,204.8308973,6.234,21.98196,2025-09,2025-09.xlsx,80226.0
583,LUCKNOW,PATNA,3962.0,3311.0,13.998,0.29,3.07,1.537,2025-09,2025-09.xlsx,7273.0
584,LUCKNOW,PUNE,5120.0,5399.0,34.541,30.978,0.261,0.601,2025-09,2025-09.xlsx,10519.0
585,LUCKNOW,RAIPUR,1869.0,2072.0,3.026,0.061,1.132,0.0,2025-09,2025-09.xlsx,3941.0
586,LUCKNOW,RANCHI,1046.0,1231.0,0.585,0.512,0.527,0.0,2025-09,2025-09.xlsx,2277.0
587,LUCKNOW,SILCHAR,101.0,99.0,0.0,0.0,0.0,0.0,2025-09,2025-09.xlsx,200.0
588,LUCKNOW,VARANASI,688.0,1464.0,0.019,0.0,0.0,0.0,2025-09,2025-09.xlsx,2152.0
589,LUDHIANA,HINDON AIRPORT,17.0,27.0,0.0,0.0,0.0,0.0,2025-09,2025-09.xlsx,44.0
590,MADURAI,MUMBAI,11961.0,11513.0,68.6035,38.536914100000004,2.8070200000000005,6.08986,2025-09,2025-09.xlsx,23474.0
591,MADURAI,VIJAYAWADA,49.0,44.0,0.0,0.0,0.0,0.0,2025-09,2025-09.xlsx,93.0
592,Malvan,PUNE,1322.0,1315.0,0.0,0.0,0.0,0.0,2025-09,2025-09.xlsx,2637.0
593,MANGALORE,MUMBAI,23977.0,20749.0,4.799,3.211,17.65,2.946,2025-09,2025-09.xlsx,44726.0
594,MUMBAI,NAGPUR,32451.0,33306.0,176.6485,129.277,43.323769999999996,11.028239999999998,2025-09,2025-09.xlsx,65757.0
595,MUMBAI,PATNA,15053.0,12798.0,99.1101893,22.457,16.18374,3.1420699999999995,2025-09,2025-09.xlsx,27851.0
596,MUMBAI,PORBANDAR,374.0,354.0,0.0,0.0,0.0,0.0,2025-09,2025-09.xlsx,728.0
597,MUMBAI,PUNE,149.0,0.0,0.0,0.0,0.0,0.0,2025-09,2025-09.xlsx,149.0
598,MUMBAI,RAIPUR,14260.0,14650.0,100.766,5.465,13.893,0.0,2025-09,2025-09.xlsx,28910.0
599,MUMBAI,RAJAHMUNDRY,3327.0,4019.0,1.41,0.106,0.0,0.0,2025-09,2025-09.xlsx,7346.0
600,MUMBAI,Rajkot International Airport,24889.0,23138.0,18.070500000000003,39.6625,11.360779999999998,0.599,2025-09,2025-09.xlsx,48027.0
601,MUMBAI,RANCHI,9921.0,8978.0,29.671,8.379,4.528,0.772,2025-09,2025-09.xlsx,18899.0
602,MUMBAI,SRINAGAR,9122.0,9233.0,60.44751,22.9815,3.26844,1.368,2025-09,2025-09.xlsx,18355.0
603,MUMBAI,SURAT,0.0,225.0,0.0,0.0,0.0,0.0,2025-09,2025-09.xlsx,225.0
604,MUMBAI,TIRUCHIRAPALLY,1729.0,1956.0,0.659,0.0,0.0,0.0,2025-09,2025-09.xlsx,3685.0
605,MUMBAI,TIRUPATI,5027.0,5043.0,0.443,2.477,0.0,0.0,2025-09,2025-09.xlsx,10070.0
606,MUMBAI,TRIVANDRUM,12560.0,16221.0,23.3705,15.8705,5.231230000000002,5.147379999999999,2025-09,2025-09.xlsx,28781.0
607,MUMBAI,UDAIPUR,24325.0,22438.0,15.438500000000001,0.298,0.0,0.0,2025-09,2025-09.xlsx,46763.0
608,MUMBAI,VADODARA,13905.0,14949.0,29.2435,0.0,11.120009999999999,0.0,2025-09,2025-09.xlsx,28854.0
609,MUMBAI,VARANASI,38194.0,36068.0,122.65301349999999,29.904220000000002,6.63988,0.555,2025-09,2025-09.xlsx,74262.0
610,MUMBAI,VIJAYAWADA,5880.0,6821.0,31.811999999999998,5.2025,7.901719999999999,0.12539999999999996,2025-09,2025-09.xlsx,12701.0
611,MUMBAI,VISAKHAPATNAM,9274.0,9357.0,15.193,3.321,1.774,1.528,2025-09,2025-09.xlsx,18631.0
612,MUMBAI,Ayodhya International Airport,9494.0,8961.0,0.541,0.0,0.0,0.0,2025-09,2025-09.xlsx,18455.0
613,MUMBAI,HINDON AIRPORT,6553.0,5347.0,0.0,0.0,0.0,0.0,2025-09,2025-09.xlsx,11900.0
614,MUMBAI,Amravati Airport,312.0,311.0,0.0,0.0,0.0,0.0,2025-09,2025-09.xlsx,623.0
615,NAGPUR,PUNE,12843.0,13564.0,9.499,49.309,7.49,3.013,2025-09,2025-09.xlsx,26407.0
616,NAGPUR,RAIPUR,0.0,179.0,0.0,0.0,0.0,0.0,2025-09,2025-09.xlsx,179.0
617,NANDED,PUNE,723.0,658.0,0.0,0.0,0.0,0.0,2025-09,2025-09.xlsx,1381.0
618,NANDED,HINDON AIRPORT,1078.0,1364.0,0.0,0.0,0.0,0.0,2025-09,2025-09.xlsx,2442.0
619,PANTNAGAR,PITHORAGARH,22.0,34.0,0.0,0.0,0.0,0.0,2025-09,2025-09.xlsx,56.0
620,PATNA,PUNE,3976.0,4952.0,2.58,16.937,1.348,0.906,2025-09,2025-09.xlsx,8928.0
621,PATNA,RANCHI,2370.0,2051.0,0.016,0.259,1.634,0.0,2025-09,2025-09.xlsx,4421.0
622,PATNA,HINDON AIRPORT,5677.0,7399.0,0.0,0.0,0.0,0.0,2025-09,2025-09.xlsx,13076.0
623,PORT BLAIR,VISAKHAPATNAM,1239.0,1423.0,0.14600000000000002,0.478,0.0,0.0,2025-09,2025-09.xlsx,2662.0
624,PUNE,RAIPUR,5055.0,5532.0,4.406,0.0,0.484,0.0,2025-09,2025-09.xlsx,10587.0
625,PUNE,Rajkot International Airport,2913.0,2430.0,0.782,2.842,0.0,0.0,2025-09,2025-09.xlsx,5343.0
626,PUNE,RANCHI,4746.0,3453.0,24.563,6.341,0.297,0.355,2025-09,2025-09.xlsx,8199.0
627,PUNE,SRINAGAR,1.0,0.0,0.0,0.0,0.0,0.0,2025-09,2025-09.xlsx,1.0
628,PUNE,SURAT,2880.0,2611.0,3.147,7.108,0.256,0.054,2025-09,2025-09.xlsx,5491.0
629,PUNE,TRIVANDRUM,2440.0,2687.0,1.032,0.312,0.287,0.0,2025-09,2025-09.xlsx,5127.0
630,PUNE,VADODARA,2050.0,1735.0,0.471,0.0,0.11,0.0,2025-09,2025-09.xlsx,3785.0
631,PUNE,VARANASI,4765.0,4170.0,1.314,0.791,0.054,0.0,2025-09,2025-09.xlsx,8935.0
632,PUNE,VIJAYAWADA,7.0,0.0,0.0,0.0,0.0,0.0,2025-09,2025-09.xlsx,7.0
633,RAIPUR,Utkela,12.0,13.0,0.0,0.0,0.0,0.0,2025-09,2025-09.xlsx,25.0
634,RAIPUR,VISAKHAPATNAM,846.0,932.0,0.0,0.0,0.0,0.0,2025-09,2025-09.xlsx,1778.0
635,RAJAHMUNDRY,TIRUCHIRAPALLY,19.0,12.0,0.0,0.0,0.0,0.0,2025-09,2025-09.xlsx,31.0
636,Rajkot International Airport,SURAT,111.0,0.0,0.0,0.0,0.0,0.0,2025-09,2025-09.xlsx,111.0
637,Shivamogga Airport,TIRUPATI,1267.0,806.0,0.0,0.0,0.0,0.0,2025-09,2025-09.xlsx,2073.0
638,TIRUPATI,VIJAYAWADA,1235.0,891.0,0.021,0.018,4.364,0.0,2025-09,2025-09.xlsx,2126.0
639,TIRUPATI,VISAKHAPATNAM,1595.0,1570.0,0.011,0.018,0.0,0.208,2025-09,2025-09.xlsx,3165.0
640,VARANASI,VISAKHAPATNAM,321.0,486.0,0.056,0.0,0.0,0.0,2025-09,2025-09.xlsx,807.0
641,VARANASI,HINDON AIRPORT,6287.0,6877.0,0.0,0.0,0.0,0.0,2025-09,2025-09.xlsx,13164.0
642,VIJAYAWADA,VISAKHAPATNAM,4955.0,2422.0,0.0,0.178,0.0,1.342,2025-09,2025-09.xlsx,7377.0
1,ADAMPUR,MUMBAI,4149.0,5330.0,0.0,0.194,0.0,0.0,2025-10,2025-10.xlsx,9479.0
2,ADAMPUR,HINDON AIRPORT,1476.0,1542.0,0.0,0.0,0.0,0.0,2025-10,2025-10.xlsx,3018.0
3,AGARTALA,AHMEDABAD,7.0,25.0,0.254,0.071,0.0,0.0,2025-10,2025-10.xlsx,32.0
4,AGARTALA,BAGDOGRA,151.0,357.0,0.0,0.0,0.0,0.0,2025-10,2025-10.xlsx,508.0
5,AGARTALA,BENGALURU,3759.0,3193.0,30.639,3.991,0.0,0.258,2025-10,2025-10.xlsx,6952.0
6,AGARTALA,CHENNAI,919.0,893.0,0.096,1.938,0.0,0.0,2025-10,2025-10.xlsx,1812.0
7,AGARTALA,DELHI,7479.0,7868.0,3.832,38.452,0.961,0.915,2025-10,2025-10.xlsx,15347.0
8,AGARTALA,DIBRUGARH,1078.0,510.0,0.019,0.017,0.0,0.0,2025-10,2025-10.xlsx,1588.0
9,AGARTALA,GUWAHATI,14134.0,13537.0,8.521,47.424,1.159,1.8398,2025-10,2025-10.xlsx,27671.0
10,AGARTALA,HYDERABAD,3446.0,3517.0,0.15,14.007,0.0,0.0,2025-10,2025-10.xlsx,6963.0
11,AGARTALA,IMPHAL,2070.0,1782.0,4.8,2.904,0.1,0.0,2025-10,2025-10.xlsx,3852.0
12,AGARTALA,JAIPUR,9.0,14.0,0.0,0.0,0.0,0.0,2025-10,2025-10.xlsx,23.0
13,AGARTALA,KOLKATA,37795.0,32844.0,11.071,137.333,2.731,1.306,2025-10,2025-10.xlsx,70639.0
14,AGARTALA,SILCHAR,53.0,67.0,0.0,0.0,0.0,0.0,2025-10,2025-10.xlsx,120.0
15,AGATTI ISLAND,BENGALURU,832.0,1077.0,0.0,0.215,0.0,0.0,2025-10,2025-10.xlsx,1909.0
16,AGATTI ISLAND,Goa,1539.0,2060.0,0.0,0.0,0.0,0.0,2025-10,2025-10.xlsx,3599.0
17,AGATTI ISLAND,KOCHI,1420.0,2168.0,0.0,0.028,0.0,0.0,2025-10,2025-10.xlsx,3588.0
18,AGATTI ISLAND,KOZHIKODE,872.0,771.0,0.0,0.0,0.0,0.0,2025-10,2025-10.xlsx,1643.0
19,AGRA,AHMEDABAD,1755.0,2043.0,0.886,0.028,0.0,0.0,2025-10,2025-10.xlsx,3798.0
20,AGRA,BENGALURU,3429.0,3641.0,1.251,3.251,0.0,0.0,2025-10,2025-10.xlsx,7070.0
21,AGRA,DELHI,0.0,2.0,0.0,0.016,0.0,0.0,2025-10,2025-10.xlsx,2.0
22,AGRA,HYDERABAD,1773.0,2005.0,1.441,2.26,0.0,0.0,2025-10,2025-10.xlsx,3778.0
23,AGRA,JAIPUR,0.0,69.0,0.0,0.0,0.0,0.0,2025-10,2025-10.xlsx,69.0
24,AGRA,MUMBAI,1900.0,2336.0,0.385,0.145,0.0,0.0,2025-10,2025-10.xlsx,4236.0
25,AHMEDABAD,Kishangarh,1679.0,1645.0,0.07,0.0,0.0,0.0,2025-10,2025-10.xlsx,3324.0
26,AHMEDABAD,AMRITSAR,2721.0,2404.0,0.506,0.0,0.176,0.0,2025-10,2025-10.xlsx,5125.0
27,AHMEDABAD,BAGDOGRA,6807.0,5027.0,5.2835,37.74103,0.222,0.107,2025-10,2025-10.xlsx,11834.0
28,AHMEDABAD,BELGAUM,567.0,541.0,0.0,0.0,0.0,0.0,2025-10,2025-10.xlsx,1108.0
29,AHMEDABAD,BENGALURU,51070.0,47438.0,706.072,537.9466699999999,2.739,8.24225,2025-10,2025-10.xlsx,98508.0
30,AHMEDABAD,BHOPAL,4025.0,3412.0,0.409,0.046,1.224,0.458,2025-10,2025-10.xlsx,7437.0
31,AHMEDABAD,BHUBANESWAR,4798.0,4558.0,22.053,2.73,2.335,1.182,2025-10,2025-10.xlsx,9356.0
32,AHMEDABAD,CHANDIGARH,8308.0,5464.0,24.377,27.355,2.31,0.847,2025-10,2025-10.xlsx,13772.0
33,AHMEDABAD,CHENNAI,15186.0,14728.0,160.549,141.472,2.459,6.146,2025-10,2025-10.xlsx,29914.0
34,AHMEDABAD,COIMBATORE,1170.0,1334.0,6.561,9.355,0.0,0.052,2025-10,2025-10.xlsx,2504.0
35,AHMEDABAD,DABOLIM,13788.0,12821.0,17.166,4.556,0.0,0.159,2025-10,2025-10.xlsx,26609.0
36,AHMEDABAD,DehraDun,4247.0,3959.0,5.325,0.269,1.366,0.104,2025-10,2025-10.xlsx,8206.0
37,AHMEDABAD,DELHI,104821.0,86037.0,1989.9513696999998,1607.4180300000003,10.045200000000001,14.48875,2025-10,2025-10.xlsx,190858.0
38,AHMEDABAD,DIBRUGARH,53.0,15.0,0.069,0.799,0.0,0.005,2025-10,2025-10.xlsx,68.0
39,AHMEDABAD,DIMAPUR,67.0,53.0,0.062,1.339,0.0,0.0,2025-10,2025-10.xlsx,120.0
40,AHMEDABAD,DIU,1854.0,1592.0,0.031,0.0,0.0,0.0,2025-10,2025-10.xlsx,3446.0
41,AHMEDABAD,DURGAPUR,227.0,185.0,0.395,3.425,0.0,0.0,2025-10,2025-10.xlsx,412.0
42,AHMEDABAD,Goa,19637.0,18643.0,38.749236,20.14996,0.371,0.0035,2025-10,2025-10.xlsx,38280.0
43,AHMEDABAD,GUWAHATI,4937.0,4513.0,17.961,12.078,4.528,0.566,2025-10,2025-10.xlsx,9450.0
44,AHMEDABAD,HYDERABAD,32203.0,25682.0,186.997,111.247,2.501,2.523,2025-10,2025-10.xlsx,57885.0
45,AHMEDABAD,INDORE,5239.0,5003.0,0.498,0.071,0.766,1.009,2025-10,2025-10.xlsx,10242.0
46,AHMEDABAD,JAIPUR,8523.0,7703.0,1.19,9.335,0.858,0.0,2025-10,2025-10.xlsx,16226.0
47,AHMEDABAD,JALGAON,243.0,246.0,0.0,0.0,0.0,0.0,2025-10,2025-10.xlsx,489.0
48,AHMEDABAD,JAMMU,2974.0,1708.0,2.632,0.113,0.0,0.0,2025-10,2025-10.xlsx,4682.0
49,AHMEDABAD,JAMNAGAR,1280.0,905.0,0.0,0.0,0.0,0.0,2025-10,2025-10.xlsx,2185.0
50,AHMEDABAD,JODHPUR,1641.0,1380.0,0.003,0.008,0.0,0.0,2025-10,2025-10.xlsx,3021.0
51,AHMEDABAD,KESHOD,59.0,49.0,0.0,0.0,0.0,0.0,2025-10,2025-10.xlsx,108.0
52,AHMEDABAD,KOCHI,11383.0,9355.0,43.740300000000005,16.192,2.881,2.303,2025-10,2025-10.xlsx,20738.0
53,AHMEDABAD,KOLKATA,27881.0,23876.0,236.49409,131.79975000000002,6.245,2.87153,2025-10,2025-10.xlsx,51757.0
54,AHMEDABAD,LUCKNOW,19987.0,11278.0,53.728,20.87,2.433,1.185,2025-10,2025-10.xlsx,31265.0
55,AHMEDABAD,MUMBAI,83400.0,84607.0,842.2862699999998,712.2750500000001,13.7499,36.71845999999999,2025-10,2025-10.xlsx,168007.0
56,AHMEDABAD,NAGPUR,4035.0,3731.0,0.425,0.019,0.949,2.987,2025-10,2025-10.xlsx,7766.0
57,AHMEDABAD,NANDED,904.0,235.0,0.0,0.0,0.0,0.0,2025-10,2025-10.xlsx,1139.0
58,AHMEDABAD,NASIK,2030.0,2033.0,0.054,0.0,0.0,0.0,2025-10,2025-10.xlsx,4063.0
59,AHMEDABAD,PATNA,9570.0,5623.0,43.37211,1.886,3.324,1.881,2025-10,2025-10.xlsx,15193.0
60,AHMEDABAD,PUNE,26277.0,27662.0,150.16778,123.73151,4.149,1.483,2025-10,2025-10.xlsx,53939.0
61,AHMEDABAD,RAIPUR,5098.0,4707.0,25.602,0.21,1.253,0.0,2025-10,2025-10.xlsx,9805.0
62,AHMEDABAD,Rajkot International Airport,0.0,136.0,0.0,0.0,0.0,0.0,2025-10,2025-10.xlsx,136.0
63,AHMEDABAD,RANCHI,5247.0,4804.0,12.463,1.562,1.852,0.657,2025-10,2025-10.xlsx,10051.0
64,AHMEDABAD,SRINAGAR,2770.0,2070.0,0.55,1.286,0.513,0.0,2025-10,2025-10.xlsx,4840.0
65,AHMEDABAD,TRIVANDRUM,1611.0,1666.0,1.451,0.215,0.0,0.0,2025-10,2025-10.xlsx,3277.0
66,AHMEDABAD,VARANASI,6911.0,5500.0,11.69421,7.011,0.531,0.0,2025-10,2025-10.xlsx,12411.0
67,AHMEDABAD,VISAKHAPATNAM,360.0,556.0,1.494,1.132,0.0,0.0,2025-10,2025-10.xlsx,916.0
68,AHMEDABAD,Ayodhya International Airport,4811.0,3137.0,2.739,0.238,0.0,0.0,2025-10,2025-10.xlsx,7948.0
69,AHMEDABAD,HINDON AIRPORT,4464.0,3608.0,0.0,0.0,0.0,0.0,2025-10,2025-10.xlsx,8072.0
70,AHMEDABAD,Purnia Airport,1966.0,1354.0,0.0,0.0,0.0,0.0,2025-10,2025-10.xlsx,3320.0
71,AIZAWL,BENGALURU,104.0,134.0,2.553,2.274,0.0,0.0,2025-10,2025-10.xlsx,238.0
72,AIZAWL,DELHI,5490.0,5671.0,18.807,33.952,0.0,0.847,2025-10,2025-10.xlsx,11161.0
73,AIZAWL,GUWAHATI,4581.0,4503.0,0.63,20.143,3.103,7.287,2025-10,2025-10.xlsx,9084.0
74,AIZAWL,IMPHAL,226.0,226.0,0.0,0.0,0.0,0.0,2025-10,2025-10.xlsx,452.0
75,AIZAWL,KOLKATA,5135.0,5057.0,11.285,8.003,14.997,9.997,2025-10,2025-10.xlsx,10192.0
76,AIZAWL,LUCKNOW,8.0,10.0,0.0,0.0,0.0,0.0,2025-10,2025-10.xlsx,18.0
77,AIZAWL,SHILLONG,164.0,99.0,0.0,0.0,0.0,0.0,2025-10,2025-10.xlsx,263.0
78,Kishangarh,LUCKNOW,731.0,1264.0,0.0,0.0,0.0,0.0,2025-10,2025-10.xlsx,1995.0
79,Kishangarh,NAGPUR,1142.0,1389.0,0.0,0.0,0.0,0.0,2025-10,2025-10.xlsx,2531.0
80,Kishangarh,PUNE,1120.0,1747.0,0.0,0.0,0.0,0.0,2025-10,2025-10.xlsx,2867.0
81,Kishangarh,HINDON AIRPORT,865.0,982.0,0.0,0.0,0.0,0.0,2025-10,2025-10.xlsx,1847.0
82,PRAYAGRAJ,BENGALURU,3305.0,4100.0,0.002,0.478,1.639,2.3,2025-10,2025-10.xlsx,7405.0
83,PRAYAGRAJ,BHUBANESWAR,909.0,949.0,0.0,0.0,0.0,0.0,2025-10,2025-10.xlsx,1858.0
84,PRAYAGRAJ,BILASPUR,187.0,56.0,0.0,0.0,0.0,0.0,2025-10,2025-10.xlsx,243.0
85,PRAYAGRAJ,DELHI,4880.0,5311.0,0.043,1.609,0.0,10.809,2025-10,2025-10.xlsx,10191.0
86,PRAYAGRAJ,HYDERABAD,1783.0,2249.0,0.0,0.274,0.499,0.0,2025-10,2025-10.xlsx,4032.0
87,PRAYAGRAJ,INDORE,60.0,65.0,0.0,0.0,0.0,0.0,2025-10,2025-10.xlsx,125.0
88,PRAYAGRAJ,KOLKATA,0.0,25.0,0.0,0.0,0.0,0.0,2025-10,2025-10.xlsx,25.0
89,PRAYAGRAJ,MUMBAI,9572.0,11805.0,0.061,1.842,0.95,10.36,2025-10,2025-10.xlsx,21377.0
90,PRAYAGRAJ,RAIPUR,277.0,426.0,0.0,0.0,0.0,0.0,2025-10,2025-10.xlsx,703.0
91,AMRITSAR,BENGALURU,4627.0,5826.0,22.855,7.058,0.0,2.958,2025-10,2025-10.xlsx,10453.0
92,AMRITSAR,CHENNAI,142.0,178.0,10.481,0.025,0.0,0.0,2025-10,2025-10.xlsx,320.0
93,AMRITSAR,DELHI,42357.0,46879.0,55.1325,40.045165999999995,0.0,0.36748000000000003,2025-10,2025-10.xlsx,89236.0
94,AMRITSAR,GUWAHATI,177.0,224.0,0.0,0.0,0.0,0.005,2025-10,2025-10.xlsx,401.0
95,AMRITSAR,HYDERABAD,3353.0,3674.0,11.506,0.39,0.0,0.324,2025-10,2025-10.xlsx,7027.0
96,AMRITSAR,KOCHI,174.0,269.0,0.07,0.006,0.0,0.0,2025-10,2025-10.xlsx,443.0
97,AMRITSAR,KOLKATA,1932.0,1914.0,0.505,0.481,0.0,0.0,2025-10,2025-10.xlsx,3846.0
98,AMRITSAR,KULLU,39.0,40.0,0.0,0.0,0.0,0.0,2025-10,2025-10.xlsx,79.0
99,AMRITSAR,MUMBAI,10912.0,13850.0,3.6105,39.564389999999996,0.0,4.995690000000001,2025-10,2025-10.xlsx,24762.0
100,AMRITSAR,PUNE,4024.0,4913.0,1.163,1.492,0.0,0.062,2025-10,2025-10.xlsx,8937.0
101,AMRITSAR,SIMLA,49.0,32.0,0.0,0.0,0.0,0.0,2025-10,2025-10.xlsx,81.0
102,AMRITSAR,SRINAGAR,5115.0,4473.0,1.546,0.639,0.29,1.868,2025-10,2025-10.xlsx,9588.0
103,AURANGABAD,BENGALURU,2164.0,2212.0,0.0,0.694,0.0,2.312,2025-10,2025-10.xlsx,4376.0
104,AURANGABAD,COIMBATORE,33.0,24.0,0.0,0.0,0.0,0.0,2025-10,2025-10.xlsx,57.0
105,AURANGABAD,DABOLIM,828.0,658.0,0.0,0.007,0.0,0.0,2025-10,2025-10.xlsx,1486.0
106,AURANGABAD,DELHI,11157.0,10767.0,0.0,139.2815,0.0,4.439,2025-10,2025-10.xlsx,21924.0
107,AURANGABAD,HYDERABAD,3522.0,3031.0,0.0,0.028,0.0,0.0,2025-10,2025-10.xlsx,6553.0
108,AURANGABAD,MUMBAI,9210.0,9059.0,0.0,14.565,0.0,19.109,2025-10,2025-10.xlsx,18269.0
109,BAGDOGRA,BENGALURU,28485.0,26169.0,61.1092,104.67201,0.181,4.79855,2025-10,2025-10.xlsx,54654.0
110,BAGDOGRA,BHUBANESWAR,780.0,757.0,0.001,0.0,0.0,0.0,2025-10,2025-10.xlsx,1537.0
111,BAGDOGRA,CHENNAI,8594.0,10835.0,10.997,9.955,1.198,0.57,2025-10,2025-10.xlsx,19429.0
112,BAGDOGRA,DELHI,47079.0,52884.0,197.4697548,287.7564062,2.2201,7.159,2025-10,2025-10.xlsx,99963.0
113,BAGDOGRA,DIBRUGARH,3924.0,3553.0,0.0,0.0,0.0,0.0,2025-10,2025-10.xlsx,7477.0
114,BAGDOGRA,DURGAPUR,406.0,377.0,0.01,0.0,0.0,0.0,2025-10,2025-10.xlsx,783.0
115,BAGDOGRA,GUWAHATI,853.0,4219.0,1.12648,17.92,0.0,0.42366,2025-10,2025-10.xlsx,5072.0
116,BAGDOGRA,HYDERABAD,15190.0,16626.0,37.828,10.238000000000001,0.687,0.0,2025-10,2025-10.xlsx,31816.0
117,BAGDOGRA,IMPHAL,610.0,751.0,0.0,0.0,0.0,0.0,2025-10,2025-10.xlsx,1361.0
118,BAGDOGRA,KOLKATA,26290.0,22544.0,54.3442,21.32513,7.143,4.16,2025-10,2025-10.xlsx,48834.0
119,BAGDOGRA,LEH,0.0,1.0,0.0,0.0,0.0,0.0,2025-10,2025-10.xlsx,1.0
120,BAGDOGRA,MUMBAI,14511.0,15911.0,33.14397,70.30989,1.521,1.46713,2025-10,2025-10.xlsx,30422.0
121,BAGDOGRA,PATNA,9.0,39.0,0.0,0.0,0.0,0.0,2025-10,2025-10.xlsx,48.0
122,BAREILLY,BENGALURU,2143.0,2232.0,0.0,0.316,0.0,0.0,2025-10,2025-10.xlsx,4375.0
123,BAREILLY,MUMBAI,2716.0,3352.0,0.0,0.158,0.0,0.0,2025-10,2025-10.xlsx,6068.0
124,BELGAUM,BENGALURU,4137.0,4325.0,0.01,0.207,0.0,0.0,2025-10,2025-10.xlsx,8462.0
125,BELGAUM,DELHI,4707.0,4003.0,0.026,0.373,0.0,0.0,2025-10,2025-10.xlsx,8710.0
126,BELGAUM,HYDERABAD,2107.0,2097.0,0.093,0.03,0.0,0.0,2025-10,2025-10.xlsx,4204.0
127,BELGAUM,JAIPUR,781.0,705.0,0.0,0.0,0.0,0.0,2025-10,2025-10.xlsx,1486.0
128,BELGAUM,MUMBAI,1420.0,1488.0,0.0,0.0,0.0,0.0,2025-10,2025-10.xlsx,2908.0
129,BENGALURU,BHOPAL,11271.0,10741.0,33.774,15.393,10.877,1.552,2025-10,2025-10.xlsx,22012.0
130,BENGALURU,BHUBANESWAR,30920.0,29295.0,159.52900000000002,16.46955,13.547349999999998,0.0,2025-10,2025-10.xlsx,60215.0
131,BENGALURU,BIDAR,1210.0,1803.0,0.0,0.0,0.0,0.0,2025-10,2025-10.xlsx,3013.0
132,BENGALURU,CHANDIGARH,21001.0,19120.0,102.86,103.873,7.942,0.0,2025-10,2025-10.xlsx,40121.0
133,BENGALURU,CHENNAI,65149.0,64736.0,618.0400753999999,557.916,19.456,28.97683,2025-10,2025-10.xlsx,129885.0
134,BENGALURU,COIMBATORE,16498.0,17055.0,26.258,28.375,5.141,2.264,2025-10,2025-10.xlsx,33553.0
135,BENGALURU,DABOLIM,38830.0,39342.0,49.156,41.462999999999994,1.036,0.875,2025-10,2025-10.xlsx,78172.0
136,BENGALURU,DARBHANGA,3907.0,2512.0,0.8333699999999999,23.40724,0.0,0.0,2025-10,2025-10.xlsx,6419.0
137,BENGALURU,DehraDun,8668.0,8584.0,7.996,20.684,5.738,0.633,2025-10,2025-10.xlsx,17252.0
138,BENGALURU,DELHI,189596.0,184679.0,4088.6834592000014,4097.3557068,22.44893,25.737,2025-10,2025-10.xlsx,374275.0
139,BENGALURU,Deoghar,5223.0,4660.0,0.058,0.0,0.0,0.0,2025-10,2025-10.xlsx,9883.0
140,BENGALURU,DIBRUGARH,512.0,376.0,0.409,0.0,0.0,0.0,2025-10,2025-10.xlsx,888.0
141,BENGALURU,DURGAPUR,5371.0,5245.0,3.186,11.533,0.0,0.0,2025-10,2025-10.xlsx,10616.0
142,BENGALURU,Goa,30984.0,30282.0,20.947,40.161,0.0,0.0,2025-10,2025-10.xlsx,61266.0
143,BENGALURU,GORAKHPUR,12003.0,11079.0,61.5085,54.86118,1.7659500000000001,0.519,2025-10,2025-10.xlsx,23082.0
144,BENGALURU,GUWAHATI,37881.0,33227.0,305.53185,75.4608,11.77696,3.88863,2025-10,2025-10.xlsx,71108.0
145,BENGALURU,GWALIOR,4393.0,3447.0,0.0,0.0,0.0,0.0,2025-10,2025-10.xlsx,7840.0
146,BENGALURU,HUBLI,3788.0,3984.0,0.661,0.691,0.27,0.859,2025-10,2025-10.xlsx,7772.0
147,BENGALURU,HYDERABAD,94514.0,92340.0,658.2439271000001,181.67656329999997,31.59,19.6863,2025-10,2025-10.xlsx,186854.0
148,BENGALURU,IMPHAL,791.0,607.0,6.592,23.086,0.006,0.0,2025-10,2025-10.xlsx,1398.0
149,BENGALURU,INDORE,23532.0,20440.0,148.251,60.665,4.938,1.731,2025-10,2025-10.xlsx,43972.0
150,BENGALURU,JABALPUR,4502.0,4008.0,0.086,0.0,0.0,0.0,2025-10,2025-10.xlsx,8510.0
151,BENGALURU,JAIPUR,33847.0,30355.0,106.928,161.863,14.479,1.771,2025-10,2025-10.xlsx,64202.0
152,BENGALURU,JAISALMER,991.0,791.0,0.0,0.0,0.0,0.0,2025-10,2025-10.xlsx,1782.0
153,BENGALURU,JAMMU,2566.0,2509.0,3.467,0.0,0.084,0.0,2025-10,2025-10.xlsx,5075.0
154,BENGALURU,JHARSUGUDA,5022.0,4844.0,0.181,0.0,0.0,0.0,2025-10,2025-10.xlsx,9866.0
155,BENGALURU,JODHPUR,6552.0,6364.0,4.61,1.219,3.558,2.002,2025-10,2025-10.xlsx,12916.0
156,BENGALURU,KALABURAGI,134.0,107.0,0.0,0.0,0.0,0.0,2025-10,2025-10.xlsx,241.0
157,BENGALURU,KANNUR,5671.0,6250.0,0.197,0.06,0.157,0.0,2025-10,2025-10.xlsx,11921.0
158,BENGALURU,KANPUR,4339.0,3474.0,1.608,1.201,0.0,0.0,2025-10,2025-10.xlsx,7813.0
159,BENGALURU,KOCHI,53276.0,55007.0,286.37823,106.0758,28.461,10.296,2025-10,2025-10.xlsx,108283.0
160,BENGALURU,KOLHAPUR,2019.0,2116.0,0.224,2.504,0.0,0.0,2025-10,2025-10.xlsx,4135.0
161,BENGALURU,KOLKATA,103186.0,99045.0,948.34519,828.5503100000002,19.209,9.13877,2025-10,2025-10.xlsx,202231.0
162,BENGALURU,KOZHIKODE,12421.0,13975.0,6.474,0.169,1.552,0.0,2025-10,2025-10.xlsx,26396.0
163,BENGALURU,KURNOOL,179.0,206.0,0.037,0.0,0.0,0.0,2025-10,2025-10.xlsx,385.0
164,BENGALURU,LUCKNOW,42695.0,33606.0,416.6756,228.92870000000002,18.89806,2.755,2025-10,2025-10.xlsx,76301.0
165,BENGALURU,MADURAI,9246.0,8502.0,0.52,0.208,1.505,1.164,2025-10,2025-10.xlsx,17748.0
166,BENGALURU,Malvan,1081.0,925.0,0.0,0.0,0.0,0.0,2025-10,2025-10.xlsx,2006.0
167,BENGALURU,MANGALORE,35375.0,37491.0,14.722,3.498,1.908,197.996,2025-10,2025-10.xlsx,72866.0
168,BENGALURU,MUMBAI,152514.0,165883.0,1638.4475232,1594.850054,12.71423,32.608019999999996,2025-10,2025-10.xlsx,318397.0
169,BENGALURU,NAGPUR,15740.0,14855.0,75.569,29.949,7.677,5.795,2025-10,2025-10.xlsx,30595.0
170,BENGALURU,NANDED,1851.0,1780.0,0.0,0.0,0.0,0.0,2025-10,2025-10.xlsx,3631.0
171,BENGALURU,NASIK,4969.0,4956.0,0.94,0.177,0.38,0.159,2025-10,2025-10.xlsx,9925.0
172,BENGALURU,PATNA,36202.0,24150.0,155.86332290000001,16.75734,41.919,3.534,2025-10,2025-10.xlsx,60352.0
173,BENGALURU,PONDICHERRY,1951.0,1959.0,0.357,0.0,0.0,0.0,2025-10,2025-10.xlsx,3910.0
174,BENGALURU,PORT BLAIR,9800.0,9616.0,21.734,6.55,2.605,0.88,2025-10,2025-10.xlsx,19416.0
175,BENGALURU,PUNE,70666.0,74320.0,392.72703,238.404,13.741140000000001,4.377000000000001,2025-10,2025-10.xlsx,144986.0
176,BENGALURU,RAIPUR,11736.0,11160.0,45.637,1.824,7.505,0.0,2025-10,2025-10.xlsx,22896.0
177,BENGALURU,RAJAHMUNDRY,3572.0,3474.0,0.039,0.004,0.0,0.0,2025-10,2025-10.xlsx,7046.0
178,BENGALURU,Rajkot International Airport,6035.0,6113.0,13.658,9.628,1.691,0.0,2025-10,2025-10.xlsx,12148.0
179,BENGALURU,RANCHI,20333.0,17938.0,305.135,24.857200000000002,7.045,1.575,2025-10,2025-10.xlsx,38271.0
180,BENGALURU,SALEM,1254.0,1430.0,0.222,0.0,0.0,0.0,2025-10,2025-10.xlsx,2684.0
181,BENGALURU,SHIRDI,6222.0,6048.0,7.406,0.0,0.0,0.0,2025-10,2025-10.xlsx,12270.0
182,BENGALURU,Shivamogga Airport,1673.0,1491.0,0.27,0.0,0.0,0.0,2025-10,2025-10.xlsx,3164.0
183,BENGALURU,SILCHAR,50.0,18.0,0.163,0.0,0.0,0.0,2025-10,2025-10.xlsx,68.0
184,BENGALURU,SRINAGAR,1851.0,2373.0,2.573,15.532,1.099,0.0,2025-10,2025-10.xlsx,4224.0
185,BENGALURU,SURAT,14355.0,14799.0,27.479,72.357,1.603,1.795,2025-10,2025-10.xlsx,29154.0
186,BENGALURU,TIRUCHIRAPALLY,10084.0,10044.0,2.25,0.085,1.049,0.0,2025-10,2025-10.xlsx,20128.0
187,BENGALURU,TIRUPATI,3373.0,3128.0,0.077,0.001,0.268,0.0,2025-10,2025-10.xlsx,6501.0
188,BENGALURU,TRIVANDRUM,28565.0,31124.0,30.244999999999997,22.757,11.425,4.843,2025-10,2025-10.xlsx,59689.0
189,BENGALURU,TUTICORIN,1928.0,1986.0,0.206,0.0,0.0,0.0,2025-10,2025-10.xlsx,3914.0
190,BENGALURU,UDAIPUR,5255.0,5329.0,14.618,0.53,0.0,0.0,2025-10,2025-10.xlsx,10584.0
191,BENGALURU,VADODARA,4762.0,4955.0,9.597,0.0,5.694,0.0,2025-10,2025-10.xlsx,9717.0
192,BENGALURU,VARANASI,41366.0,36037.0,369.41865,281.59833,7.2547999999999995,0.246,2025-10,2025-10.xlsx,77403.0
193,BENGALURU,VIJAYAWADA,11717.0,11724.0,1.009,0.036,1.026,0.297,2025-10,2025-10.xlsx,23441.0
194,BENGALURU,VISAKHAPATNAM,23113.0,21816.0,82.196,11.74,6.699,0.758,2025-10,2025-10.xlsx,44929.0
195,BENGALURU,Ayodhya International Airport,11713.0,9128.0,0.189,0.0,0.0,0.0,2025-10,2025-10.xlsx,20841.0
196,BENGALURU,HINDON AIRPORT,16423.0,15002.0,0.128,0.0,0.0,0.0,2025-10,2025-10.xlsx,31425.0
197,BHATINDA,DELHI,189.0,218.0,0.0,0.0,0.0,0.0,2025-10,2025-10.xlsx,407.0
198,BHOPAL,DABOLIM,949.0,735.0,0.206,0.036,0.0,0.01,2025-10,2025-10.xlsx,1684.0
199,BHOPAL,DELHI,25851.0,24020.0,16.464000000000002,122.10400000000001,14.04899,20.171580000000002,2025-10,2025-10.xlsx,49871.0
200,BHOPAL,HYDERABAD,3872.0,3817.0,0.024,0.271,0.586,0.938,2025-10,2025-10.xlsx,7689.0
201,BHOPAL,MUMBAI,13047.0,14739.0,20.9855,58.6991745,3.85115,17.21645,2025-10,2025-10.xlsx,27786.0
202,BHOPAL,PUNE,3302.0,4464.0,0.0,2.029,0.0,0.53,2025-10,2025-10.xlsx,7766.0
203,BHOPAL,RAIPUR,1963.0,1928.0,0.0,0.0,1.04,0.0,2025-10,2025-10.xlsx,3891.0
204,BHOPAL,REWA,138.0,112.0,0.0,0.0,0.0,0.0,2025-10,2025-10.xlsx,250.0
205,BHOPAL,DATIA AIRPORT,10.0,0.0,0.0,0.0,0.0,0.0,2025-10,2025-10.xlsx,10.0
206,BHUBANESWAR,CHANDIGARH,572.0,580.0,0.378,3.658,0.0,0.0,2025-10,2025-10.xlsx,1152.0
207,BHUBANESWAR,CHENNAI,10103.0,11922.0,1.527,30.52,2.098,7.072,2025-10,2025-10.xlsx,22025.0
208,BHUBANESWAR,DABOLIM,1583.0,1697.0,0.106,0.019,0.0,0.056,2025-10,2025-10.xlsx,3280.0
209,BHUBANESWAR,DehraDun,1942.0,2067.0,0.0,0.0,0.0,0.0,2025-10,2025-10.xlsx,4009.0
210,BHUBANESWAR,DELHI,48145.0,54189.0,96.31,471.83056450000004,8.212550000000002,13.199369999999998,2025-10,2025-10.xlsx,102334.0
211,BHUBANESWAR,DIMAPUR,39.0,24.0,0.0,0.0,0.0,0.0,2025-10,2025-10.xlsx,63.0
212,BHUBANESWAR,DURGAPUR,771.0,718.0,0.0,0.0,0.0,0.0,2025-10,2025-10.xlsx,1489.0
213,BHUBANESWAR,Goa,271.0,272.0,0.0,0.0,0.0,0.0,2025-10,2025-10.xlsx,543.0
214,BHUBANESWAR,GUWAHATI,5152.0,5168.0,0.469,3.52,0.0,0.551,2025-10,2025-10.xlsx,10320.0
215,BHUBANESWAR,HYDERABAD,23917.0,26384.0,6.153370000000001,37.842,0.712,8.309,2025-10,2025-10.xlsx,50301.0
216,BHUBANESWAR,INDORE,2751.0,3125.0,0.001,0.658,0.0,0.0,2025-10,2025-10.xlsx,5876.0
217,BHUBANESWAR,JAIPUR,1121.0,1189.0,0.0,0.0,0.0,0.0,2025-10,2025-10.xlsx,2310.0
218,BHUBANESWAR,JAMMU,34.0,25.0,0.0,0.0,0.0,0.0,2025-10,2025-10.xlsx,59.0
219,BHUBANESWAR,JAMSHEDPUR,193.0,236.0,0.0,0.0,0.0,0.0,2025-10,2025-10.xlsx,429.0
220,BHUBANESWAR,JEYPORE,468.0,478.0,0.0,0.0,0.0,0.0,2025-10,2025-10.xlsx,946.0
221,BHUBANESWAR,JHARSUGUDA,1507.0,1637.0,0.0,0.0,0.0,0.0,2025-10,2025-10.xlsx,3144.0
222,BHUBANESWAR,KOCHI,684.0,716.0,0.1,1.934,0.0,0.0,2025-10,2025-10.xlsx,1400.0
223,BHUBANESWAR,KOLKATA,16095.0,16020.0,5.386,14.307,0.0,7.765,2025-10,2025-10.xlsx,32115.0
224,BHUBANESWAR,LUCKNOW,1787.0,2171.0,0.519,1.753,0.0,0.323,2025-10,2025-10.xlsx,3958.0
225,BHUBANESWAR,MUMBAI,21267.0,26023.0,20.452,78.461,4.151,8.883,2025-10,2025-10.xlsx,47290.0
226,BHUBANESWAR,PATNA,3578.0,2960.0,0.048,0.004,0.648,2.869,2025-10,2025-10.xlsx,6538.0
227,BHUBANESWAR,PORT BLAIR,2336.0,2730.0,5.118,0.0,0.0,0.0,2025-10,2025-10.xlsx,5066.0
228,BHUBANESWAR,PUNE,3957.0,4227.0,0.0,0.0,0.0,0.0,2025-10,2025-10.xlsx,8184.0
229,BHUBANESWAR,RAIPUR,3226.0,3372.0,0.693,0.066,0.0,0.0,2025-10,2025-10.xlsx,6598.0
230,BHUBANESWAR,RANCHI,2100.0,1807.0,0.006,0.028,0.0,0.378,2025-10,2025-10.xlsx,3907.0
231,BHUBANESWAR,Utkela,121.0,158.0,0.0,0.0,0.0,0.0,2025-10,2025-10.xlsx,279.0
232,BHUBANESWAR,VARANASI,1242.0,1329.0,0.001,0.0,0.0,0.0,2025-10,2025-10.xlsx,2571.0
233,BHUBANESWAR,VISAKHAPATNAM,2566.0,3630.0,0.0,1.506,0.0,0.0,2025-10,2025-10.xlsx,6196.0
234,BHUJ,DELHI,4392.0,3965.0,0.0,0.0695,0.0,0.0,2025-10,2025-10.xlsx,8357.0
235,BHUJ,MUMBAI,5708.0,5907.0,0.0,0.111,0.0,0.0,2025-10,2025-10.xlsx,11615.0
236,BHUJ,SURAT,893.0,934.0,0.0,0.0,0.0,0.0,2025-10,2025-10.xlsx,1827.0
237,BIKANER,DELHI,1919.0,2063.0,0.0,0.208,0.0,0.0,2025-10,2025-10.xlsx,3982.0
238,BIKANER,JAIPUR,0.0,70.0,0.0,0.0,0.0,0.0,2025-10,2025-10.xlsx,70.0
239,BILASPUR,DELHI,263.0,278.0,0.0,0.0,0.0,0.0,2025-10,2025-10.xlsx,541.0
240,BILASPUR,JABALPUR,197.0,154.0,0.0,0.0,0.0,0.0,2025-10,2025-10.xlsx,351.0
241,BILASPUR,JAGDALPUR,119.0,39.0,0.0,0.0,0.0,0.0,2025-10,2025-10.xlsx,158.0
242,BILASPUR,KOLKATA,124.0,92.0,0.0,0.0,0.0,0.0,2025-10,2025-10.xlsx,216.0
243,BILASPUR,VARANASI,58.0,0.0,0.0,0.0,0.0,0.0,2025-10,2025-10.xlsx,58.0
244,BILASPUR,Ambikapur Airport,5.0,4.0,0.0,0.0,0.0,0.0,2025-10,2025-10.xlsx,9.0
245,CHANDIGARH,CHENNAI,3855.0,4683.0,49.709,34.554,0.183,1.404,2025-10,2025-10.xlsx,8538.0
246,CHANDIGARH,DABOLIM,4760.0,5618.0,3.979,9.797,0.0,0.149,2025-10,2025-10.xlsx,10378.0
247,CHANDIGARH,DELHI,30569.0,31229.0,106.4135,47.465697399999996,7.933000000000001,11.473269999999996,2025-10,2025-10.xlsx,61798.0
248,CHANDIGARH,DHARAMSALA,1193.0,1089.0,0.013,0.0,0.0,0.0,2025-10,2025-10.xlsx,2282.0
249,CHANDIGARH,GUWAHATI,586.0,833.0,8.253,1.356,0.241,0.296,2025-10,2025-10.xlsx,1419.0
250,CHANDIGARH,HISSAR,34.0,32.0,0.0,0.0,0.0,0.0,2025-10,2025-10.xlsx,66.0
251,CHANDIGARH,HYDERABAD,10857.0,11846.0,83.871,36.619,0.661,1.73,2025-10,2025-10.xlsx,22703.0
252,CHANDIGARH,INDORE,1565.0,1379.0,8.947,1.197,0.439,0.0,2025-10,2025-10.xlsx,2944.0
253,CHANDIGARH,JAIPUR,4565.0,4917.0,0.005,0.142,0.0,0.0,2025-10,2025-10.xlsx,9482.0
254,CHANDIGARH,JAMMU,1057.0,1063.0,0.038,0.0,0.0,0.0,2025-10,2025-10.xlsx,2120.0
255,CHANDIGARH,KOLKATA,11800.0,11546.0,65.3808323,80.9697996,0.8340000000000002,0.5993,2025-10,2025-10.xlsx,23346.0
256,CHANDIGARH,LEH,390.0,777.0,0.207,0.138,0.0,0.0,2025-10,2025-10.xlsx,1167.0
257,CHANDIGARH,LUCKNOW,3401.0,3013.0,3.171,0.603,0.335,2.245,2025-10,2025-10.xlsx,6414.0
258,CHANDIGARH,MUMBAI,17470.0,20649.0,107.4085,173.8619299,2.477,7.94639,2025-10,2025-10.xlsx,38119.0
259,CHANDIGARH,PANTNAGAR,0.0,15.0,0.0,0.0,0.0,0.0,2025-10,2025-10.xlsx,15.0
260,CHANDIGARH,PATNA,3526.0,2518.0,3.261,0.077,0.328,0.945,2025-10,2025-10.xlsx,6044.0
261,CHANDIGARH,PUNE,4227.0,5309.0,28.545,27.438,0.0,0.0,2025-10,2025-10.xlsx,9536.0
262,CHANDIGARH,SRINAGAR,7603.0,8550.0,4.912,1.25,0.57,1.372,2025-10,2025-10.xlsx,16153.0
263,CHANDIGARH,UDAIPUR,0.0,202.0,0.0,0.0,0.0,0.0,2025-10,2025-10.xlsx,202.0
264,CHENNAI,COIMBATORE,36599.0,37403.0,24.502,97.727,3.077,12.551,2025-10,2025-10.xlsx,74002.0
265,CHENNAI,DABOLIM,4945.0,5041.0,6.449,11.036,0.663,0.602,2025-10,2025-10.xlsx,9986.0
266,CHENNAI,DehraDun,688.0,712.0,1.915,31.587,0.0,0.423,2025-10,2025-10.xlsx,1400.0
267,CHENNAI,DELHI,89247.0,87184.0,2211.9998699000007,1893.1057603999998,54.85658000000001,31.18826,2025-10,2025-10.xlsx,176431.0
268,CHENNAI,DURGAPUR,3641.0,3618.0,0.225,3.727,0.0,0.0,2025-10,2025-10.xlsx,7259.0
269,CHENNAI,Goa,6406.0,7057.0,7.585,32.85,0.0,0.637,2025-10,2025-10.xlsx,13463.0
270,CHENNAI,GUWAHATI,15967.0,15673.0,45.37,23.839,6.414,2.831,2025-10,2025-10.xlsx,31640.0
271,CHENNAI,HYDERABAD,67639.0,66702.0,543.00058,526.57233,16.1,16.276,2025-10,2025-10.xlsx,134341.0
272,CHENNAI,INDORE,7724.0,7712.0,40.841,94.541,2.017,1.608,2025-10,2025-10.xlsx,15436.0
273,CHENNAI,JAIPUR,7409.0,7129.0,44.9,71.976,5.398,1.023,2025-10,2025-10.xlsx,14538.0
274,CHENNAI,JAMMU,33.0,38.0,0.0,0.0,0.0,0.0,2025-10,2025-10.xlsx,71.0
275,CHENNAI,Cuddapah,518.0,538.0,0.078,0.0,0.0,0.0,2025-10,2025-10.xlsx,1056.0
276,CHENNAI,KANNUR,1418.0,1781.0,0.02,0.0,0.0,0.0,2025-10,2025-10.xlsx,3199.0
277,CHENNAI,KANPUR,21.0,8.0,0.0,0.0,0.0,0.0,2025-10,2025-10.xlsx,29.0
278,CHENNAI,KOCHI,28185.0,32761.0,53.66955,39.098,14.088,6.405,2025-10,2025-10.xlsx,60946.0
279,CHENNAI,KOLKATA,45739.0,42395.0,230.44536,166.48917,14.443,3.469,2025-10,2025-10.xlsx,88134.0
280,CHENNAI,KOZHIKODE,3735.0,4261.0,0.429,0.016,1.009,0.0,2025-10,2025-10.xlsx,7996.0
281,CHENNAI,LUCKNOW,4019.0,3610.0,43.523,20.802,2.851,1.752,2025-10,2025-10.xlsx,7629.0
282,CHENNAI,MADURAI,17115.0,16137.0,1.449,7.281,1.841,5.368,2025-10,2025-10.xlsx,33252.0
283,CHENNAI,MANGALORE,3653.0,3648.0,0.16,0.037,0.0,4.322,2025-10,2025-10.xlsx,7301.0
284,CHENNAI,MUMBAI,80161.0,91727.0,571.6372981000001,704.8927723999999,42.32358000000001,27.923019999999998,2025-10,2025-10.xlsx,171888.0
285,CHENNAI,MYSORE,1944.0,1872.0,0.244,0.0,0.0,0.0,2025-10,2025-10.xlsx,3816.0
286,CHENNAI,PATNA,9520.0,6685.0,24.094,2.057,32.557,2.124,2025-10,2025-10.xlsx,16205.0
287,CHENNAI,PORT BLAIR,22465.0,22041.0,159.6586,88.168,34.985730000000004,5.192,2025-10,2025-10.xlsx,44506.0
288,CHENNAI,PUNE,32131.0,36660.0,323.91883,197.32073,5.871,3.617,2025-10,2025-10.xlsx,68791.0
289,CHENNAI,RAIPUR,5907.0,4405.0,12.997,13.229,0.874,0.0,2025-10,2025-10.xlsx,10312.0
290,CHENNAI,RAJAHMUNDRY,1933.0,1891.0,0.059,0.003,0.0,0.0,2025-10,2025-10.xlsx,3824.0
291,CHENNAI,RANCHI,5319.0,4434.0,21.465,2.384,2.397,0.406,2025-10,2025-10.xlsx,9753.0
292,CHENNAI,SALEM,1771.0,1913.0,0.107,0.0,0.0,0.0,2025-10,2025-10.xlsx,3684.0
293,CHENNAI,SHIRDI,4817.0,4958.0,0.518,0.0,0.0,0.0,2025-10,2025-10.xlsx,9775.0
294,CHENNAI,Shivamogga Airport,646.0,803.0,0.9552499999999998,1.709,0.0,0.0,2025-10,2025-10.xlsx,1449.0
295,CHENNAI,SURAT,2312.0,2687.0,16.165,21.187,0.168,0.323,2025-10,2025-10.xlsx,4999.0
296,CHENNAI,TIRUCHIRAPALLY,12135.0,11846.0,0.371,0.057,0.321,0.0,2025-10,2025-10.xlsx,23981.0
297,CHENNAI,TRIVANDRUM,10210.0,12244.0,6.252,3.84,6.286,4.133,2025-10,2025-10.xlsx,22454.0
298,CHENNAI,TUTICORIN,10961.0,10769.0,0.57,0.245,0.0,0.0,2025-10,2025-10.xlsx,21730.0
299,CHENNAI,VADODARA,226.0,126.0,0.282,0.0,0.0,0.0,2025-10,2025-10.xlsx,352.0
300,CHENNAI,VARANASI,6133.0,5235.0,4.337,16.71,0.414,0.056,2025-10,2025-10.xlsx,11368.0
301,CHENNAI,VIJAYAWADA,3771.0,3926.0,0.922,0.046,0.0,0.0,2025-10,2025-10.xlsx,7697.0
302,CHENNAI,VISAKHAPATNAM,12160.0,11496.0,24.884,11.022,7.52,1.596,2025-10,2025-10.xlsx,23656.0
303,CHENNAI,HINDON AIRPORT,6621.0,6661.0,0.0,0.0,0.0,0.0,2025-10,2025-10.xlsx,13282.0
304,COIMBATORE,DABOLIM,2045.0,2054.0,0.0,0.0,0.0,0.0,2025-10,2025-10.xlsx,4099.0
305,COIMBATORE,DELHI,18934.0,17844.0,253.00150000000002,221.67649999999998,5.377,3.27,2025-10,2025-10.xlsx,36778.0
306,COIMBATORE,DURGAPUR,13.0,22.0,0.0,0.007,0.0,0.0,2025-10,2025-10.xlsx,35.0
307,COIMBATORE,GUWAHATI,388.0,251.0,7.796,0.769,1.285,0.0,2025-10,2025-10.xlsx,639.0
308,COIMBATORE,HYDERABAD,22206.0,20209.0,99.079,20.272,2.386,3.266,2025-10,2025-10.xlsx,42415.0
309,COIMBATORE,JAIPUR,93.0,60.0,0.013,0.0,0.0,0.0,2025-10,2025-10.xlsx,153.0
310,COIMBATORE,KOLKATA,0.0,5.0,0.0,0.12,0.0,0.0,2025-10,2025-10.xlsx,5.0
311,COIMBATORE,LUCKNOW,20.0,0.0,0.0,0.0,0.0,0.0,2025-10,2025-10.xlsx,20.0
312,COIMBATORE,MUMBAI,20489.0,23781.0,228.49599999999998,243.03975270000004,5.888,6.21265,2025-10,2025-10.xlsx,44270.0
313,COIMBATORE,NAGPUR,0.0,8.0,0.0,0.0,0.0,0.0,2025-10,2025-10.xlsx,8.0
314,COIMBATORE,NASIK,35.0,42.0,0.002,0.0,0.0,0.0,2025-10,2025-10.xlsx,77.0
315,COIMBATORE,PUNE,4832.0,4912.0,16.905,22.71,0.0,0.489,2025-10,2025-10.xlsx,9744.0
316,COIMBATORE,SHIRDI,14.0,30.0,0.0,0.0,0.0,0.0,2025-10,2025-10.xlsx,44.0
317,COIMBATORE,VISAKHAPATNAM,103.0,243.0,0.034,0.015,0.0,0.0,2025-10,2025-10.xlsx,346.0
318,COOCH BEHAR,KOLKATA,267.0,244.0,0.0,0.0,0.0,0.0,2025-10,2025-10.xlsx,511.0
319,DABOLIM,DELHI,45812.0,43147.0,65.22200000000001,123.0046025,6.094710000000001,3.37108,2025-10,2025-10.xlsx,88959.0
320,DABOLIM,HYDERABAD,31606.0,31106.0,29.537,21.593,0.56,0.26,2025-10,2025-10.xlsx,62712.0
321,DABOLIM,INDORE,4903.0,4952.0,0.434,1.263,0.164,0.0,2025-10,2025-10.xlsx,9855.0
322,DABOLIM,JAIPUR,1007.0,1024.0,0.0,0.127,0.017,0.0,2025-10,2025-10.xlsx,2031.0
323,DABOLIM,KOCHI,4507.0,4043.0,9.458,3.123,0.267,0.0,2025-10,2025-10.xlsx,8550.0
324,DABOLIM,KOLKATA,6618.0,5685.0,5.418,12.022,0.984,0.18,2025-10,2025-10.xlsx,12303.0
325,DABOLIM,LUCKNOW,6169.0,4442.0,4.039,1.553,0.368,0.095,2025-10,2025-10.xlsx,10611.0
326,DABOLIM,MUMBAI,58704.0,64522.0,46.860699999999994,102.8575,4.4166,19.242299999999997,2025-10,2025-10.xlsx,123226.0
327,DABOLIM,NAGPUR,640.0,0.0,0.144,0.0,0.165,0.0,2025-10,2025-10.xlsx,640.0
328,DABOLIM,NASIK,1042.0,1084.0,0.007,0.0,0.0,0.0,2025-10,2025-10.xlsx,2126.0
329,DABOLIM,PUNE,4239.0,4483.0,0.223,3.089,0.379,0.0,2025-10,2025-10.xlsx,8722.0
330,DABOLIM,RAIPUR,5716.0,5279.0,7.854,0.009,0.089,0.0,2025-10,2025-10.xlsx,10995.0
331,DABOLIM,SURAT,5814.0,5854.0,8.567,32.076,0.177,0.05,2025-10,2025-10.xlsx,11668.0
332,DABOLIM,HINDON AIRPORT,3581.0,3884.0,0.0,0.0,0.0,0.0,2025-10,2025-10.xlsx,7465.0
333,DARBHANGA,DELHI,16229.0,17894.0,5.449020000000001,28.318740000000002,0.0,0.0,2025-10,2025-10.xlsx,34123.0
334,DARBHANGA,HYDERABAD,3411.0,4364.0,0.0,0.139,0.0,0.0,2025-10,2025-10.xlsx,7775.0
335,DARBHANGA,KOLKATA,1594.0,1889.0,0.0,0.108,0.0,0.0,2025-10,2025-10.xlsx,3483.0
336,DARBHANGA,MUMBAI,10637.0,14468.0,0.0,34.26183,0.0,0.0,2025-10,2025-10.xlsx,25105.0
337,DARBHANGA,PUNE,5.0,0.0,0.0,0.0,0.0,0.0,2025-10,2025-10.xlsx,5.0
338,DARBHANGA,SRINAGAR,0.0,9.0,0.0,0.0,0.0,0.0,2025-10,2025-10.xlsx,9.0
339,DehraDun,DELHI,27256.0,29964.0,31.681,7.639,8.392,12.543,2025-10,2025-10.xlsx,57220.0
340,DehraDun,GUWAHATI,163.0,218.0,0.034,0.0,0.0,0.221,2025-10,2025-10.xlsx,381.0
341,DehraDun,HYDERABAD,4949.0,4787.0,5.635,7.892,0.328,1.57,2025-10,2025-10.xlsx,9736.0
342,DehraDun,INDORE,41.0,87.0,0.0,0.0,0.0,0.0,2025-10,2025-10.xlsx,128.0
343,DehraDun,JAIPUR,3485.0,3477.0,0.0,0.0,0.0,0.0,2025-10,2025-10.xlsx,6962.0
344,DehraDun,KOLKATA,2616.0,2495.0,4.801,0.78,0.17,0.0,2025-10,2025-10.xlsx,5111.0
345,DehraDun,KULLU,29.0,35.0,0.0,0.0,0.0,0.0,2025-10,2025-10.xlsx,64.0
346,DehraDun,LUCKNOW,3800.0,4099.0,0.206,0.7,0.428,1.507,2025-10,2025-10.xlsx,7899.0
347,DehraDun,MUMBAI,9386.0,9488.0,3.112,8.542,0.832,2.398,2025-10,2025-10.xlsx,18874.0
348,DehraDun,PUNE,4004.0,4237.0,10.806,6.549,0.262,0.317,2025-10,2025-10.xlsx,8241.0
349,DELHI,Deoghar,8961.0,7003.0,0.033,0.0,0.0,0.0,2025-10,2025-10.xlsx,15964.0
350,DELHI,DHARAMSALA,5749.0,4790.0,0.156,0.0,0.0,0.0,2025-10,2025-10.xlsx,10539.0
351,DELHI,DIBRUGARH,10318.0,9609.0,36.158,2.532,2.793,2.809,2025-10,2025-10.xlsx,19927.0
352,DELHI,DIMAPUR,5146.0,4597.0,5.858,17.909,4.041,8.666,2025-10,2025-10.xlsx,9743.0
353,DELHI,DURGAPUR,6260.0,5718.0,16.662,21.596,0.0,0.0,2025-10,2025-10.xlsx,11978.0
354,DELHI,GAYA,8475.0,6967.0,0.17,0.0,0.0,0.0,2025-10,2025-10.xlsx,15442.0
355,DELHI,Goa,47138.0,51253.0,163.0340564,136.4900826,0.291,4.36451,2025-10,2025-10.xlsx,98391.0
356,DELHI,GORAKHPUR,19882.0,17485.0,77.32041,57.18262,11.418,0.0,2025-10,2025-10.xlsx,37367.0
357,DELHI,GUWAHATI,68636.0,65497.0,777.7836023,181.71843479999998,12.33322,8.12758,2025-10,2025-10.xlsx,134133.0
358,DELHI,GWALIOR,4580.0,4054.0,0.206,0.0,0.0,0.0,2025-10,2025-10.xlsx,8634.0
359,DELHI,HISSAR,32.0,21.0,0.0,0.0,0.0,0.0,2025-10,2025-10.xlsx,53.0
360,DELHI,HUBLI,4897.0,4683.0,5.48,3.023,0.0,0.383,2025-10,2025-10.xlsx,9580.0
361,DELHI,HYDERABAD,124438.0,127752.0,1666.1165317999996,1168.2572779000002,25.810000000000002,19.999499999999998,2025-10,2025-10.xlsx,252190.0
362,DELHI,IMPHAL,10438.0,10041.0,42.695,90.042,8.289,5.092,2025-10,2025-10.xlsx,20479.0
363,DELHI,INDORE,43874.0,46607.0,409.5457691,171.21521170000003,8.74157,5.53162,2025-10,2025-10.xlsx,90481.0
364,DELHI,Itanagar,5058.0,4828.0,1.787,0.0,0.0,0.0,2025-10,2025-10.xlsx,9886.0
365,DELHI,JABALPUR,5830.0,6093.0,0.755,0.781,3.666,0.0,2025-10,2025-10.xlsx,11923.0
366,DELHI,JAGDALPUR,289.0,461.0,0.0,0.0,0.0,0.0,2025-10,2025-10.xlsx,750.0
367,DELHI,JAIPUR,22975.0,23358.0,37.979497,71.9,21.113999999999997,5.906,2025-10,2025-10.xlsx,46333.0
368,DELHI,JAISALMER,4895.0,4916.0,0.071,0.0,0.0,0.0,2025-10,2025-10.xlsx,9811.0
369,DELHI,JAMMU,33567.0,27751.0,50.6022,2.1415,4.813,0.0,2025-10,2025-10.xlsx,61318.0
370,DELHI,JHARSUGUDA,5283.0,5106.0,0.09,0.0,0.0,0.0,2025-10,2025-10.xlsx,10389.0
371,DELHI,JODHPUR,11167.0,10740.0,10.211,0.045,11.290740000000001,9.681,2025-10,2025-10.xlsx,21907.0
372,DELHI,JORHAT,2643.0,2332.0,1.557,0.041,0.0,0.0,2025-10,2025-10.xlsx,4975.0
373,DELHI,KANNUR,4434.0,4091.0,1.163,0.733,0.0,0.0,2025-10,2025-10.xlsx,8525.0
374,DELHI,KANPUR,5391.0,4687.0,1.034,0.975,8.377,0.0,2025-10,2025-10.xlsx,10078.0
375,DELHI,KHAJURAHO,473.0,543.0,0.116,0.0,0.0,0.0,2025-10,2025-10.xlsx,1016.0
376,DELHI,KOCHI,31905.0,37720.0,427.3937623999999,312.6816809,19.28711,15.596459999999999,2025-10,2025-10.xlsx,69625.0
377,DELHI,KOLKATA,121148.0,110479.0,1635.1137259000002,2472.9580260000007,35.863420000000005,24.71251,2025-10,2025-10.xlsx,231627.0
378,DELHI,KOZHIKODE,5995.0,6226.0,6.445,1.118,0.695,0.0,2025-10,2025-10.xlsx,12221.0
379,DELHI,KULLU,171.0,105.0,0.0,0.0,0.0,0.0,2025-10,2025-10.xlsx,276.0
380,DELHI,LEH,24607.0,39964.0,120.35981,13.318439999999999,14.76542,18.499,2025-10,2025-10.xlsx,64571.0
381,DELHI,LUCKNOW,53053.0,48722.0,173.8288038,105.25728980000001,40.13747,14.370499999999996,2025-10,2025-10.xlsx,101775.0
382,DELHI,MADURAI,5860.0,5683.0,20.902,77.339,0.943,1.581,2025-10,2025-10.xlsx,11543.0
383,DELHI,MANGALORE,9847.0,10313.0,12.706,7.867,0.0,35.031,2025-10,2025-10.xlsx,20160.0
384,DELHI,MUMBAI,253111.0,295183.0,4784.946262399998,4181.972050399998,44.34492,79.83101000000002,2025-10,2025-10.xlsx,548294.0
385,DELHI,NAGPUR,27442.0,29258.0,236.974,83.9735,9.846,13.726,2025-10,2025-10.xlsx,56700.0
386,DELHI,NASIK,6797.0,7031.0,10.218,13.166,0.331,0.272,2025-10,2025-10.xlsx,13828.0
387,DELHI,PANTNAGAR,3684.0,3364.0,0.308,0.0,0.0,0.0,2025-10,2025-10.xlsx,7048.0
388,DELHI,PATNA,78635.0,52587.0,490.77311310000005,52.64731,29.028420000000008,13.645999999999997,2025-10,2025-10.xlsx,131222.0
389,DELHI,PITHORAGARH,192.0,100.0,0.0,0.0,0.0,0.0,2025-10,2025-10.xlsx,292.0
390,DELHI,PORT BLAIR,4678.0,4306.0,50.037262999999996,26.503,2.1224999999999996,0.004,2025-10,2025-10.xlsx,8984.0
391,DELHI,PUNE,109349.0,120550.0,1540.0781927999997,1725.0766468000002,12.347349999999997,3.4642299999999997,2025-10,2025-10.xlsx,229899.0
392,DELHI,RAIPUR,32073.0,32570.0,311.9711448,19.249,19.3135,0.0,2025-10,2025-10.xlsx,64643.0
393,DELHI,RAJAHMUNDRY,4128.0,4421.0,1.983,0.421,0.0,0.0,2025-10,2025-10.xlsx,8549.0
394,DELHI,Rajkot International Airport,11815.0,12062.0,22.985500000000002,25.934333000000002,6.987,0.93222,2025-10,2025-10.xlsx,23877.0
395,DELHI,RANCHI,45160.0,39335.0,322.11,66.35040000000001,6.452,4.685,2025-10,2025-10.xlsx,84495.0
396,DELHI,SHILLONG,761.0,577.0,0.0,0.0,0.0,0.0,2025-10,2025-10.xlsx,1338.0
397,DELHI,SHIRDI,5662.0,5793.0,0.593,7.754,0.0,0.0,2025-10,2025-10.xlsx,11455.0
398,DELHI,SILCHAR,245.0,435.0,1.587,0.002,0.0,0.0,2025-10,2025-10.xlsx,680.0
399,DELHI,SIMLA,120.0,70.0,0.0,0.0,0.0,0.0,2025-10,2025-10.xlsx,190.0
400,DELHI,SRINAGAR,77521.0,83954.0,320.36734900000005,369.41642800000005,13.925690000000003,54.176,2025-10,2025-10.xlsx,161475.0
401,DELHI,SURAT,21620.0,26111.0,54.945,85.427,7.003,4.119,2025-10,2025-10.xlsx,47731.0
402,DELHI,TIRUCHIRAPALLY,4896.0,4731.0,0.518,0.15,0.0,0.0,2025-10,2025-10.xlsx,9627.0
403,DELHI,TIRUPATI,9208.0,10166.0,61.200723100000005,38.992635500000006,0.349,0.0,2025-10,2025-10.xlsx,19374.0
404,DELHI,TRIVANDRUM,15517.0,17875.0,95.4975,45.267,5.904699999999997,9.237849999999996,2025-10,2025-10.xlsx,33392.0
405,DELHI,UDAIPUR,22249.0,21934.0,11.1353972,0.043000000000000003,0.0,0.0,2025-10,2025-10.xlsx,44183.0
406,DELHI,VADODARA,20123.0,24985.0,88.4795,0.0,6.344,0.0,2025-10,2025-10.xlsx,45108.0
407,DELHI,VARANASI,47473.0,39517.0,141.9072953,59.4010436,11.296220000000002,2.202,2025-10,2025-10.xlsx,86990.0
408,DELHI,VIJAYAWADA,11883.0,12206.0,75.1495,4.9425,10.44,0.5500000000000003,2025-10,2025-10.xlsx,24089.0
409,DELHI,VISAKHAPATNAM,19528.0,19897.0,74.2921,12.529,6.30038,1.694,2025-10,2025-10.xlsx,39425.0
410,DELHI,Ayodhya International Airport,17796.0,15253.0,0.434,0.0,0.0,0.0,2025-10,2025-10.xlsx,33049.0
411,DELHI,Purnia Airport,1052.0,1028.0,0.597,0.0,0.0,0.0,2025-10,2025-10.xlsx,2080.0
412,Deoghar,KOLKATA,1362.0,1545.0,0.0,0.046,0.0,0.0,2025-10,2025-10.xlsx,2907.0
413,Deoghar,MUMBAI,1723.0,2253.0,0.0,0.0,0.0,0.0,2025-10,2025-10.xlsx,3976.0
414,DHARAMSALA,GORAKHPUR,16.0,0.0,0.0,0.0,0.0,0.0,2025-10,2025-10.xlsx,16.0
415,DHARAMSALA,JAIPUR,44.0,59.0,0.0,0.0,0.0,0.0,2025-10,2025-10.xlsx,103.0
416,DIBRUGARH,GUWAHATI,9474.0,9849.0,5.966,1.022,2.629,5.403,2025-10,2025-10.xlsx,19323.0
417,DIBRUGARH,HYDERABAD,46.0,99.0,0.424,0.25,0.0,0.0,2025-10,2025-10.xlsx,145.0
418,DIBRUGARH,KOLKATA,12178.0,12954.0,31.864,27.554,1.989,2.985,2025-10,2025-10.xlsx,25132.0
419,DIMAPUR,GUWAHATI,6305.0,5167.0,0.323,19.238,0.0,0.018,2025-10,2025-10.xlsx,11472.0
420,DIMAPUR,IMPHAL,273.0,255.0,0.0,0.0,0.0,0.0,2025-10,2025-10.xlsx,528.0
421,DIMAPUR,KOLKATA,4515.0,4500.0,21.581,39.796,6.548,1.337,2025-10,2025-10.xlsx,9015.0
422,DIU,Goa,293.0,211.0,0.0,0.0,0.0,0.0,2025-10,2025-10.xlsx,504.0
423,DIU,KESHOD,5.0,8.0,0.0,0.0,0.0,0.0,2025-10,2025-10.xlsx,13.0
424,DIU,MUMBAI,525.0,551.0,0.0,0.0,0.0,0.0,2025-10,2025-10.xlsx,1076.0
425,DIU,SURAT,1315.0,1295.0,0.0,0.0,0.0,0.0,2025-10,2025-10.xlsx,2610.0
426,DURGAPUR,GUWAHATI,316.0,381.0,0.0,0.0,0.0,0.0,2025-10,2025-10.xlsx,697.0
427,DURGAPUR,HYDERABAD,5756.0,5965.0,7.965,0.641,0.0,0.0,2025-10,2025-10.xlsx,11721.0
428,DURGAPUR,MUMBAI,2728.0,3376.0,6.204,0.054,0.0,0.0,2025-10,2025-10.xlsx,6104.0
429,DURGAPUR,RAIPUR,4.0,0.0,0.0,0.0,0.0,0.0,2025-10,2025-10.xlsx,4.0
430,DURGAPUR,VARANASI,44.0,30.0,0.0,0.0,0.0,0.0,2025-10,2025-10.xlsx,74.0
431,GAYA,KOLKATA,3323.0,4242.0,0.0,0.204,0.0,0.0,2025-10,2025-10.xlsx,7565.0
432,Goa,HYDERABAD,26604.0,24766.0,6.067,1.964,0.0,0.0,2025-10,2025-10.xlsx,51370.0
433,Goa,INDORE,3832.0,2894.0,0.0,0.0,0.0,0.0,2025-10,2025-10.xlsx,6726.0
434,Goa,JAIPUR,4546.0,4698.0,1.308,31.465,0.0,0.494,2025-10,2025-10.xlsx,9244.0
435,Goa,JALGAON,1887.0,1727.0,0.0,0.0,0.0,0.0,2025-10,2025-10.xlsx,3614.0
436,Goa,KOLKATA,4963.0,4918.0,8.187,3.174,0.0,0.0,2025-10,2025-10.xlsx,9881.0
437,Goa,Malvan,2.0,0.0,0.0,0.0,0.0,0.0,2025-10,2025-10.xlsx,2.0
438,Goa,MUMBAI,36135.0,40407.0,32.20898,68.86171,0.0,4.40951,2025-10,2025-10.xlsx,76542.0
439,Goa,NAGPUR,4653.0,4624.0,8.806,0.008,0.273,0.0,2025-10,2025-10.xlsx,9277.0
440,Goa,PUNE,14357.0,14375.0,59.374230000000004,36.951530000000005,0.291,0.0,2025-10,2025-10.xlsx,28732.0
441,Goa,Rajkot International Airport,3085.0,2938.0,0.0,0.001,0.0,0.0,2025-10,2025-10.xlsx,6023.0
442,Goa,Shivamogga Airport,928.0,1075.0,0.0,0.0,0.0,0.0,2025-10,2025-10.xlsx,2003.0
443,Goa,SHOLAPUR,841.0,925.0,0.0,0.0,0.0,0.0,2025-10,2025-10.xlsx,1766.0
444,Goa,VADODARA,2436.0,2378.0,0.072,0.0,0.0,0.0,2025-10,2025-10.xlsx,4814.0
445,Gondia,HYDERABAD,1362.0,1451.0,0.0,0.018,0.0,0.0,2025-10,2025-10.xlsx,2813.0
446,Gondia,INDORE,431.0,679.0,0.0,0.0,0.0,0.0,2025-10,2025-10.xlsx,1110.0
447,GORAKHPUR,HYDERABAD,5202.0,7056.0,0.0,0.662,0.0,0.701,2025-10,2025-10.xlsx,12258.0
448,GORAKHPUR,KOLKATA,1944.0,2247.0,0.0,0.001,0.0,0.0,2025-10,2025-10.xlsx,4191.0
449,GORAKHPUR,MUMBAI,8009.0,11406.0,0.0,10.6278,0.0,2.085,2025-10,2025-10.xlsx,19415.0
450,GUWAHATI,HYDERABAD,15683.0,15724.0,10.68,35.055,1.816,2.85,2025-10,2025-10.xlsx,31407.0
451,GUWAHATI,IMPHAL,17961.0,17159.0,33.43,10.892,3.52,4.133,2025-10,2025-10.xlsx,35120.0
452,GUWAHATI,Itanagar,50.0,63.0,0.0,0.0,0.0,0.0,2025-10,2025-10.xlsx,113.0
453,GUWAHATI,JAIPUR,6234.0,6248.0,2.07,5.55,0.275,0.299,2025-10,2025-10.xlsx,12482.0
454,GUWAHATI,KOLKATA,46473.0,47402.0,186.12781,436.09887000000003,6.142,9.455,2025-10,2025-10.xlsx,93875.0
455,GUWAHATI,LUCKNOW,3772.0,4197.0,0.755,8.83,2.088,1.347,2025-10,2025-10.xlsx,7969.0
456,GUWAHATI,MUMBAI,15590.0,15954.0,56.626,121.58409,3.36898,12.181009999999999,2025-10,2025-10.xlsx,31544.0
457,GUWAHATI,PASIGHAT,12.0,22.0,0.0,0.0,0.0,0.0,2025-10,2025-10.xlsx,34.0
458,GUWAHATI,PATNA,4396.0,3169.0,1.77698,1.47651,0.0,0.0,2025-10,2025-10.xlsx,7565.0
459,GUWAHATI,PUNE,4951.0,5369.0,9.108,20.278,0.966,0.711,2025-10,2025-10.xlsx,10320.0
460,GUWAHATI,RUPSI,83.0,271.0,0.0,0.0,0.0,0.0,2025-10,2025-10.xlsx,354.0
461,GUWAHATI,SHILLONG,1.0,1.0,0.0,0.0,0.0,0.0,2025-10,2025-10.xlsx,2.0
462,GUWAHATI,SILCHAR,6113.0,7819.0,18.114,0.0,8.526,0.0,2025-10,2025-10.xlsx,13932.0
463,GUWAHATI,TEZU,186.0,254.0,0.0,0.0,0.0,0.0,2025-10,2025-10.xlsx,440.0
464,GUWAHATI,Ziro,10.0,13.0,0.0,0.0,0.0,0.0,2025-10,2025-10.xlsx,23.0
465,GWALIOR,MUMBAI,3982.0,5273.0,0.0,0.049,0.0,0.0,2025-10,2025-10.xlsx,9255.0
466,HISSAR,JAIPUR,55.0,12.0,0.0,0.0,0.0,0.0,2025-10,2025-10.xlsx,67.0
467,HISSAR,Ayodhya International Airport,148.0,79.0,0.0,0.0,0.0,0.0,2025-10,2025-10.xlsx,227.0
468,HUBLI,HYDERABAD,2274.0,2140.0,0.095,0.047,0.623,0.0,2025-10,2025-10.xlsx,4414.0
469,HUBLI,INDORE,0.0,175.0,0.0,0.0,0.0,0.0,2025-10,2025-10.xlsx,175.0
470,HUBLI,MUMBAI,4068.0,4438.0,0.507,1.254,0.745,0.0,2025-10,2025-10.xlsx,8506.0
471,HUBLI,PUNE,1093.0,1272.0,0.0,0.0,0.0,0.382,2025-10,2025-10.xlsx,2365.0
472,HYDERABAD,INDORE,16040.0,16510.0,51.243,16.122,5.445,1.947,2025-10,2025-10.xlsx,32550.0
473,HYDERABAD,JABALPUR,3214.0,2763.0,0.005,0.0,0.0,0.0,2025-10,2025-10.xlsx,5977.0
474,HYDERABAD,JAGDALPUR,1946.0,1689.0,0.091,0.0,0.0,0.0,2025-10,2025-10.xlsx,3635.0
475,HYDERABAD,JAIPUR,25561.0,22587.0,47.472,150.984,4.465,1.519,2025-10,2025-10.xlsx,48148.0
476,HYDERABAD,JALGAON,1658.0,1696.0,0.0,0.0,0.0,0.0,2025-10,2025-10.xlsx,3354.0
477,HYDERABAD,JAMMU,300.0,773.0,0.001,0.0,0.0,0.0,2025-10,2025-10.xlsx,1073.0
478,HYDERABAD,JHARSUGUDA,1996.0,1984.0,0.0,0.0,0.0,0.0,2025-10,2025-10.xlsx,3980.0
479,HYDERABAD,JODHPUR,6522.0,5871.0,1.627,0.002,2.727,0.674,2025-10,2025-10.xlsx,12393.0
480,HYDERABAD,Cuddapah,1934.0,2253.0,0.047,0.0,0.0,0.0,2025-10,2025-10.xlsx,4187.0
481,HYDERABAD,KANNUR,2239.0,2419.0,0.081,0.0,0.0,0.0,2025-10,2025-10.xlsx,4658.0
482,HYDERABAD,KANPUR,2862.0,2289.0,0.006,0.153,0.0,0.0,2025-10,2025-10.xlsx,5151.0
483,HYDERABAD,KOCHI,33455.0,36182.0,51.022999999999996,40.9,2.288,8.444,2025-10,2025-10.xlsx,69637.0
484,HYDERABAD,KOLHAPUR,1949.0,2100.0,1.462,5.293,0.0,0.0,2025-10,2025-10.xlsx,4049.0
485,HYDERABAD,KOLKATA,48484.0,44436.0,154.60345999999998,206.48814000000002,11.452,5.455,2025-10,2025-10.xlsx,92920.0
486,HYDERABAD,KOZHIKODE,6390.0,10054.0,1.83,0.022,0.092,0.0,2025-10,2025-10.xlsx,16444.0
487,HYDERABAD,LUCKNOW,20553.0,14293.0,49.961,29.165,3.971,1.234,2025-10,2025-10.xlsx,34846.0
488,HYDERABAD,MADURAI,10020.0,9755.0,4.645,53.204,7.106,0.86,2025-10,2025-10.xlsx,19775.0
489,HYDERABAD,Malvan,1245.0,1184.0,0.0,0.0,0.0,0.0,2025-10,2025-10.xlsx,2429.0
490,HYDERABAD,MANGALORE,6181.0,6169.0,0.219,0.06,1.591,0.0,2025-10,2025-10.xlsx,12350.0
491,HYDERABAD,MUMBAI,80183.0,99558.0,631.0975000000001,1093.6823227,28.169499999999996,29.734809999999996,2025-10,2025-10.xlsx,179741.0
492,HYDERABAD,MYSORE,2134.0,1791.0,0.192,0.0,0.0,0.0,2025-10,2025-10.xlsx,3925.0
493,HYDERABAD,NAGPUR,4442.0,4467.0,0.296,0.09,0.783,0.0,2025-10,2025-10.xlsx,8909.0
494,HYDERABAD,NANDED,113.0,863.0,0.0,0.0,0.0,0.0,2025-10,2025-10.xlsx,976.0
495,HYDERABAD,NASIK,2087.0,2198.0,0.038,0.032,0.169,0.105,2025-10,2025-10.xlsx,4285.0
496,HYDERABAD,PATNA,27730.0,16938.0,54.797999999999995,12.099219999999999,5.254,1.568,2025-10,2025-10.xlsx,44668.0
497,HYDERABAD,PONDICHERRY,2135.0,1937.0,0.096,0.0,0.0,0.0,2025-10,2025-10.xlsx,4072.0
498,HYDERABAD,PORT BLAIR,5240.0,5285.0,39.719,2.138,3.258,0.0,2025-10,2025-10.xlsx,10525.0
499,HYDERABAD,PUNE,26544.0,32105.0,72.886,82.161,4.851,4.318,2025-10,2025-10.xlsx,58649.0
500,HYDERABAD,RAIPUR,10823.0,10161.0,12.069,1.18,9.812,0.0,2025-10,2025-10.xlsx,20984.0
501,HYDERABAD,RAJAHMUNDRY,11622.0,11947.0,0.478,0.634,0.0,0.0,2025-10,2025-10.xlsx,23569.0
502,HYDERABAD,Rajkot International Airport,3100.0,3126.0,0.915,0.807,0.0,0.0,2025-10,2025-10.xlsx,6226.0
503,HYDERABAD,RANCHI,14474.0,12418.0,23.482,3.333,2.719,2.068,2025-10,2025-10.xlsx,26892.0
504,HYDERABAD,SALEM,895.0,885.0,0.0,0.0,0.0,0.0,2025-10,2025-10.xlsx,1780.0
505,HYDERABAD,SHIRDI,6934.0,7667.0,0.209,3.595,0.0,0.0,2025-10,2025-10.xlsx,14601.0
506,HYDERABAD,Shivamogga Airport,3243.0,3270.0,1.709,0.9552499999999998,0.0,0.0,2025-10,2025-10.xlsx,6513.0
507,HYDERABAD,SRINAGAR,1831.0,1803.0,0.487,0.074,0.216,0.0,2025-10,2025-10.xlsx,3634.0
508,HYDERABAD,SURAT,4923.0,5413.0,6.226,40.982,1.116,0.749,2025-10,2025-10.xlsx,10336.0
509,HYDERABAD,TIRUCHIRAPALLY,5450.0,5402.0,2.592,0.946,7.562,0.0,2025-10,2025-10.xlsx,10852.0
510,HYDERABAD,TIRUPATI,33060.0,32195.0,8.362,8.615,7.207,1.415,2025-10,2025-10.xlsx,65255.0
511,HYDERABAD,TRIVANDRUM,8181.0,9044.0,4.439,7.208,4.609,2.655,2025-10,2025-10.xlsx,17225.0
512,HYDERABAD,TUTICORIN,18.0,0.0,0.0,0.0,0.0,0.0,2025-10,2025-10.xlsx,18.0
513,HYDERABAD,UDAIPUR,6667.0,6598.0,2.013,0.26,0.0,0.0,2025-10,2025-10.xlsx,13265.0
514,HYDERABAD,VADODARA,4206.0,5176.0,8.747,0.0,0.627,0.0,2025-10,2025-10.xlsx,9382.0
515,HYDERABAD,VARANASI,28993.0,23062.0,6.914,40.677,1.746,0.28,2025-10,2025-10.xlsx,52055.0
516,HYDERABAD,VIJAYAWADA,16094.0,15327.0,3.096,0.959,5.994,0.63,2025-10,2025-10.xlsx,31421.0
517,HYDERABAD,VISAKHAPATNAM,41543.0,40638.0,35.751,35.738,15.406,0.0,2025-10,2025-10.xlsx,82181.0
518,HYDERABAD,Ayodhya International Airport,3728.0,2746.0,0.238,2.739,0.0,0.0,2025-10,2025-10.xlsx,6474.0
519,HYDERABAD,Purnia Airport,975.0,826.0,0.005,0.0,0.0,0.0,2025-10,2025-10.xlsx,1801.0
520,IMPHAL,JAIPUR,73.0,81.0,0.0,0.0,0.0,0.0,2025-10,2025-10.xlsx,154.0
521,IMPHAL,KOLKATA,14733.0,15139.0,54.228,67.517,16.881,3.958,2025-10,2025-10.xlsx,29872.0
522,IMPHAL,MUMBAI,72.0,48.0,11.387,0.0,0.0,0.0,2025-10,2025-10.xlsx,120.0
523,IMPHAL,SHILLONG,858.0,795.0,0.0,0.0,0.0,0.0,2025-10,2025-10.xlsx,1653.0
524,IMPHAL,SILCHAR,254.0,265.0,0.0,0.0,0.0,0.0,2025-10,2025-10.xlsx,519.0
525,IMPHAL,TEZU,82.0,79.0,0.0,0.0,0.0,0.0,2025-10,2025-10.xlsx,161.0
526,INDORE,JABALPUR,2573.0,2741.0,0.008,0.0,0.0,0.0,2025-10,2025-10.xlsx,5314.0
527,INDORE,JAIPUR,4278.0,3856.0,0.061,0.432,1.042,0.0,2025-10,2025-10.xlsx,8134.0
528,INDORE,JAMMU,607.0,523.0,0.0,0.114,0.0,0.0,2025-10,2025-10.xlsx,1130.0
529,INDORE,JODHPUR,355.0,393.0,0.02,0.0,0.0,0.0,2025-10,2025-10.xlsx,748.0
530,INDORE,KOLKATA,5380.0,4756.0,29.373,29.958,1.398,1.267,2025-10,2025-10.xlsx,10136.0
531,INDORE,LUCKNOW,2161.0,1815.0,0.043,0.127,0.123,1.292,2025-10,2025-10.xlsx,3976.0
532,INDORE,MUMBAI,23839.0,27660.0,112.6205,121.91181250000001,8.95231,14.03736,2025-10,2025-10.xlsx,51499.0
533,INDORE,NAGPUR,1910.0,2252.0,0.262,0.045,0.335,0.0,2025-10,2025-10.xlsx,4162.0
534,INDORE,NASIK,118.0,76.0,0.0,0.0,0.0,0.0,2025-10,2025-10.xlsx,194.0
535,INDORE,PUNE,9761.0,12442.0,9.777000000000001,31.872999999999998,1.094,0.634,2025-10,2025-10.xlsx,22203.0
536,INDORE,RAIPUR,5692.0,5351.0,4.988,0.048,1.183,0.0,2025-10,2025-10.xlsx,11043.0
537,INDORE,UDAIPUR,270.0,219.0,0.049,0.0,0.0,0.0,2025-10,2025-10.xlsx,489.0
538,INDORE,VISAKHAPATNAM,174.0,155.0,0.0,0.0,0.0,0.0,2025-10,2025-10.xlsx,329.0
539,Itanagar,KOLKATA,4031.0,4271.0,0.0,1.274,0.0,0.0,2025-10,2025-10.xlsx,8302.0
540,Itanagar,TEZU,3.0,12.0,0.0,0.0,0.0,0.0,2025-10,2025-10.xlsx,15.0
541,JABALPUR,JAGDALPUR,51.0,110.0,0.0,0.0,0.0,0.0,2025-10,2025-10.xlsx,161.0
542,JABALPUR,MUMBAI,4235.0,5058.0,2.54,0.851,0.0,10.716,2025-10,2025-10.xlsx,9293.0
543,JAIPUR,JAISALMER,289.0,222.0,0.0,0.0,0.0,0.0,2025-10,2025-10.xlsx,511.0
544,JAIPUR,JODHPUR,208.0,110.0,0.0,0.0,0.0,0.0,2025-10,2025-10.xlsx,318.0
545,JAIPUR,KOCHI,787.0,805.0,4.314,1.892,0.0,0.0,2025-10,2025-10.xlsx,1592.0
546,JAIPUR,KOLKATA,20239.0,19122.0,148.409,75.67962,2.701,0.422,2025-10,2025-10.xlsx,39361.0
547,JAIPUR,KULLU,46.0,20.0,0.0,0.0,0.0,0.0,2025-10,2025-10.xlsx,66.0
548,JAIPUR,LUCKNOW,1793.0,1775.0,0.187,0.13,0.0,0.499,2025-10,2025-10.xlsx,3568.0
549,JAIPUR,MUMBAI,41028.0,47209.0,404.03173159999994,317.8236691,5.15,21.43308,2025-10,2025-10.xlsx,88237.0
550,JAIPUR,NAGPUR,162.0,176.0,0.0,0.0,0.0,0.0,2025-10,2025-10.xlsx,338.0
551,JAIPUR,NASIK,17.0,59.0,0.0,0.0,0.0,0.0,2025-10,2025-10.xlsx,76.0
552,JAIPUR,PUNE,9778.0,11517.0,50.94189,12.435,0.0,0.0,2025-10,2025-10.xlsx,21295.0
553,JAIPUR,SRINAGAR,0.0,1.0,0.0,0.0,0.0,0.0,2025-10,2025-10.xlsx,1.0
554,JAIPUR,SURAT,3821.0,4628.0,0.862,2.678,0.0,0.217,2025-10,2025-10.xlsx,8449.0
555,JAIPUR,UDAIPUR,3595.0,3307.0,0.002,0.0,0.0,0.0,2025-10,2025-10.xlsx,6902.0
556,JAIPUR,VARANASI,370.0,294.0,0.006,0.0,0.0,0.0,2025-10,2025-10.xlsx,664.0
557,JAISALMER,MUMBAI,975.0,706.0,0.0,0.0,0.0,0.0,2025-10,2025-10.xlsx,1681.0
558,JALGAON,MUMBAI,358.0,353.0,0.0,0.0,0.0,0.0,2025-10,2025-10.xlsx,711.0
559,JALGAON,PUNE,1784.0,1883.0,0.0,0.0,0.0,0.0,2025-10,2025-10.xlsx,3667.0
560,JAMMU,KOLKATA,721.0,1071.0,0.0,0.847,0.0,0.0,2025-10,2025-10.xlsx,1792.0
561,JAMMU,LEH,1526.0,1976.0,2.096,0.002,0.0,0.0,2025-10,2025-10.xlsx,3502.0
562,JAMMU,MUMBAI,2124.0,2895.0,0.0,7.437,0.0,0.686,2025-10,2025-10.xlsx,5019.0
563,JAMMU,SRINAGAR,18747.0,18699.0,5.60832,2.2425,0.036,5.412,2025-10,2025-10.xlsx,37446.0
564,JAMNAGAR,MUMBAI,4289.0,4912.0,2.807,11.3555,0.0,0.0,2025-10,2025-10.xlsx,9201.0
565,JAMNAGAR,SURAT,1178.0,1092.0,0.0,0.0,0.0,0.0,2025-10,2025-10.xlsx,2270.0
566,JAMSHEDPUR,KOLKATA,232.0,200.0,0.0,0.0,0.0,0.0,2025-10,2025-10.xlsx,432.0
567,JEYPORE,VISAKHAPATNAM,69.0,36.0,0.0,0.0,0.0,0.0,2025-10,2025-10.xlsx,105.0
568,JHARSUGUDA,KOLKATA,2114.0,1906.0,0.0,0.002,0.0,0.0,2025-10,2025-10.xlsx,4020.0
569,JHARSUGUDA,LUCKNOW,1052.0,1225.0,0.0,0.0,0.0,0.0,2025-10,2025-10.xlsx,2277.0
570,JHARSUGUDA,MUMBAI,3561.0,4601.0,0.0,0.007,0.0,0.0,2025-10,2025-10.xlsx,8162.0
571,JODHPUR,MUMBAI,10979.0,10976.0,0.117,9.812999999999999,1.60657,7.583119999999999,2025-10,2025-10.xlsx,21955.0
572,JODHPUR,PUNE,4094.0,4727.0,2.155,0.817,0.4,1.594,2025-10,2025-10.xlsx,8821.0
573,JORHAT,KOLKATA,4033.0,4527.0,1.493,15.169,0.0,0.0,2025-10,2025-10.xlsx,8560.0
574,JORHAT,TEZU,3.0,9.0,0.0,0.0,0.0,0.0,2025-10,2025-10.xlsx,12.0
575,Cuddapah,VIJAYAWADA,218.0,178.0,0.0,0.0,0.0,0.0,2025-10,2025-10.xlsx,396.0
576,KANDLA,MUMBAI,1426.0,1606.0,0.0,0.0,0.0,0.0,2025-10,2025-10.xlsx,3032.0
577,KANNUR,KOCHI,1112.0,1432.0,0.014,0.002,0.0,0.0,2025-10,2025-10.xlsx,2544.0
578,KANNUR,MANGALORE,257.0,7.0,0.0,0.0,0.0,0.0,2025-10,2025-10.xlsx,264.0
579,KANNUR,MUMBAI,2670.0,3184.0,0.03,0.68,0.0,0.159,2025-10,2025-10.xlsx,5854.0
580,KANNUR,TRIVANDRUM,1012.0,759.0,0.0,0.014,0.0,0.0,2025-10,2025-10.xlsx,1771.0
581,KANPUR,MUMBAI,3682.0,6066.0,1.132,3.977,0.0,4.426,2025-10,2025-10.xlsx,9748.0
582,KHAJURAHO,VARANASI,513.0,391.0,0.0,0.0,0.0,0.0,2025-10,2025-10.xlsx,904.0
583,KOCHI,KOLKATA,845.0,794.0,0.593,1.81,0.256,0.086,2025-10,2025-10.xlsx,1639.0
584,KOCHI,KOZHIKODE,733.0,990.0,0.002,0.005,0.0,0.0,2025-10,2025-10.xlsx,1723.0
585,KOCHI,LUCKNOW,623.0,309.0,2.378,0.148,0.0,0.231,2025-10,2025-10.xlsx,932.0
586,KOCHI,MUMBAI,45577.0,49502.0,125.87071510000001,304.7295694,24.902589999999996,15.800280000000003,2025-10,2025-10.xlsx,95079.0
587,KOCHI,PATNA,111.0,231.0,0.0,0.391,0.0,0.0,2025-10,2025-10.xlsx,342.0
588,KOCHI,PUNE,9002.0,9519.0,14.977,10.506,0.0,0.0,2025-10,2025-10.xlsx,18521.0
589,KOCHI,RAIPUR,492.0,518.0,0.135,0.096,0.0,0.0,2025-10,2025-10.xlsx,1010.0
590,KOCHI,SALEM,536.0,464.0,0.0,0.0,0.0,0.0,2025-10,2025-10.xlsx,1000.0
591,KOCHI,TRIVANDRUM,1710.0,1705.0,0.0,0.015,0.0,0.018,2025-10,2025-10.xlsx,3415.0
592,KOCHI,VARANASI,275.0,567.0,0.001,0.38,0.0,0.0,2025-10,2025-10.xlsx,842.0
593,KOLHAPUR,MUMBAI,1675.0,1883.0,0.0,0.0,0.0,0.0,2025-10,2025-10.xlsx,3558.0
594,KOLHAPUR,TIRUPATI,337.0,487.0,0.0,0.0,0.0,0.0,2025-10,2025-10.xlsx,824.0
595,KOLHAPUR,VIJAYAWADA,10.0,8.0,0.0,0.0,0.0,0.0,2025-10,2025-10.xlsx,18.0
596,KOLKATA,KOZHIKODE,0.0,140.0,0.0,0.0,0.0,0.0,2025-10,2025-10.xlsx,140.0
597,KOLKATA,LILABARI,219.0,223.0,0.0,0.0,0.0,0.0,2025-10,2025-10.xlsx,442.0
598,KOLKATA,LUCKNOW,10968.0,11524.0,42.023,32.243,3.428,0.85,2025-10,2025-10.xlsx,22492.0
599,KOLKATA,MUMBAI,83194.0,93456.0,821.9259000000001,1098.6139810999998,20.06019,26.344339999999992,2025-10,2025-10.xlsx,176650.0
600,KOLKATA,NAGPUR,5667.0,5408.0,14.509,25.324,0.059,4.362,2025-10,2025-10.xlsx,11075.0
601,KOLKATA,PATNA,14838.0,11084.0,29.09,6.809,14.521,6.005,2025-10,2025-10.xlsx,25922.0
602,KOLKATA,PORT BLAIR,28539.0,29398.0,162.00194,85.96700000000001,26.47518,8.14,2025-10,2025-10.xlsx,57937.0
603,KOLKATA,PUNE,21031.0,22578.0,94.19466,186.05807000000001,3.3238000000000003,2.674,2025-10,2025-10.xlsx,43609.0
604,KOLKATA,RAIPUR,10872.0,11865.0,34.209,0.381,2.853,0.0,2025-10,2025-10.xlsx,22737.0
605,KOLKATA,RANCHI,8013.0,7551.0,6.256,6.491,1.628,1.166,2025-10,2025-10.xlsx,15564.0
606,KOLKATA,RUPSI,110.0,143.0,0.0,0.0,0.0,0.0,2025-10,2025-10.xlsx,253.0
607,KOLKATA,SHILLONG,2786.0,2342.0,0.037,0.0,0.0,0.0,2025-10,2025-10.xlsx,5128.0
608,KOLKATA,SILCHAR,10611.0,9710.0,47.275,0.05,1.285,0.0,2025-10,2025-10.xlsx,20321.0
609,KOLKATA,SRINAGAR,4629.0,4536.0,3.014,14.589,0.181,0.0,2025-10,2025-10.xlsx,9165.0
610,KOLKATA,SURAT,5462.0,5971.0,31.909,50.422,0.0,0.077,2025-10,2025-10.xlsx,11433.0
611,KOLKATA,VARANASI,10190.0,10403.0,3.53,24.637,2.159,0.947,2025-10,2025-10.xlsx,20593.0
612,KOLKATA,VISAKHAPATNAM,5670.0,6639.0,1.626,1.544,0.0,0.0,2025-10,2025-10.xlsx,12309.0
613,KOLKATA,HINDON AIRPORT,10522.0,10382.0,0.0,0.0,0.0,0.0,2025-10,2025-10.xlsx,20904.0
614,KOLKATA,Purnia Airport,2522.0,2684.0,0.0,0.0,0.0,0.0,2025-10,2025-10.xlsx,5206.0
615,KOZHIKODE,MANGALORE,0.0,24.0,0.0,0.0,0.0,0.0,2025-10,2025-10.xlsx,24.0
616,KOZHIKODE,MUMBAI,9798.0,10045.0,0.002,5.281499999999999,0.0,8.693,2025-10,2025-10.xlsx,19843.0
617,KOZHIKODE,VARANASI,32.0,0.0,0.0,0.0,0.0,0.0,2025-10,2025-10.xlsx,32.0
618,KURNOOL,VIJAYAWADA,294.0,274.0,0.0,0.0,0.0,0.0,2025-10,2025-10.xlsx,568.0
619,KURNOOL,VISAKHAPATNAM,306.0,271.0,0.0,0.0,0.0,0.0,2025-10,2025-10.xlsx,577.0
620,LEH,SRINAGAR,1137.0,545.0,0.0,0.615,0.0,0.0,2025-10,2025-10.xlsx,1682.0
621,LUCKNOW,MUMBAI,36951.0,45416.0,62.70958999999999,188.7926163,4.612,21.32463,2025-10,2025-10.xlsx,82367.0
622,LUCKNOW,PATNA,3869.0,3035.0,4.971,0.803,2.688,1.168,2025-10,2025-10.xlsx,6904.0
623,LUCKNOW,PUNE,6490.0,7433.0,33.906,28.767,0.166,0.726,2025-10,2025-10.xlsx,13923.0
624,LUCKNOW,RAIPUR,2934.0,3581.0,2.443,0.084,0.557,0.0,2025-10,2025-10.xlsx,6515.0
625,LUCKNOW,RANCHI,1147.0,1365.0,1.89,1.325,0.425,0.0,2025-10,2025-10.xlsx,2512.0
626,LUCKNOW,SILCHAR,62.0,106.0,0.0,0.0,0.0,0.0,2025-10,2025-10.xlsx,168.0
627,LUCKNOW,VARANASI,952.0,1115.0,0.0,0.0,0.0,0.0,2025-10,2025-10.xlsx,2067.0
628,MADURAI,MUMBAI,11233.0,12795.0,56.3839255,33.2596047,3.7098099999999996,10.19558,2025-10,2025-10.xlsx,24028.0
629,MADURAI,VIJAYAWADA,28.0,25.0,0.0,0.0,0.0,0.0,2025-10,2025-10.xlsx,53.0
630,Malvan,PUNE,1284.0,1496.0,0.0,0.0,0.0,0.0,2025-10,2025-10.xlsx,2780.0
631,MANGALORE,MUMBAI,23727.0,25740.0,4.892,3.051,34.262,2.865,2025-10,2025-10.xlsx,49467.0
632,MANGALORE,TRIVANDRUM,38.0,55.0,0.0,0.0,0.0,0.0,2025-10,2025-10.xlsx,93.0
633,MUMBAI,NAGPUR,35949.0,30868.0,182.1450223,127.52799999999999,40.45046,46.74056999999999,2025-10,2025-10.xlsx,66817.0
634,MUMBAI,PATNA,27542.0,15355.0,155.80720050000002,27.50254,10.181899999999999,3.1436,2025-10,2025-10.xlsx,42897.0
635,MUMBAI,PORBANDAR,373.0,338.0,0.0,0.0,0.0,0.0,2025-10,2025-10.xlsx,711.0
636,MUMBAI,PORT BLAIR,4768.0,4275.0,9.241,1.471,1.673,0.0,2025-10,2025-10.xlsx,9043.0
637,MUMBAI,RAIPUR,15439.0,13889.0,108.539,35.223,15.73,0.0,2025-10,2025-10.xlsx,29328.0
638,MUMBAI,RAJAHMUNDRY,4140.0,3514.0,0.582,0.337,0.0,0.0,2025-10,2025-10.xlsx,7654.0
639,MUMBAI,Rajkot International Airport,25694.0,24833.0,22.854333,35.3535,12.81286,1.999,2025-10,2025-10.xlsx,50527.0
640,MUMBAI,RANCHI,10682.0,9455.0,28.415,13.314,3.709,0.541,2025-10,2025-10.xlsx,20137.0
641,MUMBAI,SHOLAPUR,476.0,418.0,0.0,0.0,0.0,0.0,2025-10,2025-10.xlsx,894.0
642,MUMBAI,SRINAGAR,9438.0,9801.0,56.328,35.329,2.25692,2.011,2025-10,2025-10.xlsx,19239.0
643,MUMBAI,TIRUCHIRAPALLY,2644.0,2034.0,0.773,1.04,0.0,0.0,2025-10,2025-10.xlsx,4678.0
644,MUMBAI,TIRUPATI,6043.0,4573.0,0.187,1.1,1.191,0.062,2025-10,2025-10.xlsx,10616.0
645,MUMBAI,TRIVANDRUM,13834.0,14682.0,28.917499999999997,10.6745,6.10379,5.023780000000002,2025-10,2025-10.xlsx,28516.0
646,MUMBAI,UDAIPUR,23945.0,21358.0,20.129,6.7748972,0.0,0.0,2025-10,2025-10.xlsx,45303.0
647,MUMBAI,VADODARA,14021.0,15281.0,25.756,0.0,8.78293,0.0,2025-10,2025-10.xlsx,29302.0
648,MUMBAI,VARANASI,40514.0,33012.0,122.3214444,44.20709960000001,6.64625,0.527,2025-10,2025-10.xlsx,73526.0
649,MUMBAI,VIJAYAWADA,7368.0,6240.0,28.933501,2.679,7.26675,0.16970000000000007,2025-10,2025-10.xlsx,13608.0
650,MUMBAI,VISAKHAPATNAM,9272.0,8301.0,15.925,4.862,2.771,1.43,2025-10,2025-10.xlsx,17573.0
651,MUMBAI,Ayodhya International Airport,8147.0,6189.0,0.049,0.0,0.0,0.0,2025-10,2025-10.xlsx,14336.0
652,MUMBAI,HINDON AIRPORT,9380.0,7341.0,0.0,0.0,0.0,0.0,2025-10,2025-10.xlsx,16721.0
653,MUMBAI,Amravati Airport,281.0,270.0,0.0,0.0,0.0,0.0,2025-10,2025-10.xlsx,551.0
654,NAGPUR,PUNE,13088.0,13840.0,8.566,47.347,8.286,3.509,2025-10,2025-10.xlsx,26928.0
655,NANDED,PUNE,1259.0,1275.0,0.0,0.0,0.0,0.0,2025-10,2025-10.xlsx,2534.0
656,NANDED,HINDON AIRPORT,2482.0,2227.0,0.0,0.0,0.0,0.0,2025-10,2025-10.xlsx,4709.0
657,PASIGHAT,SHILLONG,20.0,17.0,0.0,0.0,0.0,0.0,2025-10,2025-10.xlsx,37.0
658,PATNA,PUNE,3617.0,5185.0,4.07,20.637,1.231,1.343,2025-10,2025-10.xlsx,8802.0
659,PATNA,RANCHI,2988.0,3139.0,0.299,0.006,1.382,0.0,2025-10,2025-10.xlsx,6127.0
660,PATNA,HINDON AIRPORT,4394.0,6824.0,0.0,0.0,0.0,0.0,2025-10,2025-10.xlsx,11218.0
661,PONDICHERRY,RAJAHMUNDRY,7.0,10.0,0.0,0.0,0.0,0.0,2025-10,2025-10.xlsx,17.0
662,PORT BLAIR,VISAKHAPATNAM,2304.0,2137.0,0.424,0.001,0.0,0.0,2025-10,2025-10.xlsx,4441.0
663,PUNE,RAIPUR,6502.0,5841.0,12.002,0.019,0.69,0.0,2025-10,2025-10.xlsx,12343.0
664,PUNE,Rajkot International Airport,2792.0,2739.0,0.097,2.586,0.0,0.0,2025-10,2025-10.xlsx,5531.0
665,PUNE,RANCHI,5412.0,4582.0,36.225,6.953,0.305,0.226,2025-10,2025-10.xlsx,9994.0
666,PUNE,SRINAGAR,3.0,0.0,0.0,0.0,0.0,0.0,2025-10,2025-10.xlsx,3.0
667,PUNE,SURAT,2824.0,2602.0,5.327,2.779,0.597,0.027,2025-10,2025-10.xlsx,5426.0
668,PUNE,TRIVANDRUM,2423.0,2456.0,0.677,0.669,0.257,0.0,2025-10,2025-10.xlsx,4879.0
669,PUNE,VADODARA,2474.0,2350.0,0.443,0.0,0.108,0.0,2025-10,2025-10.xlsx,4824.0
670,PUNE,VARANASI,6344.0,5436.0,3.1050500000000003,4.619000000000001,0.083,0.0,2025-10,2025-10.xlsx,11780.0
671,RAIPUR,VISAKHAPATNAM,1285.0,1341.0,0.001,0.0,0.0,0.0,2025-10,2025-10.xlsx,2626.0
672,RAIPUR,Ambikapur Airport,1.0,5.0,0.0,0.0,0.0,0.0,2025-10,2025-10.xlsx,6.0
673,RAJAHMUNDRY,TIRUCHIRAPALLY,13.0,9.0,0.0,0.0,0.0,0.0,2025-10,2025-10.xlsx,22.0
674,RAJAHMUNDRY,TIRUPATI,398.0,323.0,0.0,0.0,0.0,0.0,2025-10,2025-10.xlsx,721.0
675,Shivamogga Airport,TIRUPATI,1321.0,1016.0,0.0,0.0,0.0,0.0,2025-10,2025-10.xlsx,2337.0
676,SRINAGAR,VARANASI,0.0,162.0,0.0,0.0,0.0,0.0,2025-10,2025-10.xlsx,162.0
677,TIRUPATI,VIJAYAWADA,1417.0,1210.0,0.183,0.0,3.227,0.0,2025-10,2025-10.xlsx,2627.0
678,TIRUPATI,VISAKHAPATNAM,1955.0,2106.0,0.001,0.004,0.0,0.134,2025-10,2025-10.xlsx,4061.0
679,VARANASI,VISAKHAPATNAM,545.0,582.0,0.0,0.009,0.0,0.0,2025-10,2025-10.xlsx,1127.0
680,VARANASI,HINDON AIRPORT,5051.0,6088.0,0.0,0.0,0.0,0.0,2025-10,2025-10.xlsx,11139.0
681,VIJAYAWADA,VISAKHAPATNAM,5227.0,3655.0,0.001,0.351,0.0,3.818,2025-10,2025-10.xlsx,8882.0
1,ADAMPUR,MUMBAI,4979.0,4960.0,0.0,0.549,0.0,0.0,2025-11,2025-11.xlsx,9939.0
2,ADAMPUR,NANDED,404.0,0.0,0.0,0.0,0.0,0.0,2025-11,2025-11.xlsx,404.0
3,ADAMPUR,HINDON AIRPORT,1394.0,1697.0,0.0,0.0,0.0,0.0,2025-11,2025-11.xlsx,3091.0
4,AGARTALA,AHMEDABAD,157.0,103.0,0.801,0.493,0.0,0.0,2025-11,2025-11.xlsx,260.0
5,AGARTALA,BAGDOGRA,1084.0,3103.0,0.001,0.623,0.0,0.0,2025-11,2025-11.xlsx,4187.0
6,AGARTALA,BENGALURU,3613.0,3674.0,52.207,9.316,0.0,0.383,2025-11,2025-11.xlsx,7287.0
7,AGARTALA,CHENNAI,495.0,661.0,0.154,0.324,0.0,0.0,2025-11,2025-11.xlsx,1156.0
8,AGARTALA,DELHI,6522.0,6937.0,7.37,31.756,0.739,1.123,2025-11,2025-11.xlsx,13459.0
9,AGARTALA,DIBRUGARH,834.0,601.0,0.168,0.0,0.0,0.0,2025-11,2025-11.xlsx,1435.0
10,AGARTALA,GUWAHATI,10111.0,10491.0,10.229000000000001,58.152,1.574,4.31677,2025-11,2025-11.xlsx,20602.0
11,AGARTALA,HYDERABAD,3128.0,2786.0,0.557,11.451,0.0,0.001,2025-11,2025-11.xlsx,5914.0
12,AGARTALA,IMPHAL,1615.0,1507.0,1.688,7.143,0.0,0.0,2025-11,2025-11.xlsx,3122.0
13,AGARTALA,KOLKATA,36902.0,37604.0,26.692999999999998,248.748,3.934,1.299,2025-11,2025-11.xlsx,74506.0
14,AGARTALA,SILCHAR,397.0,362.0,0.0,0.0,0.0,0.0,2025-11,2025-11.xlsx,759.0
15,AGATTI ISLAND,BENGALURU,880.0,1134.0,0.0,0.084,0.0,0.0,2025-11,2025-11.xlsx,2014.0
16,AGATTI ISLAND,Goa,1496.0,1980.0,0.0,0.0,0.0,0.0,2025-11,2025-11.xlsx,3476.0
17,AGATTI ISLAND,KOCHI,2200.0,2869.0,0.0,0.024,0.0,0.0,2025-11,2025-11.xlsx,5069.0
18,AGATTI ISLAND,KOZHIKODE,508.0,622.0,0.0,0.0,0.0,0.0,2025-11,2025-11.xlsx,1130.0
19,AGRA,AHMEDABAD,2147.0,1957.0,0.145,0.005,0.0,0.0,2025-11,2025-11.xlsx,4104.0
20,AGRA,BENGALURU,6175.0,5961.0,2.19,5.976,0.0,0.0,2025-11,2025-11.xlsx,12136.0
21,AGRA,DELHI,0.0,30.0,0.0,0.0,0.0,0.0,2025-11,2025-11.xlsx,30.0
22,AGRA,HYDERABAD,1911.0,2116.0,2.003,0.521,0.0,0.0,2025-11,2025-11.xlsx,4027.0
23,AGRA,MUMBAI,2650.0,2656.0,0.06,0.264,0.0,0.0,2025-11,2025-11.xlsx,5306.0
24,AHMEDABAD,Kishangarh,1181.0,1722.0,0.29,0.0,0.0,0.0,2025-11,2025-11.xlsx,2903.0
25,AHMEDABAD,AMRITSAR,4083.0,4507.0,0.624,6.221,0.378,0.0,2025-11,2025-11.xlsx,8590.0
26,AHMEDABAD,BAGDOGRA,4479.0,4754.0,13.72519,22.501179999999998,0.0,0.208,2025-11,2025-11.xlsx,9233.0
27,AHMEDABAD,BELGAUM,1089.0,1140.0,0.0,0.0,0.0,0.0,2025-11,2025-11.xlsx,2229.0
28,AHMEDABAD,BENGALURU,49681.0,51265.0,442.78868,365.65455000000003,1.809,7.1953,2025-11,2025-11.xlsx,100946.0
29,AHMEDABAD,BHOPAL,4068.0,4219.0,0.385,0.006,0.961,0.577,2025-11,2025-11.xlsx,8287.0
30,AHMEDABAD,BHUBANESWAR,4588.0,4815.0,22.29,2.777,1.668,1.091,2025-11,2025-11.xlsx,9403.0
31,AHMEDABAD,CHANDIGARH,7597.0,8082.0,20.164,27.056,1.269,0.946,2025-11,2025-11.xlsx,15679.0
32,AHMEDABAD,CHENNAI,18262.0,21113.0,206.67445999999998,218.20665,1.307,5.92,2025-11,2025-11.xlsx,39375.0
33,AHMEDABAD,COIMBATORE,3474.0,4414.0,23.627,21.96,0.0,0.174,2025-11,2025-11.xlsx,7888.0
34,AHMEDABAD,DABOLIM,19294.0,20593.0,27.194,10.829,0.061,0.296,2025-11,2025-11.xlsx,39887.0
35,AHMEDABAD,DehraDun,4317.0,4679.0,6.81,1.424,0.677,0.051,2025-11,2025-11.xlsx,8996.0
36,AHMEDABAD,DELHI,94749.0,107981.0,1842.6432300000001,1684.0132598999999,6.495699999999999,13.01349,2025-11,2025-11.xlsx,202730.0
37,AHMEDABAD,DIBRUGARH,156.0,217.0,4.725,4.117,0.0,0.079,2025-11,2025-11.xlsx,373.0
38,AHMEDABAD,DIU,2177.0,2014.0,0.198,0.0,0.0,0.0,2025-11,2025-11.xlsx,4191.0
39,AHMEDABAD,DURGAPUR,141.0,180.0,0.357,3.731,0.0,0.0,2025-11,2025-11.xlsx,321.0
40,AHMEDABAD,Goa,12472.0,13298.0,11.509,1.285,0.8400000000000001,0.0,2025-11,2025-11.xlsx,25770.0
41,AHMEDABAD,GUWAHATI,4841.0,4985.0,18.09,10.226,0.853,0.622,2025-11,2025-11.xlsx,9826.0
42,AHMEDABAD,HYDERABAD,26507.0,30091.0,184.935,102.9,1.34,1.996,2025-11,2025-11.xlsx,56598.0
43,AHMEDABAD,INDORE,6714.0,7689.0,0.522,0.051,0.716,1.053,2025-11,2025-11.xlsx,14403.0
44,AHMEDABAD,JAIPUR,9573.0,10799.0,0.732,1.924,0.8,0.0,2025-11,2025-11.xlsx,20372.0
45,AHMEDABAD,JALGAON,590.0,659.0,0.0,0.0,0.0,0.0,2025-11,2025-11.xlsx,1249.0
46,AHMEDABAD,JAMMU,2814.0,2964.0,2.59,0.0,0.0,0.0,2025-11,2025-11.xlsx,5778.0
47,AHMEDABAD,JAMNAGAR,843.0,866.0,0.0,0.0,0.0,0.0,2025-11,2025-11.xlsx,1709.0
48,AHMEDABAD,JODHPUR,1544.0,1709.0,0.016,0.019,0.0,0.0,2025-11,2025-11.xlsx,3253.0
49,AHMEDABAD,KESHOD,222.0,199.0,0.0,0.0,0.0,0.0,2025-11,2025-11.xlsx,421.0
50,AHMEDABAD,KOCHI,5026.0,5262.0,40.750699999999995,18.058,1.611,2.308,2025-11,2025-11.xlsx,10288.0
51,AHMEDABAD,KOLHAPUR,227.0,272.0,0.0,0.0,0.0,0.0,2025-11,2025-11.xlsx,499.0
52,AHMEDABAD,KOLKATA,26407.0,28311.0,281.63955,156.58339,4.092,3.3970000000000002,2025-11,2025-11.xlsx,54718.0
53,AHMEDABAD,LUCKNOW,13859.0,14732.0,58.671,19.758,2.24,1.962,2025-11,2025-11.xlsx,28591.0
54,AHMEDABAD,MUMBAI,92227.0,94245.0,918.40672,764.4282339999999,11.0071,34.228984999999994,2025-11,2025-11.xlsx,186472.0
55,AHMEDABAD,NAGPUR,4032.0,4306.0,0.208,0.099,0.769,2.767,2025-11,2025-11.xlsx,8338.0
56,AHMEDABAD,NANDED,1186.0,1336.0,0.0,0.0,0.0,0.0,2025-11,2025-11.xlsx,2522.0
57,AHMEDABAD,NASIK,1975.0,2206.0,0.001,0.169,0.0,0.0,2025-11,2025-11.xlsx,4181.0
58,AHMEDABAD,PATNA,8771.0,9793.0,49.16248,4.8587,3.137,2.589,2025-11,2025-11.xlsx,18564.0
59,AHMEDABAD,PORT BLAIR,42.0,15.0,0.0,0.0,0.0,0.0,2025-11,2025-11.xlsx,57.0
60,AHMEDABAD,PUNE,25793.0,26110.0,100.83166,138.16708,3.153,1.994,2025-11,2025-11.xlsx,51903.0
61,AHMEDABAD,RAIPUR,4275.0,5313.0,15.596,0.245,0.991,0.076,2025-11,2025-11.xlsx,9588.0
62,AHMEDABAD,RANCHI,4304.0,5198.0,14.022,1.53,0.958,1.157,2025-11,2025-11.xlsx,9502.0
63,AHMEDABAD,SRINAGAR,5065.0,5767.0,1.319,1.883,1.052,0.0,2025-11,2025-11.xlsx,10832.0
64,AHMEDABAD,SURAT,0.0,22.0,0.0,0.0,0.0,0.0,2025-11,2025-11.xlsx,22.0
65,AHMEDABAD,UDAIPUR,231.0,0.0,0.0,0.0,0.0,0.0,2025-11,2025-11.xlsx,231.0
66,AHMEDABAD,VARANASI,7529.0,9172.0,13.53538,7.8175,0.674,0.0,2025-11,2025-11.xlsx,16701.0
67,AHMEDABAD,VISAKHAPATNAM,332.0,473.0,2.047,1.226,0.0,0.0,2025-11,2025-11.xlsx,805.0
68,AHMEDABAD,Ayodhya International Airport,6973.0,6450.0,0.0,0.0,0.0,0.0,2025-11,2025-11.xlsx,13423.0
69,AHMEDABAD,HINDON AIRPORT,3606.0,5192.0,0.0,0.0,0.0,0.0,2025-11,2025-11.xlsx,8798.0
70,AHMEDABAD,Purnia Airport,2513.0,2540.0,0.0,0.0,0.0,0.0,2025-11,2025-11.xlsx,5053.0
71,AIZAWL,DELHI,5835.0,6802.0,34.485,35.798,0.0,1.854,2025-11,2025-11.xlsx,12637.0
72,AIZAWL,GUWAHATI,4976.0,5737.0,0.097,11.722,5.255,14.551,2025-11,2025-11.xlsx,10713.0
73,AIZAWL,KOLKATA,5487.0,4930.0,25.154,11.769,18.772,7.509,2025-11,2025-11.xlsx,10417.0
74,AIZAWL,LUCKNOW,96.0,57.0,0.0,0.094,0.0,0.0,2025-11,2025-11.xlsx,153.0
75,AIZAWL,SHILLONG,130.0,316.0,0.0,0.0,0.0,0.0,2025-11,2025-11.xlsx,446.0
76,Kishangarh,LUCKNOW,637.0,745.0,0.0,0.0,0.0,0.0,2025-11,2025-11.xlsx,1382.0
77,Kishangarh,NAGPUR,1161.0,1413.0,0.0,0.0,0.0,0.0,2025-11,2025-11.xlsx,2574.0
78,Kishangarh,PUNE,1379.0,1629.0,0.0,0.0,0.0,0.0,2025-11,2025-11.xlsx,3008.0
79,Kishangarh,HINDON AIRPORT,525.0,563.0,0.0,0.0,0.0,0.0,2025-11,2025-11.xlsx,1088.0
80,PRAYAGRAJ,BENGALURU,3665.0,3760.0,0.009,0.475,2.492,1.46,2025-11,2025-11.xlsx,7425.0
81,PRAYAGRAJ,BHUBANESWAR,846.0,882.0,0.0,0.0,0.0,0.0,2025-11,2025-11.xlsx,1728.0
82,PRAYAGRAJ,BILASPUR,297.0,398.0,0.0,0.0,0.0,0.0,2025-11,2025-11.xlsx,695.0
83,PRAYAGRAJ,DELHI,5227.0,5600.0,0.027,1.448,0.0,22.097,2025-11,2025-11.xlsx,10827.0
84,PRAYAGRAJ,HYDERABAD,1314.0,1391.0,0.0,0.033,0.126,0.0,2025-11,2025-11.xlsx,2705.0
85,PRAYAGRAJ,MUMBAI,9688.0,9826.0,0.0,2.226,0.962,5.125,2025-11,2025-11.xlsx,19514.0
86,AMRITSAR,BENGALURU,5275.0,5112.0,21.1,3.807,0.0,3.493,2025-11,2025-11.xlsx,10387.0
87,AMRITSAR,CHENNAI,463.0,423.0,54.846,0.335,0.0,0.0,2025-11,2025-11.xlsx,886.0
88,AMRITSAR,DELHI,56533.0,56844.0,116.2005,23.753,0.0,0.04336,2025-11,2025-11.xlsx,113377.0
89,AMRITSAR,GUWAHATI,144.0,110.0,0.26,0.0,0.0,0.0,2025-11,2025-11.xlsx,254.0
90,AMRITSAR,HYDERABAD,5272.0,4369.0,10.207,1.099,0.0,0.071,2025-11,2025-11.xlsx,9641.0
91,AMRITSAR,KOLKATA,2169.0,2153.0,1.673,0.608,0.0,0.0,2025-11,2025-11.xlsx,4322.0
92,AMRITSAR,KULLU,176.0,126.0,0.0,0.0,0.0,0.0,2025-11,2025-11.xlsx,302.0
93,AMRITSAR,MUMBAI,14444.0,14314.0,6.471,24.085,0.0,3.68691,2025-11,2025-11.xlsx,28758.0
94,AMRITSAR,PUNE,5157.0,4616.0,2.428,1.22,0.0,0.067,2025-11,2025-11.xlsx,9773.0
95,AMRITSAR,SRINAGAR,6081.0,6465.0,4.149,0.359,0.039,1.842,2025-11,2025-11.xlsx,12546.0
96,AURANGABAD,BENGALURU,2361.0,2369.0,0.0,0.665,0.0,0.49,2025-11,2025-11.xlsx,4730.0
97,AURANGABAD,COIMBATORE,47.0,29.0,0.0,0.0,0.0,0.0,2025-11,2025-11.xlsx,76.0
98,AURANGABAD,DABOLIM,855.0,809.0,0.0,0.0,0.0,0.0,2025-11,2025-11.xlsx,1664.0
99,AURANGABAD,DELHI,13428.0,14824.0,0.0,190.454596,0.031,4.890000000000001,2025-11,2025-11.xlsx,28252.0
100,AURANGABAD,HYDERABAD,3090.0,2478.0,0.0,0.262,0.0,0.0,2025-11,2025-11.xlsx,5568.0
101,AURANGABAD,MUMBAI,9786.0,9997.0,0.0,11.539,0.727,20.467,2025-11,2025-11.xlsx,19783.0
102,BAGDOGRA,BENGALURU,21550.0,16580.0,96.86642,86.236,0.011,4.152,2025-11,2025-11.xlsx,38130.0
103,BAGDOGRA,BHUBANESWAR,692.0,668.0,0.0,0.0,0.0,0.0,2025-11,2025-11.xlsx,1360.0
104,BAGDOGRA,CHENNAI,5890.0,5708.0,26.236,4.096,1.382,0.256,2025-11,2025-11.xlsx,11598.0
105,BAGDOGRA,DELHI,53375.0,54187.0,88.41896,123.87494,1.3593000000000002,8.5252,2025-11,2025-11.xlsx,107562.0
106,BAGDOGRA,DIBRUGARH,3797.0,3861.0,0.0,0.0,0.0,0.0,2025-11,2025-11.xlsx,7658.0
107,BAGDOGRA,DURGAPUR,389.0,318.0,0.0,0.0,0.0,0.0,2025-11,2025-11.xlsx,707.0
108,BAGDOGRA,GUWAHATI,1231.0,6028.0,1.13188,17.13952,0.0,1.50922,2025-11,2025-11.xlsx,7259.0
109,BAGDOGRA,HYDERABAD,16058.0,15806.0,52.605,15.012,0.972,0.003,2025-11,2025-11.xlsx,31864.0
110,BAGDOGRA,IMPHAL,2624.0,4232.0,23.513,0.0,0.0,0.0,2025-11,2025-11.xlsx,6856.0
111,BAGDOGRA,KOLKATA,27608.0,25426.0,70.762,21.76617,8.222,2.959,2025-11,2025-11.xlsx,53034.0
112,BAGDOGRA,MUMBAI,19438.0,20246.0,53.921310000000005,85.51308,1.796,3.4825,2025-11,2025-11.xlsx,39684.0
113,BAGDOGRA,RAIPUR,3.0,0.0,0.0,0.0,0.0,0.0,2025-11,2025-11.xlsx,3.0
114,BAREILLY,BENGALURU,2367.0,2302.0,0.0,0.223,0.0,0.0,2025-11,2025-11.xlsx,4669.0
115,BAREILLY,MUMBAI,3717.0,3746.0,0.0,0.168,0.0,0.0,2025-11,2025-11.xlsx,7463.0
116,BELGAUM,BENGALURU,4489.0,4486.0,0.0,0.219,0.0,0.0,2025-11,2025-11.xlsx,8975.0
117,BELGAUM,DELHI,5204.0,5046.0,0.001,0.51,0.0,0.0,2025-11,2025-11.xlsx,10250.0
118,BELGAUM,HYDERABAD,2075.0,2225.0,0.019,0.01,0.0,0.0,2025-11,2025-11.xlsx,4300.0
119,BELGAUM,JAIPUR,601.0,661.0,0.0,0.0,0.0,0.0,2025-11,2025-11.xlsx,1262.0
120,BELGAUM,MUMBAI,1514.0,1654.0,0.0,0.0,0.0,0.0,2025-11,2025-11.xlsx,3168.0
121,BENGALURU,BHOPAL,11100.0,11758.0,34.513,13.391,6.77,1.968,2025-11,2025-11.xlsx,22858.0
122,BENGALURU,BHUBANESWAR,34587.0,33185.0,165.75654999999998,20.648,11.13926,0.0,2025-11,2025-11.xlsx,67772.0
123,BENGALURU,BIDAR,1377.0,1414.0,0.0,0.0,0.0,0.0,2025-11,2025-11.xlsx,2791.0
124,BENGALURU,CHANDIGARH,20855.0,20898.0,124.191,208.243,8.305,0.0,2025-11,2025-11.xlsx,41753.0
125,BENGALURU,CHENNAI,67227.0,73896.0,645.07821,507.75944000000004,15.998,22.289779999999997,2025-11,2025-11.xlsx,141123.0
126,BENGALURU,COIMBATORE,18314.0,18224.0,25.286,29.258,4.16,2.299,2025-11,2025-11.xlsx,36538.0
127,BENGALURU,DABOLIM,41948.0,41640.0,71.092,67.558,1.272,0.834,2025-11,2025-11.xlsx,83588.0
128,BENGALURU,DARBHANGA,606.0,971.0,1.106,0.0,0.0,0.0,2025-11,2025-11.xlsx,1577.0
129,BENGALURU,DehraDun,9272.0,9768.0,9.632,25.173,5.44,0.815,2025-11,2025-11.xlsx,19040.0
130,BENGALURU,DELHI,212038.0,232061.0,4619.410716,4798.270073400001,25.349999999999998,33.849914,2025-11,2025-11.xlsx,444099.0
131,BENGALURU,Deoghar,4742.0,4943.0,0.106,0.0,0.0,0.0,2025-11,2025-11.xlsx,9685.0
132,BENGALURU,DIBRUGARH,722.0,254.0,0.569,0.234,0.0,0.0,2025-11,2025-11.xlsx,976.0
133,BENGALURU,DURGAPUR,4303.0,4677.0,7.706,18.521,0.0,0.0,2025-11,2025-11.xlsx,8980.0
134,BENGALURU,Goa,24129.0,23137.0,8.826,20.489,0.0,0.126,2025-11,2025-11.xlsx,47266.0
135,BENGALURU,GORAKHPUR,11326.0,11255.0,68.00665,52.92779,1.78027,0.454,2025-11,2025-11.xlsx,22581.0
136,BENGALURU,GUWAHATI,36873.0,32180.0,412.15869999999995,203.715,14.74392,2.17822,2025-11,2025-11.xlsx,69053.0
137,BENGALURU,GWALIOR,4080.0,4469.0,0.0,0.0,0.0,0.0,2025-11,2025-11.xlsx,8549.0
138,BENGALURU,HUBLI,4334.0,4391.0,0.524,0.452,0.219,1.036,2025-11,2025-11.xlsx,8725.0
139,BENGALURU,HYDERABAD,100749.0,101631.0,659.3,201.39600000000002,39.941,9.251,2025-11,2025-11.xlsx,202380.0
140,BENGALURU,IMPHAL,572.0,659.0,3.678,8.312,0.003,0.0,2025-11,2025-11.xlsx,1231.0
141,BENGALURU,INDORE,19898.0,21465.0,104.467,90.354,5.729,1.405,2025-11,2025-11.xlsx,41363.0
142,BENGALURU,JABALPUR,4682.0,5023.0,0.641,0.282,0.0,0.0,2025-11,2025-11.xlsx,9705.0
143,BENGALURU,JAIPUR,38467.0,38280.0,435.521,430.009,11.908,1.526,2025-11,2025-11.xlsx,76747.0
144,BENGALURU,JAISALMER,4169.0,4022.0,0.001,0.0,0.0,0.0,2025-11,2025-11.xlsx,8191.0
145,BENGALURU,JAMMU,2700.0,3138.0,3.541,0.0,0.094,0.0,2025-11,2025-11.xlsx,5838.0
146,BENGALURU,JHARSUGUDA,4788.0,4932.0,0.142,0.0,0.0,0.0,2025-11,2025-11.xlsx,9720.0
147,BENGALURU,JODHPUR,10261.0,10321.0,10.74,8.028,3.726,1.91,2025-11,2025-11.xlsx,20582.0
148,BENGALURU,KANNUR,4234.0,4975.0,0.512,0.004,0.232,0.0,2025-11,2025-11.xlsx,9209.0
149,BENGALURU,KANPUR,2632.0,2833.0,0.828,0.38,0.0,0.0,2025-11,2025-11.xlsx,5465.0
150,BENGALURU,KOCHI,58714.0,58115.0,182.075,128.858,32.404,10.491,2025-11,2025-11.xlsx,116829.0
151,BENGALURU,KOLHAPUR,2208.0,2088.0,0.155,0.257,0.0,0.0,2025-11,2025-11.xlsx,4296.0
152,BENGALURU,KOLKATA,99987.0,99477.0,1024.4313200000001,905.88401,21.253,8.43166,2025-11,2025-11.xlsx,199464.0
153,BENGALURU,KOZHIKODE,16375.0,16698.0,7.569,0.1,2.532,0.0,2025-11,2025-11.xlsx,33073.0
154,BENGALURU,KURNOOL,241.0,291.0,0.058,0.0,0.0,0.0,2025-11,2025-11.xlsx,532.0
155,BENGALURU,LUCKNOW,38463.0,39581.0,256.68199999999996,175.51100000000002,16.82395,2.518,2025-11,2025-11.xlsx,78044.0
156,BENGALURU,MADURAI,6254.0,6177.0,0.352,0.564,1.357,1.262,2025-11,2025-11.xlsx,12431.0
157,BENGALURU,Malvan,1458.0,1142.0,0.0,0.0,0.0,0.0,2025-11,2025-11.xlsx,2600.0
158,BENGALURU,MANGALORE,37521.0,36889.0,7.987,74.352,0.618,173.339,2025-11,2025-11.xlsx,74410.0
159,BENGALURU,MUMBAI,169920.0,170653.0,1600.4971839999996,1712.6427355999995,13.714319999999999,28.631961000000004,2025-11,2025-11.xlsx,340573.0
160,BENGALURU,NAGPUR,18243.0,18991.0,74.117,29.31,6.759,5.007,2025-11,2025-11.xlsx,37234.0
161,BENGALURU,NANDED,1586.0,1557.0,0.0,0.0,0.0,0.0,2025-11,2025-11.xlsx,3143.0
162,BENGALURU,NASIK,5985.0,6194.0,0.842,0.56,0.329,0.164,2025-11,2025-11.xlsx,12179.0
163,BENGALURU,PATNA,27712.0,28344.0,130.66123000000002,24.41679,20.324,5.785,2025-11,2025-11.xlsx,56056.0
164,BENGALURU,PONDICHERRY,1640.0,2005.0,0.221,0.0,0.0,0.0,2025-11,2025-11.xlsx,3645.0
165,BENGALURU,PORT BLAIR,13765.0,14796.0,63.067,20.815,3.016,0.0,2025-11,2025-11.xlsx,28561.0
166,BENGALURU,PUNE,73168.0,71212.0,450.54697999999996,286.644,13.01745,3.583,2025-11,2025-11.xlsx,144380.0
167,BENGALURU,RAIPUR,11513.0,12361.0,41.087,4.005,6.517,0.241,2025-11,2025-11.xlsx,23874.0
168,BENGALURU,RAJAHMUNDRY,2182.0,2225.0,0.254,0.0,0.0,0.0,2025-11,2025-11.xlsx,4407.0
169,BENGALURU,Rajkot International Airport,6289.0,5727.0,8.924,5.984,2.194,0.0,2025-11,2025-11.xlsx,12016.0
170,BENGALURU,RANCHI,19067.0,21144.0,241.107,29.128,8.397,2.737,2025-11,2025-11.xlsx,40211.0
171,BENGALURU,SALEM,1359.0,1787.0,0.086,0.0,0.0,0.0,2025-11,2025-11.xlsx,3146.0
172,BENGALURU,SHIRDI,6201.0,6166.0,0.645,0.01,0.0,0.0,2025-11,2025-11.xlsx,12367.0
173,BENGALURU,Shivamogga Airport,1723.0,1815.0,0.168,0.0,0.0,0.0,2025-11,2025-11.xlsx,3538.0
174,BENGALURU,SILCHAR,316.0,337.0,0.253,0.0,0.0,0.0,2025-11,2025-11.xlsx,653.0
175,BENGALURU,SRINAGAR,3312.0,3483.0,4.182,8.321,0.662,0.065,2025-11,2025-11.xlsx,6795.0
176,BENGALURU,SURAT,18391.0,15975.0,23.519,63.178,2.0,1.637,2025-11,2025-11.xlsx,34366.0
177,BENGALURU,TIRUCHIRAPALLY,8467.0,9457.0,0.372,0.009,0.936,0.0,2025-11,2025-11.xlsx,17924.0
178,BENGALURU,TIRUPATI,1980.0,2034.0,0.009,0.02,0.585,0.0,2025-11,2025-11.xlsx,4014.0
179,BENGALURU,TRIVANDRUM,31297.0,33354.0,55.78,29.637,13.005,4.725,2025-11,2025-11.xlsx,64651.0
180,BENGALURU,TUTICORIN,1861.0,1955.0,0.037,0.0,0.0,0.0,2025-11,2025-11.xlsx,3816.0
181,BENGALURU,UDAIPUR,12072.0,12661.0,45.906,0.964,0.0,0.0,2025-11,2025-11.xlsx,24733.0
182,BENGALURU,VADODARA,5255.0,4644.0,7.227,0.0,4.896,0.0,2025-11,2025-11.xlsx,9899.0
183,BENGALURU,VARANASI,41168.0,41184.0,71.7852,122.02265,4.37457,0.258,2025-11,2025-11.xlsx,82352.0
184,BENGALURU,VIDYANAGAR,864.0,934.0,0.0,0.0,0.0,0.0,2025-11,2025-11.xlsx,1798.0
185,BENGALURU,VIJAYAWADA,12301.0,13136.0,0.194,0.012,2.919,0.336,2025-11,2025-11.xlsx,25437.0
186,BENGALURU,VISAKHAPATNAM,22527.0,22410.0,146.398,5.547,7.27,0.811,2025-11,2025-11.xlsx,44937.0
187,BENGALURU,Ayodhya International Airport,5407.0,6370.0,0.0,0.0,0.0,0.0,2025-11,2025-11.xlsx,11777.0
188,BENGALURU,HINDON AIRPORT,12652.0,14047.0,0.006,0.0,0.0,0.0,2025-11,2025-11.xlsx,26699.0
189,BHATINDA,DELHI,524.0,585.0,0.0,0.0,0.0,0.0,2025-11,2025-11.xlsx,1109.0
190,BHOPAL,DABOLIM,4321.0,4235.0,0.002,0.595,0.0,2.075,2025-11,2025-11.xlsx,8556.0
191,BHOPAL,DELHI,30678.0,29820.0,19.147000000000002,116.5409705,16.71183,31.565261999999997,2025-11,2025-11.xlsx,60498.0
192,BHOPAL,HYDERABAD,3193.0,3084.0,0.006,0.03,0.598,0.724,2025-11,2025-11.xlsx,6277.0
193,BHOPAL,MUMBAI,16043.0,15596.0,10.871,51.7055,3.95356,18.7168,2025-11,2025-11.xlsx,31639.0
194,BHOPAL,PUNE,4553.0,4522.0,0.0,1.276,0.0,0.501,2025-11,2025-11.xlsx,9075.0
195,BHOPAL,RAIPUR,2073.0,2140.0,0.0,0.0,0.92,0.0,2025-11,2025-11.xlsx,4213.0
196,BHUBANESWAR,CHANDIGARH,920.0,794.0,0.03,5.742,0.0,0.0,2025-11,2025-11.xlsx,1714.0
197,BHUBANESWAR,CHENNAI,10057.0,11430.0,3.69,31.297,2.097,7.51,2025-11,2025-11.xlsx,21487.0
198,BHUBANESWAR,DehraDun,1907.0,1938.0,0.0,0.001,0.0,0.0,2025-11,2025-11.xlsx,3845.0
199,BHUBANESWAR,DELHI,57022.0,60049.0,49.755500000000005,684.6841952,11.898320000000004,13.811648,2025-11,2025-11.xlsx,117071.0
200,BHUBANESWAR,DIMAPUR,141.0,57.0,0.124,0.145,0.0,0.0,2025-11,2025-11.xlsx,198.0
201,BHUBANESWAR,DURGAPUR,669.0,925.0,0.0,0.0,0.0,0.0,2025-11,2025-11.xlsx,1594.0
202,BHUBANESWAR,Goa,1985.0,1976.0,0.001,1.493,0.0,0.042,2025-11,2025-11.xlsx,3961.0
203,BHUBANESWAR,GUWAHATI,4822.0,4993.0,0.536,7.393,0.0,0.844,2025-11,2025-11.xlsx,9815.0
204,BHUBANESWAR,HYDERABAD,25882.0,26443.0,5.4590000000000005,32.956,0.763,6.316,2025-11,2025-11.xlsx,52325.0
205,BHUBANESWAR,INDORE,2715.0,2818.0,0.204,0.62,0.0,0.029,2025-11,2025-11.xlsx,5533.0
206,BHUBANESWAR,JAIPUR,2517.0,2473.0,0.0,0.0,0.0,0.0,2025-11,2025-11.xlsx,4990.0
207,BHUBANESWAR,JAMMU,225.0,146.0,0.0,0.0,0.0,0.0,2025-11,2025-11.xlsx,371.0
208,BHUBANESWAR,JAMSHEDPUR,167.0,223.0,0.0,0.0,0.0,0.0,2025-11,2025-11.xlsx,390.0
209,BHUBANESWAR,JEYPORE,488.0,491.0,0.0,0.0,0.0,0.0,2025-11,2025-11.xlsx,979.0
210,BHUBANESWAR,JHARSUGUDA,1374.0,1586.0,0.0,0.0,0.0,0.0,2025-11,2025-11.xlsx,2960.0
211,BHUBANESWAR,KOCHI,3401.0,3239.0,0.176,4.329,0.0,0.0,2025-11,2025-11.xlsx,6640.0
212,BHUBANESWAR,KOLKATA,15466.0,15686.0,3.903,10.492,0.0,11.022,2025-11,2025-11.xlsx,31152.0
213,BHUBANESWAR,LUCKNOW,2967.0,3288.0,0.706,5.181,0.0,0.416,2025-11,2025-11.xlsx,6255.0
214,BHUBANESWAR,MUMBAI,25249.0,24958.0,23.826,66.014,4.718,12.425,2025-11,2025-11.xlsx,50207.0
215,BHUBANESWAR,PATNA,2925.0,3246.0,0.897,0.055,0.694,1.09,2025-11,2025-11.xlsx,6171.0
216,BHUBANESWAR,PORT BLAIR,1271.0,1110.0,1.205,0.0,0.0,0.0,2025-11,2025-11.xlsx,2381.0
217,BHUBANESWAR,PUNE,4763.0,4399.0,4.051,21.602,0.0,0.0,2025-11,2025-11.xlsx,9162.0
218,BHUBANESWAR,RAIPUR,3961.0,3561.0,0.558,0.016,0.0,0.102,2025-11,2025-11.xlsx,7522.0
219,BHUBANESWAR,RANCHI,2008.0,1980.0,0.108,0.001,0.0,0.746,2025-11,2025-11.xlsx,3988.0
220,BHUBANESWAR,Utkela,185.0,273.0,0.0,0.0,0.0,0.0,2025-11,2025-11.xlsx,458.0
221,BHUBANESWAR,VARANASI,1587.0,1727.0,0.003,0.0,0.0,0.0,2025-11,2025-11.xlsx,3314.0
222,BHUBANESWAR,VISAKHAPATNAM,1698.0,2002.0,0.001,0.0,0.0,0.0,2025-11,2025-11.xlsx,3700.0
223,BHUJ,DELHI,4377.0,4564.0,0.0,0.0415,0.0,0.0,2025-11,2025-11.xlsx,8941.0
224,BHUJ,MUMBAI,8416.0,8603.0,0.0,0.374,0.0,0.0,2025-11,2025-11.xlsx,17019.0
225,BHUJ,SURAT,600.0,527.0,0.0,0.0,0.0,0.0,2025-11,2025-11.xlsx,1127.0
226,BIKANER,DELHI,2097.0,2076.0,0.0,0.406,0.0,0.0,2025-11,2025-11.xlsx,4173.0
227,BIKANER,JAIPUR,197.0,157.0,0.0,0.0,0.0,0.0,2025-11,2025-11.xlsx,354.0
228,BILASPUR,DELHI,360.0,420.0,0.0,0.0,0.0,0.0,2025-11,2025-11.xlsx,780.0
229,BILASPUR,JABALPUR,195.0,110.0,0.0,0.0,0.0,0.0,2025-11,2025-11.xlsx,305.0
230,BILASPUR,KOLKATA,299.0,253.0,0.0,0.0,0.0,0.0,2025-11,2025-11.xlsx,552.0
231,CHANDIGARH,CHENNAI,4429.0,4861.0,49.757,33.821,0.03,1.572,2025-11,2025-11.xlsx,9290.0
232,CHANDIGARH,DABOLIM,5036.0,4650.0,6.858,2.488,0.0,0.001,2025-11,2025-11.xlsx,9686.0
233,CHANDIGARH,DELHI,32714.0,32928.0,183.39049350000002,41.3439231,11.332999999999998,20.431448,2025-11,2025-11.xlsx,65642.0
234,CHANDIGARH,DHARAMSALA,1125.0,1155.0,0.0,0.0,0.0,0.0,2025-11,2025-11.xlsx,2280.0
235,CHANDIGARH,Goa,3944.0,3904.0,8.518,1.759,0.0,0.0,2025-11,2025-11.xlsx,7848.0
236,CHANDIGARH,GUWAHATI,756.0,827.0,13.849,0.0,0.047,0.0,2025-11,2025-11.xlsx,1583.0
237,CHANDIGARH,HISSAR,26.0,29.0,0.0,0.0,0.0,0.0,2025-11,2025-11.xlsx,55.0
238,CHANDIGARH,HYDERABAD,8584.0,8322.0,63.708,39.723,0.816,0.199,2025-11,2025-11.xlsx,16906.0
239,CHANDIGARH,INDORE,3417.0,3472.0,20.979,1.766,0.579,0.193,2025-11,2025-11.xlsx,6889.0
240,CHANDIGARH,JAIPUR,5181.0,5198.0,0.011,0.035,0.0,0.0,2025-11,2025-11.xlsx,10379.0
241,CHANDIGARH,KOCHI,261.0,388.0,1.05,3.208,0.0,0.0,2025-11,2025-11.xlsx,649.0
242,CHANDIGARH,KOLKATA,9060.0,9854.0,58.4648724,67.43482329999999,1.187,0.8865299999999999,2025-11,2025-11.xlsx,18914.0
243,CHANDIGARH,KULLU,0.0,15.0,0.0,0.0,0.0,0.0,2025-11,2025-11.xlsx,15.0
244,CHANDIGARH,LEH,1466.0,2630.0,0.23500000000000001,0.0,0.0,0.0,2025-11,2025-11.xlsx,4096.0
245,CHANDIGARH,LUCKNOW,3995.0,3945.0,8.653,0.46,0.165,2.277,2025-11,2025-11.xlsx,7940.0
246,CHANDIGARH,MUMBAI,20817.0,21228.0,132.0016823,127.91918930000001,3.1119999999999997,11.496459999999999,2025-11,2025-11.xlsx,42045.0
247,CHANDIGARH,PATNA,3045.0,3016.0,3.481,0.006,0.008,1.456,2025-11,2025-11.xlsx,6061.0
248,CHANDIGARH,PUNE,5474.0,4862.0,35.175,27.108,0.0,0.0,2025-11,2025-11.xlsx,10336.0
249,CHANDIGARH,SRINAGAR,4163.0,4960.0,2.094,0.083,0.294,1.315,2025-11,2025-11.xlsx,9123.0
250,CHANDIGARH,UDAIPUR,224.0,90.0,0.0,0.0,0.0,0.0,2025-11,2025-11.xlsx,314.0
251,CHENNAI,COIMBATORE,39028.0,38296.0,18.02,37.608,2.82,13.601,2025-11,2025-11.xlsx,77324.0
252,CHENNAI,DABOLIM,6026.0,5945.0,5.122,13.127,0.59,0.69,2025-11,2025-11.xlsx,11971.0
253,CHENNAI,DehraDun,569.0,614.0,0.269,32.318,0.0,0.591,2025-11,2025-11.xlsx,1183.0
254,CHENNAI,DELHI,95369.0,96767.0,2608.4591221999995,2177.8496178,49.530066000000005,42.10766,2025-11,2025-11.xlsx,192136.0
255,CHENNAI,DURGAPUR,3824.0,3906.0,0.539,4.207,0.0,0.0,2025-11,2025-11.xlsx,7730.0
256,CHENNAI,Goa,4784.0,4808.0,2.799,12.319,0.0,0.0,2025-11,2025-11.xlsx,9592.0
257,CHENNAI,GUWAHATI,15683.0,14790.0,35.947,26.486,5.948,2.812,2025-11,2025-11.xlsx,30473.0
258,CHENNAI,HYDERABAD,69940.0,71442.0,530.5008399999999,541.6690000000001,12.591,20.473,2025-11,2025-11.xlsx,141382.0
259,CHENNAI,INDORE,8302.0,7888.0,30.262,100.557,1.785,1.649,2025-11,2025-11.xlsx,16190.0
260,CHENNAI,JAIPUR,11231.0,10905.0,61.571,102.029,5.081,1.299,2025-11,2025-11.xlsx,22136.0
261,CHENNAI,JAMMU,133.0,154.0,0.066,0.0,0.0,0.0,2025-11,2025-11.xlsx,287.0
262,CHENNAI,Cuddapah,552.0,666.0,0.143,0.0,0.0,0.0,2025-11,2025-11.xlsx,1218.0
263,CHENNAI,KANNUR,1349.0,1214.0,0.106,0.023,0.0,0.0,2025-11,2025-11.xlsx,2563.0
264,CHENNAI,KANPUR,82.0,34.0,0.0,0.0,0.0,0.0,2025-11,2025-11.xlsx,116.0
265,CHENNAI,KOCHI,34214.0,33446.0,47.767109999999995,35.269,12.389,6.322,2025-11,2025-11.xlsx,67660.0
266,CHENNAI,KOLKATA,52974.0,52000.0,313.1539,280.25822,10.482,4.761,2025-11,2025-11.xlsx,104974.0
267,CHENNAI,KOZHIKODE,4213.0,3971.0,0.291,0.053,1.237,0.0,2025-11,2025-11.xlsx,8184.0
268,CHENNAI,LUCKNOW,4447.0,4050.0,49.692,20.752,5.44,1.744,2025-11,2025-11.xlsx,8497.0
269,CHENNAI,MADURAI,16909.0,16619.0,0.855,10.582,5.605,5.278,2025-11,2025-11.xlsx,33528.0
270,CHENNAI,MANGALORE,2152.0,2132.0,0.182,0.0,0.0,0.329,2025-11,2025-11.xlsx,4284.0
271,CHENNAI,MUMBAI,103719.0,98855.0,813.6509494,822.2290833,30.9176,36.820546,2025-11,2025-11.xlsx,202574.0
272,CHENNAI,MYSORE,2101.0,1937.0,0.025,0.0,0.0,0.0,2025-11,2025-11.xlsx,4038.0
273,CHENNAI,PATNA,10723.0,12416.0,51.904880000000006,27.51632,11.393,2.926,2025-11,2025-11.xlsx,23139.0
274,CHENNAI,PORT BLAIR,25717.0,26416.0,161.8206,197.65585999999996,37.48843,2.21,2025-11,2025-11.xlsx,52133.0
275,CHENNAI,PUNE,38362.0,36743.0,353.808,239.984,4.85,3.546,2025-11,2025-11.xlsx,75105.0
276,CHENNAI,RAIPUR,5815.0,4505.0,14.153,14.47,0.823,0.26,2025-11,2025-11.xlsx,10320.0
277,CHENNAI,RAJAHMUNDRY,2153.0,2156.0,0.0,0.007,0.0,0.0,2025-11,2025-11.xlsx,4309.0
278,CHENNAI,RANCHI,5675.0,5767.0,22.92,4.239,2.489,0.599,2025-11,2025-11.xlsx,11442.0
279,CHENNAI,SALEM,1855.0,1865.0,0.03,0.0,0.0,0.0,2025-11,2025-11.xlsx,3720.0
280,CHENNAI,SHIRDI,4669.0,4548.0,1.544,1.045,0.0,0.0,2025-11,2025-11.xlsx,9217.0
281,CHENNAI,Shivamogga Airport,485.0,459.0,1.8007700000000004,1.462,0.0,0.0,2025-11,2025-11.xlsx,944.0
282,CHENNAI,SURAT,3335.0,2703.0,6.036,20.98,0.179,0.355,2025-11,2025-11.xlsx,6038.0
283,CHENNAI,TIRUCHIRAPALLY,11544.0,12115.0,0.327,0.101,0.261,0.0,2025-11,2025-11.xlsx,23659.0
284,CHENNAI,TRIVANDRUM,14719.0,15828.0,13.023,15.579,6.377,4.299,2025-11,2025-11.xlsx,30547.0
285,CHENNAI,TUTICORIN,8336.0,8177.0,0.4,0.117,0.0,0.0,2025-11,2025-11.xlsx,16513.0
286,CHENNAI,VADODARA,809.0,628.0,0.036,0.0,0.0,0.0,2025-11,2025-11.xlsx,1437.0
287,CHENNAI,VARANASI,6147.0,6282.0,3.373,27.219,0.06,0.234,2025-11,2025-11.xlsx,12429.0
288,CHENNAI,VIJAYAWADA,4136.0,4338.0,0.389,0.628,0.0,0.0,2025-11,2025-11.xlsx,8474.0
289,CHENNAI,VISAKHAPATNAM,16342.0,17525.0,33.554,15.327,5.935,1.508,2025-11,2025-11.xlsx,33867.0
290,CHENNAI,HINDON AIRPORT,7652.0,7876.0,0.0,0.0,0.0,0.0,2025-11,2025-11.xlsx,15528.0
291,COIMBATORE,DABOLIM,1938.0,1967.0,0.0,0.002,0.0,0.0,2025-11,2025-11.xlsx,3905.0
292,COIMBATORE,DELHI,17997.0,19471.0,224.2665,202.37294490000002,4.59,4.0189,2025-11,2025-11.xlsx,37468.0
293,COIMBATORE,DURGAPUR,52.0,42.0,0.548,0.0,0.0,0.0,2025-11,2025-11.xlsx,94.0
294,COIMBATORE,GUWAHATI,374.0,316.0,9.494,0.025,0.998,0.0,2025-11,2025-11.xlsx,690.0
295,COIMBATORE,HYDERABAD,24062.0,24045.0,81.659,28.01,2.306,3.961,2025-11,2025-11.xlsx,48107.0
296,COIMBATORE,JAIPUR,370.0,307.0,4.274,0.97,0.0,0.0,2025-11,2025-11.xlsx,677.0
297,COIMBATORE,KOLKATA,0.0,152.0,0.0,2.134,0.0,0.0,2025-11,2025-11.xlsx,152.0
298,COIMBATORE,LUCKNOW,8.0,0.0,0.0,0.0,0.0,0.0,2025-11,2025-11.xlsx,8.0
299,COIMBATORE,MUMBAI,22169.0,21604.0,212.6175,227.5953906,4.566,6.34398,2025-11,2025-11.xlsx,43773.0
300,COIMBATORE,NASIK,44.0,35.0,0.0,0.0,0.0,0.0,2025-11,2025-11.xlsx,79.0
301,COIMBATORE,PUNE,5373.0,4902.0,12.569,19.324,0.0,0.325,2025-11,2025-11.xlsx,10275.0
302,COIMBATORE,SHIRDI,150.0,171.0,0.0,0.0,0.0,0.0,2025-11,2025-11.xlsx,321.0
303,COOCH BEHAR,KOLKATA,247.0,247.0,0.0,0.0,0.0,0.0,2025-11,2025-11.xlsx,494.0
304,DABOLIM,DELHI,57650.0,60417.0,49.199033500000006,176.1233374,1.825,3.72782,2025-11,2025-11.xlsx,118067.0
305,DABOLIM,HYDERABAD,28497.0,29893.0,45.197,18.763,0.902,2.525,2025-11,2025-11.xlsx,58390.0
306,DABOLIM,INDORE,8394.0,8483.0,2.095,2.453,0.152,0.003,2025-11,2025-11.xlsx,16877.0
307,DABOLIM,JAIPUR,4862.0,5097.0,0.288,6.228,0.153,0.0,2025-11,2025-11.xlsx,9959.0
308,DABOLIM,KOCHI,4450.0,4432.0,17.816,8.775,0.278,0.0,2025-11,2025-11.xlsx,8882.0
309,DABOLIM,KOLKATA,5395.0,5259.0,16.168,26.41,1.165,0.204,2025-11,2025-11.xlsx,10654.0
310,DABOLIM,LUCKNOW,4699.0,4837.0,5.681,2.306,0.406,0.103,2025-11,2025-11.xlsx,9536.0
311,DABOLIM,MUMBAI,55350.0,54592.0,73.5412528,86.8472785,3.5888200000000006,15.801515,2025-11,2025-11.xlsx,109942.0
312,DABOLIM,NASIK,1091.0,1129.0,0.001,0.0,0.0,0.0,2025-11,2025-11.xlsx,2220.0
313,DABOLIM,PUNE,4670.0,4826.0,0.753,0.277,0.018,0.0,2025-11,2025-11.xlsx,9496.0
314,DABOLIM,RAIPUR,5760.0,5748.0,9.398,0.053,0.241,0.0,2025-11,2025-11.xlsx,11508.0
315,DABOLIM,SURAT,5964.0,4911.0,21.679,31.173,0.212,0.202,2025-11,2025-11.xlsx,10875.0
316,DABOLIM,HINDON AIRPORT,2611.0,4027.0,0.0,0.0,0.0,0.0,2025-11,2025-11.xlsx,6638.0
317,DARBHANGA,DELHI,15624.0,15974.0,4.59759,5.9125,0.0,0.0,2025-11,2025-11.xlsx,31598.0
318,DARBHANGA,HYDERABAD,3997.0,4593.0,0.0,0.152,0.0,0.0,2025-11,2025-11.xlsx,8590.0
319,DARBHANGA,KOLKATA,1138.0,1095.0,0.0,0.018,0.0,0.0,2025-11,2025-11.xlsx,2233.0
320,DARBHANGA,MUMBAI,11910.0,12569.0,0.0,27.740399999999998,0.0,0.0,2025-11,2025-11.xlsx,24479.0
321,DehraDun,DELHI,27407.0,29000.0,28.358,13.206,9.179,24.1428,2025-11,2025-11.xlsx,56407.0
322,DehraDun,GUWAHATI,163.0,230.0,0.014,0.079,0.0,0.0,2025-11,2025-11.xlsx,393.0
323,DehraDun,HYDERABAD,4575.0,4883.0,4.181,2.762,0.412,2.059,2025-11,2025-11.xlsx,9458.0
324,DehraDun,INDORE,227.0,186.0,0.0,0.0,0.0,0.0,2025-11,2025-11.xlsx,413.0
325,DehraDun,JAIPUR,3627.0,3002.0,0.0,0.0,0.0,0.0,2025-11,2025-11.xlsx,6629.0
326,DehraDun,KOLKATA,2480.0,2483.0,4.463,0.908,0.107,0.0,2025-11,2025-11.xlsx,4963.0
327,DehraDun,KULLU,180.0,102.0,0.0,0.0,0.0,0.0,2025-11,2025-11.xlsx,282.0
328,DehraDun,LUCKNOW,3931.0,3994.0,0.212,0.074,0.584,1.283,2025-11,2025-11.xlsx,7925.0
329,DehraDun,MUMBAI,13485.0,13388.0,1.501,13.822,1.144,5.245,2025-11,2025-11.xlsx,26873.0
330,DehraDun,PUNE,4225.0,3711.0,15.087,5.607,0.29,0.461,2025-11,2025-11.xlsx,7936.0
331,DELHI,Deoghar,9336.0,9626.0,0.268,0.0,0.0,0.0,2025-11,2025-11.xlsx,18962.0
332,DELHI,DHARAMSALA,5036.0,4152.0,0.62923,0.0,0.0,0.0,2025-11,2025-11.xlsx,9188.0
333,DELHI,DIBRUGARH,9940.0,9947.0,36.07,9.171,4.388,3.368,2025-11,2025-11.xlsx,19887.0
334,DELHI,DIMAPUR,4981.0,4693.0,9.738,13.833,4.166,8.036,2025-11,2025-11.xlsx,9674.0
335,DELHI,DURGAPUR,4858.0,4755.0,22.393,23.417,0.0,0.0,2025-11,2025-11.xlsx,9613.0
336,DELHI,GAYA,8867.0,9843.0,0.26,0.0,0.0,0.0,2025-11,2025-11.xlsx,18710.0
337,DELHI,Goa,55099.0,53422.0,90.54595,43.906439999999996,1.23,0.6325,2025-11,2025-11.xlsx,108521.0
338,DELHI,GORAKHPUR,20724.0,19558.0,71.38414,63.64665,17.849,0.0,2025-11,2025-11.xlsx,40282.0
339,DELHI,GUWAHATI,72007.0,72119.0,963.0156182000001,182.531848,14.05006,9.055760000000001,2025-11,2025-11.xlsx,144126.0
340,DELHI,GWALIOR,4269.0,4097.0,0.398,0.0,0.0,0.0,2025-11,2025-11.xlsx,8366.0
341,DELHI,HISSAR,10.0,6.0,0.0,0.0,0.0,0.0,2025-11,2025-11.xlsx,16.0
342,DELHI,HUBLI,5363.0,4490.0,9.639,3.354,0.301,2.921,2025-11,2025-11.xlsx,9853.0
343,DELHI,HYDERABAD,134940.0,129288.0,1656.1420431000001,1027.3871538,32.357033,20.168252,2025-11,2025-11.xlsx,264228.0
344,DELHI,IMPHAL,14977.0,15724.0,86.34100000000001,105.133,9.324,10.233,2025-11,2025-11.xlsx,30701.0
345,DELHI,INDORE,51936.0,50147.0,491.9596874,232.96819950000003,12.82312,7.72739,2025-11,2025-11.xlsx,102083.0
346,DELHI,Itanagar,5043.0,4842.0,2.622,0.552,0.0,0.0,2025-11,2025-11.xlsx,9885.0
347,DELHI,JABALPUR,9490.0,9119.0,0.684,3.639,4.978,0.0,2025-11,2025-11.xlsx,18609.0
348,DELHI,JAGDALPUR,329.0,596.0,0.0,0.0,0.0,0.0,2025-11,2025-11.xlsx,925.0
349,DELHI,JAIPUR,34313.0,33632.0,48.5229391,50.278499999999994,17.0976,7.028,2025-11,2025-11.xlsx,67945.0
350,DELHI,JAISALMER,12132.0,11491.0,1.051,0.0,0.0,0.0,2025-11,2025-11.xlsx,23623.0
351,DELHI,JAMMU,31309.0,29153.0,80.61528,9.502,7.323,0.0,2025-11,2025-11.xlsx,60462.0
352,DELHI,JHARSUGUDA,5226.0,5030.0,0.127,0.0,0.0,0.0,2025-11,2025-11.xlsx,10256.0
353,DELHI,JODHPUR,18942.0,16561.0,24.602500000000003,0.032,23.90001,12.993,2025-11,2025-11.xlsx,35503.0
354,DELHI,JORHAT,2880.0,2758.0,0.441,0.137,0.0,0.0,2025-11,2025-11.xlsx,5638.0
355,DELHI,KANNUR,4384.0,3117.0,1.853,0.336,0.048,0.0,2025-11,2025-11.xlsx,7501.0
356,DELHI,KANPUR,5038.0,5123.0,0.564,0.001,15.254,0.0,2025-11,2025-11.xlsx,10161.0
357,DELHI,KHAJURAHO,3050.0,3119.0,0.217,0.0,0.0,0.0,2025-11,2025-11.xlsx,6169.0
358,DELHI,KOCHI,42509.0,41067.0,420.5535050999999,244.78649999999996,27.101022000000004,14.609075,2025-11,2025-11.xlsx,83576.0
359,DELHI,KOLKATA,126976.0,125092.0,1778.6810888,2363.078104,51.25216799999999,31.1332,2025-11,2025-11.xlsx,252068.0
360,DELHI,KOZHIKODE,6117.0,4979.0,9.091,0.568,2.328,0.0,2025-11,2025-11.xlsx,11096.0
361,DELHI,KULLU,395.0,201.0,0.0,0.0,0.0,0.0,2025-11,2025-11.xlsx,596.0
362,DELHI,LEH,22723.0,27079.0,132.35134,11.625039999999998,26.83554599999999,18.981,2025-11,2025-11.xlsx,49802.0
363,DELHI,LUCKNOW,65184.0,64691.0,293.4565435,82.97721949999999,46.86160099999999,15.376199999999997,2025-11,2025-11.xlsx,129875.0
364,DELHI,MADURAI,6235.0,5929.0,27.52,90.357,1.661,1.699,2025-11,2025-11.xlsx,12164.0
365,DELHI,MANGALORE,13480.0,12152.0,12.234,3.972,0.0,37.73,2025-11,2025-11.xlsx,25632.0
366,DELHI,MUMBAI,308118.0,294192.0,5258.250323300001,3562.196679900001,46.201620000000005,81.50408599999999,2025-11,2025-11.xlsx,602310.0
367,DELHI,NAGPUR,39295.0,36100.0,289.5358625,104.07849999999999,13.518,20.592,2025-11,2025-11.xlsx,75395.0
368,DELHI,NASIK,9144.0,8304.0,36.768,14.923,1.114,0.35,2025-11,2025-11.xlsx,17448.0
369,DELHI,PANTNAGAR,3851.0,3710.0,0.108,0.0,0.0,0.0,2025-11,2025-11.xlsx,7561.0
370,DELHI,PATNA,74188.0,77241.0,484.0788568000001,79.4210353,58.217388,17.329879999999996,2025-11,2025-11.xlsx,151429.0
371,DELHI,PITHORAGARH,401.0,248.0,0.0,0.0,0.0,0.0,2025-11,2025-11.xlsx,649.0
372,DELHI,PORT BLAIR,11529.0,10665.0,60.4754502,18.6375,0.8276000000000001,0.022850000000000002,2025-11,2025-11.xlsx,22194.0
373,DELHI,PUNE,128354.0,123164.0,1630.8356739,1202.8457684999998,11.843630000000001,2.85914,2025-11,2025-11.xlsx,251518.0
374,DELHI,RAIPUR,39766.0,39340.0,290.18542920000004,24.061,20.097219999999997,1.677,2025-11,2025-11.xlsx,79106.0
375,DELHI,RAJAHMUNDRY,3654.0,4044.0,3.593,0.009,0.0,0.0,2025-11,2025-11.xlsx,7698.0
376,DELHI,Rajkot International Airport,18995.0,17197.0,33.527,78.511143,8.143,1.043,2025-11,2025-11.xlsx,36192.0
377,DELHI,RANCHI,42457.0,43752.0,765.807,118.63400000000001,15.103,7.067,2025-11,2025-11.xlsx,86209.0
378,DELHI,REWA,453.0,424.0,0.0,0.0,0.0,0.0,2025-11,2025-11.xlsx,877.0
379,DELHI,SHILLONG,653.0,561.0,0.21663,0.0,0.0,0.0,2025-11,2025-11.xlsx,1214.0
380,DELHI,SHIRDI,9725.0,8936.0,0.638,2.641,0.0,0.0,2025-11,2025-11.xlsx,18661.0
381,DELHI,SILCHAR,255.0,136.0,0.0,0.0,0.0,0.0,2025-11,2025-11.xlsx,391.0
382,DELHI,SIMLA,23.0,15.0,0.0,0.0,0.0,0.0,2025-11,2025-11.xlsx,38.0
383,DELHI,SRINAGAR,73026.0,78842.0,440.73384379999993,503.80733899999996,14.165711000000002,47.478,2025-11,2025-11.xlsx,151868.0
384,DELHI,SURAT,28059.0,23521.0,81.78139,94.407,9.207,4.861,2025-11,2025-11.xlsx,51580.0
385,DELHI,TIRUCHIRAPALLY,4980.0,4213.0,1.657,0.303,0.0,0.0,2025-11,2025-11.xlsx,9193.0
386,DELHI,TIRUPATI,8476.0,8051.0,55.008851500000006,26.9832203,0.764,0.0,2025-11,2025-11.xlsx,16527.0
387,DELHI,TRIVANDRUM,20097.0,20110.0,111.321,26.3185,10.55427,8.91188,2025-11,2025-11.xlsx,40207.0
388,DELHI,UDAIPUR,45377.0,41827.0,22.949659999999998,8.5003,0.1429,0.0,2025-11,2025-11.xlsx,87204.0
389,DELHI,VADODARA,29731.0,25547.0,115.15800000000002,0.0,8.7359,0.0,2025-11,2025-11.xlsx,55278.0
390,DELHI,VARANASI,64144.0,64795.0,270.7308487,72.38481,20.88185,2.479,2025-11,2025-11.xlsx,128939.0
391,DELHI,VIJAYAWADA,12560.0,12682.0,67.211,5.361000000000001,8.774764000000001,0.5730000000000002,2025-11,2025-11.xlsx,25242.0
392,DELHI,VISAKHAPATNAM,21934.0,20836.0,77.4714736,16.242,7.5789550000000006,1.826,2025-11,2025-11.xlsx,42770.0
393,DELHI,Ayodhya International Airport,20962.0,20158.0,0.493,0.0,0.0,0.0,2025-11,2025-11.xlsx,41120.0
394,DELHI,Purnia Airport,5264.0,5192.0,0.136,0.0,0.0,0.0,2025-11,2025-11.xlsx,10456.0
395,Deoghar,KOLKATA,842.0,858.0,0.0,0.0,0.0,0.0,2025-11,2025-11.xlsx,1700.0
396,Deoghar,MUMBAI,2070.0,2041.0,0.0,0.076,0.0,0.0,2025-11,2025-11.xlsx,4111.0
397,DHARAMSALA,JAIPUR,28.0,54.0,0.0,0.0,0.0,0.0,2025-11,2025-11.xlsx,82.0
398,DHARAMSALA,SIMLA,13.0,15.0,0.0,0.0,0.0,0.0,2025-11,2025-11.xlsx,28.0
399,DIBRUGARH,GUWAHATI,11871.0,12002.0,3.808,2.6439999999999997,3.708,6.16,2025-11,2025-11.xlsx,23873.0
400,DIBRUGARH,KOLKATA,9394.0,9090.0,33.308,40.231,2.231,7.379,2025-11,2025-11.xlsx,18484.0
401,DIMAPUR,GUWAHATI,5796.0,6704.0,7.659,21.97,0.0,0.412,2025-11,2025-11.xlsx,12500.0
402,DIMAPUR,IMPHAL,551.0,557.0,0.0,0.0,0.0,0.0,2025-11,2025-11.xlsx,1108.0
403,DIMAPUR,KOLKATA,4618.0,5066.0,20.852,37.141,5.702,2.376,2025-11,2025-11.xlsx,9684.0
404,DIU,Goa,289.0,296.0,0.0,0.0,0.0,0.0,2025-11,2025-11.xlsx,585.0
405,DIU,KESHOD,71.0,72.0,0.0,0.0,0.0,0.0,2025-11,2025-11.xlsx,143.0
406,DIU,MUMBAI,1556.0,1842.0,0.0,0.0,0.0,0.0,2025-11,2025-11.xlsx,3398.0
407,DIU,SURAT,1743.0,1515.0,0.0,0.0,0.0,0.0,2025-11,2025-11.xlsx,3258.0
408,DURGAPUR,HYDERABAD,5550.0,5053.0,8.364,0.413,0.0,0.0,2025-11,2025-11.xlsx,10603.0
409,DURGAPUR,MUMBAI,2675.0,2582.0,0.802,0.241,0.0,0.0,2025-11,2025-11.xlsx,5257.0
410,DURGAPUR,VARANASI,267.0,202.0,0.0,0.0,0.0,0.0,2025-11,2025-11.xlsx,469.0
411,GAYA,KOLKATA,4443.0,4394.0,0.0,0.435,0.0,0.0,2025-11,2025-11.xlsx,8837.0
412,Goa,HYDERABAD,32949.0,34193.0,4.481999999999999,9.216999999999999,0.008,0.0,2025-11,2025-11.xlsx,67142.0
413,Goa,JAIPUR,4146.0,4296.0,0.743,12.246,0.0,0.008,2025-11,2025-11.xlsx,8442.0
414,Goa,JALGAON,1863.0,1772.0,0.0,0.0,0.0,0.0,2025-11,2025-11.xlsx,3635.0
415,Goa,KOLKATA,4627.0,4885.0,4.762,2.21,0.0,0.0,2025-11,2025-11.xlsx,9512.0
416,Goa,MUMBAI,40179.0,40157.0,15.80179,26.57398,0.551,0.0815,2025-11,2025-11.xlsx,80336.0
417,Goa,NAGPUR,6886.0,7088.0,0.543,0.002,0.0,0.0,2025-11,2025-11.xlsx,13974.0
418,Goa,PUNE,16114.0,15787.0,53.312070000000006,18.619220000000002,0.926,0.0,2025-11,2025-11.xlsx,31901.0
419,Goa,Rajkot International Airport,4733.0,3727.0,0.0,0.414,0.0,0.0,2025-11,2025-11.xlsx,8460.0
420,Goa,Shivamogga Airport,972.0,1125.0,0.0,0.0,0.0,0.0,2025-11,2025-11.xlsx,2097.0
421,Goa,SHOLAPUR,670.0,876.0,0.0,0.0,0.0,0.0,2025-11,2025-11.xlsx,1546.0
422,Goa,SURAT,1009.0,897.0,0.0,0.994,0.0,0.0,2025-11,2025-11.xlsx,1906.0
423,Goa,VADODARA,4547.0,3877.0,0.0,0.0,0.0,0.0,2025-11,2025-11.xlsx,8424.0
424,Gondia,HYDERABAD,1581.0,1125.0,0.0,0.118,0.0,0.0,2025-11,2025-11.xlsx,2706.0
425,Gondia,INDORE,875.0,896.0,0.0,0.0,0.0,0.0,2025-11,2025-11.xlsx,1771.0
426,GORAKHPUR,HYDERABAD,5877.0,6748.0,0.0,1.23,0.0,1.162,2025-11,2025-11.xlsx,12625.0
427,GORAKHPUR,KOLKATA,2164.0,2177.0,0.0,0.0,0.0,0.0,2025-11,2025-11.xlsx,4341.0
428,GORAKHPUR,MUMBAI,9177.0,9501.0,0.0,8.097560000000001,0.0,2.172,2025-11,2025-11.xlsx,18678.0
429,GUWAHATI,HYDERABAD,17414.0,17489.0,33.457,46.723,1.144,4.626,2025-11,2025-11.xlsx,34903.0
430,GUWAHATI,IMPHAL,11442.0,12493.0,68.821,20.477,2.307,6.315,2025-11,2025-11.xlsx,23935.0
431,GUWAHATI,Itanagar,104.0,106.0,0.0,0.0,0.0,0.0,2025-11,2025-11.xlsx,210.0
432,GUWAHATI,JAIPUR,9230.0,9905.0,4.7829999999999995,65.129,1.244,0.445,2025-11,2025-11.xlsx,19135.0
433,GUWAHATI,KOLKATA,46939.0,49468.0,197.33839999999998,557.7855299999999,6.963,14.041,2025-11,2025-11.xlsx,96407.0
434,GUWAHATI,LUCKNOW,3831.0,3705.0,1.173,1.923,1.896,1.153,2025-11,2025-11.xlsx,7536.0
435,GUWAHATI,MUMBAI,16658.0,16979.0,44.44688,126.88643,3.8469300000000004,13.7844,2025-11,2025-11.xlsx,33637.0
436,GUWAHATI,PASIGHAT,384.0,450.0,0.0,0.0,0.0,0.0,2025-11,2025-11.xlsx,834.0
437,GUWAHATI,PUNE,6644.0,6143.0,6.291,31.754,0.794,0.502,2025-11,2025-11.xlsx,12787.0
438,GUWAHATI,RUPSI,174.0,165.0,0.0,0.0,0.0,0.0,2025-11,2025-11.xlsx,339.0
439,GUWAHATI,SHILLONG,1.0,0.0,0.0,0.0,0.0,0.0,2025-11,2025-11.xlsx,1.0
440,GUWAHATI,SILCHAR,8230.0,8688.0,16.01,0.071,8.373,0.0,2025-11,2025-11.xlsx,16918.0
441,GUWAHATI,TEZU,590.0,676.0,0.0,0.0,0.0,0.0,2025-11,2025-11.xlsx,1266.0
442,GUWAHATI,Ziro,28.0,25.0,0.0,0.0,0.0,0.0,2025-11,2025-11.xlsx,53.0
443,GWALIOR,MUMBAI,4953.0,4736.0,0.0,0.063,0.0,0.0,2025-11,2025-11.xlsx,9689.0
444,HISSAR,JAIPUR,186.0,95.0,0.0,0.0,0.0,0.0,2025-11,2025-11.xlsx,281.0
445,HISSAR,Ayodhya International Airport,261.0,103.0,0.0,0.0,0.0,0.0,2025-11,2025-11.xlsx,364.0
446,HUBLI,HYDERABAD,2163.0,2225.0,0.121,0.085,0.813,0.0,2025-11,2025-11.xlsx,4388.0
447,HUBLI,MUMBAI,4420.0,4435.0,0.422,1.919,1.595,0.054,2025-11,2025-11.xlsx,8855.0
448,HUBLI,PUNE,1171.0,1174.0,0.06,0.002,0.0,0.276,2025-11,2025-11.xlsx,2345.0
449,HUBLI,VIJAYAWADA,4.0,0.0,0.0,0.0,0.0,0.0,2025-11,2025-11.xlsx,4.0
450,HYDERABAD,INDORE,17649.0,18884.0,46.558,24.584,4.213,2.444,2025-11,2025-11.xlsx,36533.0
451,HYDERABAD,JABALPUR,2056.0,1951.0,0.004,0.0,0.0,0.0,2025-11,2025-11.xlsx,4007.0
452,HYDERABAD,JAGDALPUR,2034.0,2115.0,0.223,0.0,0.0,0.0,2025-11,2025-11.xlsx,4149.0
453,HYDERABAD,JAIPUR,25730.0,26632.0,32.292,120.969,3.053,1.372,2025-11,2025-11.xlsx,52362.0
454,HYDERABAD,JALGAON,1758.0,1693.0,0.0,0.0,0.0,0.0,2025-11,2025-11.xlsx,3451.0
455,HYDERABAD,JAMMU,2320.0,1704.0,2.145,0.087,0.11,0.0,2025-11,2025-11.xlsx,4024.0
456,HYDERABAD,JHARSUGUDA,1965.0,1916.0,0.0,0.0,0.0,0.0,2025-11,2025-11.xlsx,3881.0
457,HYDERABAD,JODHPUR,10368.0,9532.0,1.098,0.116,1.171,0.761,2025-11,2025-11.xlsx,19900.0
458,HYDERABAD,Cuddapah,2090.0,2181.0,0.046,0.0,0.0,0.0,2025-11,2025-11.xlsx,4271.0
459,HYDERABAD,KANNUR,2160.0,2097.0,0.006,0.0,0.0,0.0,2025-11,2025-11.xlsx,4257.0
460,HYDERABAD,KANPUR,2696.0,2771.0,0.152,0.634,0.0,0.0,2025-11,2025-11.xlsx,5467.0
461,HYDERABAD,KOCHI,39186.0,38784.0,67.63,41.334,3.867,9.492,2025-11,2025-11.xlsx,77970.0
462,HYDERABAD,KOLHAPUR,2703.0,2846.0,2.835,2.427,0.0,0.0,2025-11,2025-11.xlsx,5549.0
463,HYDERABAD,KOLKATA,41835.0,42433.0,155.598,248.673,10.331,14.002,2025-11,2025-11.xlsx,84268.0
464,HYDERABAD,KOZHIKODE,4938.0,5328.0,1.013,0.002,0.137,0.0,2025-11,2025-11.xlsx,10266.0
465,HYDERABAD,LUCKNOW,18209.0,16178.0,42.591,23.864,4.051,1.495,2025-11,2025-11.xlsx,34387.0
466,HYDERABAD,MADURAI,10767.0,10951.0,6.105,89.309,8.036,0.84,2025-11,2025-11.xlsx,21718.0
467,HYDERABAD,Malvan,1474.0,1282.0,0.0,0.0,0.0,0.0,2025-11,2025-11.xlsx,2756.0
468,HYDERABAD,MANGALORE,4377.0,4433.0,0.198,0.031,2.616,0.082,2025-11,2025-11.xlsx,8810.0
469,HYDERABAD,MUMBAI,90031.0,88531.0,719.6397826000001,1054.5228807,23.127273000000002,34.677224,2025-11,2025-11.xlsx,178562.0
470,HYDERABAD,MYSORE,2221.0,1843.0,0.164,0.0,0.0,0.0,2025-11,2025-11.xlsx,4064.0
471,HYDERABAD,NAGPUR,5224.0,5343.0,0.272,0.044,0.353,0.0,2025-11,2025-11.xlsx,10567.0
472,HYDERABAD,NANDED,1035.0,1059.0,0.0,0.0,0.0,0.0,2025-11,2025-11.xlsx,2094.0
473,HYDERABAD,NASIK,2792.0,2744.0,0.124,0.24,0.264,0.084,2025-11,2025-11.xlsx,5536.0
474,HYDERABAD,PATNA,24216.0,28549.0,41.71504,10.54032,3.604,2.948,2025-11,2025-11.xlsx,52765.0
475,HYDERABAD,PONDICHERRY,1981.0,1901.0,0.003,0.0,0.0,0.0,2025-11,2025-11.xlsx,3882.0
476,HYDERABAD,PORT BLAIR,5904.0,5965.0,37.258,3.978,5.048,0.0,2025-11,2025-11.xlsx,11869.0
477,HYDERABAD,PUNE,30218.0,28919.0,83.55199999999999,99.809,4.922,4.1,2025-11,2025-11.xlsx,59137.0
478,HYDERABAD,RAIPUR,9792.0,10944.0,12.402,1.745,9.38,0.339,2025-11,2025-11.xlsx,20736.0
479,HYDERABAD,RAJAHMUNDRY,12719.0,12943.0,0.207,0.321,0.0,0.0,2025-11,2025-11.xlsx,25662.0
480,HYDERABAD,Rajkot International Airport,5145.0,4513.0,0.652,1.888,0.0,0.0,2025-11,2025-11.xlsx,9658.0
481,HYDERABAD,RANCHI,12998.0,15392.0,24.494,3.173,2.309,3.019,2025-11,2025-11.xlsx,28390.0
482,HYDERABAD,SALEM,1072.0,1136.0,0.008,0.0,0.0,0.0,2025-11,2025-11.xlsx,2208.0
483,HYDERABAD,SHIRDI,7680.0,7238.0,0.001,10.3,0.0,0.0,2025-11,2025-11.xlsx,14918.0
484,HYDERABAD,Shivamogga Airport,3197.0,3107.0,1.462,1.8007700000000004,0.0,0.0,2025-11,2025-11.xlsx,6304.0
485,HYDERABAD,SRINAGAR,4996.0,5808.0,3.489,5.582,0.528,0.11,2025-11,2025-11.xlsx,10804.0
486,HYDERABAD,SURAT,5392.0,4894.0,4.934,43.874,1.137,0.696,2025-11,2025-11.xlsx,10286.0
487,HYDERABAD,TIRUCHIRAPALLY,4583.0,4555.0,2.038,0.08,8.925,0.0,2025-11,2025-11.xlsx,9138.0
488,HYDERABAD,TIRUPATI,33509.0,32726.0,9.698,5.39,6.048,2.076,2025-11,2025-11.xlsx,66235.0
489,HYDERABAD,TRIVANDRUM,9781.0,10504.0,2.764,10.253,4.245,2.705,2025-11,2025-11.xlsx,20285.0
490,HYDERABAD,UDAIPUR,10407.0,10023.0,2.218,0.474,0.0,0.0,2025-11,2025-11.xlsx,20430.0
491,HYDERABAD,VADODARA,5308.0,4866.0,7.73,0.0,0.829,0.0,2025-11,2025-11.xlsx,10174.0
492,HYDERABAD,VARANASI,30135.0,31645.0,24.524190000000008,34.609,1.78,0.234,2025-11,2025-11.xlsx,61780.0
493,HYDERABAD,VIJAYAWADA,14834.0,14821.0,3.782,2.756,3.195,0.634,2025-11,2025-11.xlsx,29655.0
494,HYDERABAD,VISAKHAPATNAM,45648.0,45076.0,32.424,24.736,14.467,0.452,2025-11,2025-11.xlsx,90724.0
495,HYDERABAD,Ayodhya International Airport,5024.0,6130.0,0.001,0.0,0.0,0.0,2025-11,2025-11.xlsx,11154.0
496,HYDERABAD,Purnia Airport,5106.0,5110.0,0.0,0.0,0.0,0.0,2025-11,2025-11.xlsx,10216.0
497,IMPHAL,JAIPUR,253.0,185.0,2.587,0.287,0.203,0.0,2025-11,2025-11.xlsx,438.0
498,IMPHAL,KOLKATA,13151.0,12812.0,79.124,60.446,12.276,5.455,2025-11,2025-11.xlsx,25963.0
499,IMPHAL,SHILLONG,886.0,730.0,0.0,0.0,0.0,0.0,2025-11,2025-11.xlsx,1616.0
500,IMPHAL,TEZU,503.0,444.0,0.0,0.0,0.0,0.0,2025-11,2025-11.xlsx,947.0
501,INDORE,JABALPUR,1821.0,1915.0,0.0,0.0,0.0,0.0,2025-11,2025-11.xlsx,3736.0
502,INDORE,JAIPUR,4112.0,4171.0,0.059,0.175,1.408,0.0,2025-11,2025-11.xlsx,8283.0
503,INDORE,JAMMU,2191.0,1891.0,0.139,0.0,0.014,0.0,2025-11,2025-11.xlsx,4082.0
504,INDORE,JODHPUR,1493.0,1832.0,0.001,0.002,0.0,0.0,2025-11,2025-11.xlsx,3325.0
505,INDORE,KOLKATA,5021.0,5148.0,16.104,22.342,1.646,3.795,2025-11,2025-11.xlsx,10169.0
506,INDORE,LUCKNOW,2123.0,2105.0,0.056,0.018,0.591,1.16,2025-11,2025-11.xlsx,4228.0
507,INDORE,MUMBAI,31108.0,31093.0,111.556,101.6426433,7.48966,13.672909,2025-11,2025-11.xlsx,62201.0
508,INDORE,NAGPUR,3204.0,3149.0,0.361,0.212,0.567,0.0,2025-11,2025-11.xlsx,6353.0
509,INDORE,NASIK,607.0,570.0,0.0,0.0,0.0,0.0,2025-11,2025-11.xlsx,1177.0
510,INDORE,PATNA,0.0,3.0,0.0,0.0,0.0,0.0,2025-11,2025-11.xlsx,3.0
511,INDORE,PUNE,12402.0,11956.0,37.803,26.105,1.009,0.733,2025-11,2025-11.xlsx,24358.0
512,INDORE,RAIPUR,6066.0,5990.0,5.05,0.527,0.546,0.378,2025-11,2025-11.xlsx,12056.0
513,INDORE,UDAIPUR,1156.0,1170.0,0.001,0.0,0.0,0.0,2025-11,2025-11.xlsx,2326.0
514,INDORE,VISAKHAPATNAM,197.0,230.0,0.0,0.017,0.0,0.0,2025-11,2025-11.xlsx,427.0
515,Itanagar,KOLKATA,4089.0,4455.0,0.012,1.011,0.0,0.0,2025-11,2025-11.xlsx,8544.0
516,Itanagar,TEZU,10.0,15.0,0.0,0.0,0.0,0.0,2025-11,2025-11.xlsx,25.0
517,JABALPUR,JAGDALPUR,239.0,207.0,0.0,0.0,0.0,0.0,2025-11,2025-11.xlsx,446.0
518,JABALPUR,MUMBAI,5308.0,5077.0,5.164,2.327,0.0,11.396,2025-11,2025-11.xlsx,10385.0
519,JAIPUR,JAISALMER,1842.0,1599.0,0.0,0.0,0.0,0.0,2025-11,2025-11.xlsx,3441.0
520,JAIPUR,JODHPUR,1544.0,917.0,0.0,0.0,0.0,0.0,2025-11,2025-11.xlsx,2461.0
521,JAIPUR,KOCHI,407.0,656.0,5.773,0.405,0.0,0.0,2025-11,2025-11.xlsx,1063.0
522,JAIPUR,KOLKATA,23079.0,23349.0,163.6758,94.62018,2.798,0.763,2025-11,2025-11.xlsx,46428.0
523,JAIPUR,KULLU,345.0,157.0,0.0,0.0,0.0,0.0,2025-11,2025-11.xlsx,502.0
524,JAIPUR,LUCKNOW,2188.0,2193.0,0.018,0.061,0.0,0.423,2025-11,2025-11.xlsx,4381.0
525,JAIPUR,MUMBAI,54410.0,53627.0,238.21209299999998,258.43101110000003,4.782,24.128300999999997,2025-11,2025-11.xlsx,108037.0
526,JAIPUR,NAGPUR,752.0,642.0,0.0,0.012,0.0,0.0,2025-11,2025-11.xlsx,1394.0
527,JAIPUR,NASIK,223.0,298.0,0.0,0.0,0.0,0.0,2025-11,2025-11.xlsx,521.0
528,JAIPUR,PATNA,0.0,159.0,0.0,0.0,0.0,0.0,2025-11,2025-11.xlsx,159.0
529,JAIPUR,PORT BLAIR,7.0,0.0,0.0,0.0,0.0,0.0,2025-11,2025-11.xlsx,7.0
530,JAIPUR,PUNE,12425.0,11563.0,79.18135,11.8659,0.0,0.0,2025-11,2025-11.xlsx,23988.0
531,JAIPUR,SURAT,5628.0,5396.0,0.866,2.264,0.0,0.338,2025-11,2025-11.xlsx,11024.0
532,JAIPUR,UDAIPUR,3787.0,3637.0,0.002,0.021,0.0,0.0,2025-11,2025-11.xlsx,7424.0
533,JAISALMER,MUMBAI,4103.0,3907.0,0.0,0.25,0.0,0.0,2025-11,2025-11.xlsx,8010.0
534,JALGAON,MUMBAI,1540.0,1230.0,0.0,0.0,0.0,0.0,2025-11,2025-11.xlsx,2770.0
535,JALGAON,PUNE,1836.0,1835.0,0.0,0.0,0.0,0.0,2025-11,2025-11.xlsx,3671.0
536,JAMMU,LEH,2270.0,4394.0,0.787,0.001,0.0,0.0,2025-11,2025-11.xlsx,6664.0
537,JAMMU,MUMBAI,4910.0,5082.0,0.0,7.293,0.0,0.821,2025-11,2025-11.xlsx,9992.0
538,JAMMU,SRINAGAR,13952.0,15692.0,10.0109,1.2570000000000001,0.0,5.087,2025-11,2025-11.xlsx,29644.0
539,JAMNAGAR,MUMBAI,4706.0,5115.0,0.352,6.367,0.0,0.0,2025-11,2025-11.xlsx,9821.0
540,JAMNAGAR,SURAT,970.0,1042.0,0.0,0.0,0.0,0.0,2025-11,2025-11.xlsx,2012.0
541,JAMSHEDPUR,KOLKATA,249.0,199.0,0.0,0.0,0.0,0.0,2025-11,2025-11.xlsx,448.0
542,JEYPORE,VISAKHAPATNAM,151.0,150.0,0.0,0.0,0.0,0.0,2025-11,2025-11.xlsx,301.0
543,JHARSUGUDA,KOLKATA,2074.0,2131.0,0.0,0.002,0.0,0.0,2025-11,2025-11.xlsx,4205.0
544,JHARSUGUDA,LUCKNOW,931.0,1038.0,0.0,0.0,0.0,0.0,2025-11,2025-11.xlsx,1969.0
545,JHARSUGUDA,MUMBAI,4469.0,4037.0,0.0,0.052,0.0,0.0,2025-11,2025-11.xlsx,8506.0
546,JODHPUR,MUMBAI,17106.0,16563.0,0.0,3.9154999999999998,1.4543300000000001,9.665733,2025-11,2025-11.xlsx,33669.0
547,JODHPUR,PUNE,5257.0,5284.0,9.024,0.747,0.457,0.0,2025-11,2025-11.xlsx,10541.0
548,JORHAT,KOLKATA,5394.0,5514.0,4.364,3.799,0.0,0.0,2025-11,2025-11.xlsx,10908.0
549,Cuddapah,VIJAYAWADA,429.0,336.0,0.0,0.0,0.0,0.0,2025-11,2025-11.xlsx,765.0
550,KANDLA,MUMBAI,1391.0,1514.0,0.0,0.12642,0.0,0.0,2025-11,2025-11.xlsx,2905.0
551,KANNUR,KOCHI,1483.0,1258.0,0.009,0.015,0.0,0.0,2025-11,2025-11.xlsx,2741.0
552,KANNUR,MUMBAI,3090.0,3067.0,0.293,1.168,0.0,0.262,2025-11,2025-11.xlsx,6157.0
553,KANNUR,TRIVANDRUM,1635.0,1286.0,0.0,0.041,0.0,0.0,2025-11,2025-11.xlsx,2921.0
554,KANPUR,MUMBAI,5116.0,5144.0,1.297,3.974,0.0,3.558,2025-11,2025-11.xlsx,10260.0
555,KHAJURAHO,VARANASI,2601.0,1514.0,0.0,0.0,0.0,0.0,2025-11,2025-11.xlsx,4115.0
556,KOCHI,KOZHIKODE,707.0,778.0,0.0,0.0,0.0,0.0,2025-11,2025-11.xlsx,1485.0
557,KOCHI,LUCKNOW,175.0,126.0,0.019,0.183,0.0,0.145,2025-11,2025-11.xlsx,301.0
558,KOCHI,MUMBAI,49817.0,48140.0,122.80399999999999,318.6192503,25.500950000000003,19.453448,2025-11,2025-11.xlsx,97957.0
559,KOCHI,PATNA,335.0,324.0,2.153,0.202,0.0,0.0,2025-11,2025-11.xlsx,659.0
560,KOCHI,PUNE,11085.0,10504.0,15.964,52.411,0.0,0.0,2025-11,2025-11.xlsx,21589.0
561,KOCHI,RAIPUR,433.0,781.0,0.419,0.574,0.0,0.054,2025-11,2025-11.xlsx,1214.0
562,KOCHI,SALEM,394.0,347.0,0.0,0.0,0.0,0.0,2025-11,2025-11.xlsx,741.0
563,KOCHI,TRIVANDRUM,1823.0,1794.0,0.004,0.013,0.0,0.0,2025-11,2025-11.xlsx,3617.0
564,KOCHI,VARANASI,543.0,734.0,0.246,0.204,0.0,0.0,2025-11,2025-11.xlsx,1277.0
565,KOLHAPUR,MUMBAI,1657.0,1913.0,0.0,0.0,0.0,0.0,2025-11,2025-11.xlsx,3570.0
566,KOLHAPUR,TIRUPATI,130.0,321.0,0.0,0.0,0.0,0.0,2025-11,2025-11.xlsx,451.0
567,KOLKATA,LILABARI,316.0,638.0,0.0,0.0,0.0,0.0,2025-11,2025-11.xlsx,954.0
568,KOLKATA,LUCKNOW,10371.0,10655.0,55.15,42.088,3.466,1.151,2025-11,2025-11.xlsx,21026.0
569,KOLKATA,MUMBAI,93883.0,94353.0,830.0541300999998,1222.4864036000001,16.84925,25.802033,2025-11,2025-11.xlsx,188236.0
570,KOLKATA,NAGPUR,5669.0,5335.0,16.29,33.192,0.036,3.201,2025-11,2025-11.xlsx,11004.0
571,KOLKATA,PATNA,16549.0,16989.0,32.247,10.618,26.838,8.072,2025-11,2025-11.xlsx,33538.0
572,KOLKATA,PORT BLAIR,32580.0,29098.0,419.79503000000005,241.45256999999998,11.93661,1.81,2025-11,2025-11.xlsx,61678.0
573,KOLKATA,PUNE,21623.0,23551.0,94.1271,169.4825,4.79986,3.712,2025-11,2025-11.xlsx,45174.0
574,KOLKATA,RAIPUR,11907.0,11508.0,34.384,1.272,9.22,0.413,2025-11,2025-11.xlsx,23415.0
575,KOLKATA,RANCHI,7086.0,7213.0,0.351,0.146,0.0,1.471,2025-11,2025-11.xlsx,14299.0
576,KOLKATA,RUPSI,266.0,462.0,0.0,0.0,0.0,0.0,2025-11,2025-11.xlsx,728.0
577,KOLKATA,SHILLONG,3247.0,2635.0,0.055,0.0,0.0,0.0,2025-11,2025-11.xlsx,5882.0
578,KOLKATA,SILCHAR,10207.0,9438.0,58.359,1.059,1.489,0.0,2025-11,2025-11.xlsx,19645.0
579,KOLKATA,SRINAGAR,3593.0,4350.0,1.801,11.99,0.103,0.09,2025-11,2025-11.xlsx,7943.0
580,KOLKATA,SURAT,7098.0,5918.0,27.257,61.958,0.0,0.02,2025-11,2025-11.xlsx,13016.0
581,KOLKATA,UDAIPUR,10.0,0.0,0.0,0.0,0.0,0.0,2025-11,2025-11.xlsx,10.0
582,KOLKATA,VARANASI,10466.0,10430.0,4.426,28.815,3.008,0.0,2025-11,2025-11.xlsx,20896.0
583,KOLKATA,VISAKHAPATNAM,5004.0,4509.0,1.172,1.825,0.0,0.0,2025-11,2025-11.xlsx,9513.0
584,KOLKATA,HINDON AIRPORT,9249.0,7900.0,0.0,0.0,0.0,0.0,2025-11,2025-11.xlsx,17149.0
585,KOLKATA,Purnia Airport,3123.0,3219.0,0.0,0.0,0.0,0.0,2025-11,2025-11.xlsx,6342.0
586,KOZHIKODE,MUMBAI,6251.0,5859.0,0.051,4.866,0.0,3.53,2025-11,2025-11.xlsx,12110.0
587,KURNOOL,VIJAYAWADA,243.0,281.0,0.0,0.008,0.0,0.0,2025-11,2025-11.xlsx,524.0
588,KURNOOL,VISAKHAPATNAM,373.0,345.0,0.0,0.015,0.0,0.0,2025-11,2025-11.xlsx,718.0
589,LEH,SRINAGAR,899.0,700.0,0.0,0.018,0.0,0.0,2025-11,2025-11.xlsx,1599.0
590,LUCKNOW,MUMBAI,30892.0,31365.0,45.498,191.22288600000002,3.562,20.99815,2025-11,2025-11.xlsx,62257.0
591,LUCKNOW,PATNA,3130.0,3729.0,3.436,1.881,1.704,1.424,2025-11,2025-11.xlsx,6859.0
592,LUCKNOW,PUNE,9251.0,9300.0,23.52,25.862,0.307,0.811,2025-11,2025-11.xlsx,18551.0
593,LUCKNOW,RAIPUR,2987.0,3276.0,3.386,0.931,1.098,0.178,2025-11,2025-11.xlsx,6263.0
594,LUCKNOW,RANCHI,1206.0,1255.0,1.561,1.976,0.55,0.0,2025-11,2025-11.xlsx,2461.0
595,MADURAI,MUMBAI,9706.0,9809.0,48.597323,26.771347,3.31405,12.41683,2025-11,2025-11.xlsx,19515.0
596,Malvan,PUNE,1439.0,1633.0,0.0,0.0,0.0,0.0,2025-11,2025-11.xlsx,3072.0
597,MANGALORE,MUMBAI,21476.0,20598.0,3.877,5.032,77.668,2.909,2025-11,2025-11.xlsx,42074.0
598,MANGALORE,TRIVANDRUM,428.0,539.0,0.0,0.0,0.0,0.0,2025-11,2025-11.xlsx,967.0
599,MUMBAI,NAGPUR,34013.0,33963.0,161.52061949999998,114.01150000000001,45.819102999999984,14.123380000000001,2025-11,2025-11.xlsx,67976.0
600,MUMBAI,PATNA,23423.0,23127.0,173.91875079999997,36.938300000000005,11.344551999999998,3.826377000000001,2025-11,2025-11.xlsx,46550.0
601,MUMBAI,PORBANDAR,510.0,288.0,0.13613,0.0,0.0,0.0,2025-11,2025-11.xlsx,798.0
602,MUMBAI,PORT BLAIR,4671.0,4599.0,18.184,2.997,2.734,0.0,2025-11,2025-11.xlsx,9270.0
603,MUMBAI,RAIPUR,15055.0,16391.0,88.818,36.517,16.209,0.588,2025-11,2025-11.xlsx,31446.0
604,MUMBAI,RAJAHMUNDRY,2119.0,2124.0,0.787,0.0,0.0,0.0,2025-11,2025-11.xlsx,4243.0
605,MUMBAI,Rajkot International Airport,25384.0,23846.0,19.3565,142.466857,12.165212999999998,1.965,2025-11,2025-11.xlsx,49230.0
606,MUMBAI,RANCHI,10075.0,9931.0,22.112,11.955,4.837,0.909,2025-11,2025-11.xlsx,20006.0
607,MUMBAI,SHOLAPUR,1107.0,1119.0,0.0,0.0,0.0,0.0,2025-11,2025-11.xlsx,2226.0
608,MUMBAI,SRINAGAR,8371.0,9098.0,38.424,21.342,2.3668,2.327,2025-11,2025-11.xlsx,17469.0
609,MUMBAI,TIRUCHIRAPALLY,2084.0,2178.0,0.999,0.0,0.074,0.0,2025-11,2025-11.xlsx,4262.0
610,MUMBAI,TIRUPATI,4851.0,4985.0,0.173,1.151,1.38,0.07,2025-11,2025-11.xlsx,9836.0
611,MUMBAI,TRIVANDRUM,13484.0,14240.0,36.8089985,8.0975,4.6019190000000005,5.1173600000000015,2025-11,2025-11.xlsx,27724.0
612,MUMBAI,UDAIPUR,30653.0,29817.0,27.2138,6.21216,0.0,0.0,2025-11,2025-11.xlsx,60470.0
613,MUMBAI,VADODARA,14448.0,14533.0,23.657999999999998,0.0,13.312999999999999,0.0,2025-11,2025-11.xlsx,28981.0
614,MUMBAI,VARANASI,34118.0,33743.0,94.25594609999999,32.40956,7.941244999999999,0.646,2025-11,2025-11.xlsx,67861.0
615,MUMBAI,VIJAYAWADA,6068.0,6358.0,23.3547789,1.9835,9.56475,0.16700000000000007,2025-11,2025-11.xlsx,12426.0
616,MUMBAI,VISAKHAPATNAM,6234.0,6491.0,23.315,3.943,4.216,1.441,2025-11,2025-11.xlsx,12725.0
617,MUMBAI,Ayodhya International Airport,11771.0,11508.0,0.299,0.0,0.0,0.0,2025-11,2025-11.xlsx,23279.0
618,MUMBAI,HINDON AIRPORT,13040.0,13775.0,0.269,0.0,0.0,0.0,2025-11,2025-11.xlsx,26815.0
619,MUMBAI,Amravati Airport,925.0,990.0,0.0,0.0,0.0,0.0,2025-11,2025-11.xlsx,1915.0
620,NAGPUR,PUNE,17360.0,17243.0,12.813,62.122,10.24,3.435,2025-11,2025-11.xlsx,34603.0
621,NANDED,PUNE,1538.0,1354.0,0.0,0.0,0.0,0.0,2025-11,2025-11.xlsx,2892.0
622,NANDED,HINDON AIRPORT,2314.0,1952.0,0.0,0.0,0.0,0.0,2025-11,2025-11.xlsx,4266.0
623,PASIGHAT,SHILLONG,121.0,91.0,0.0,0.0,0.0,0.0,2025-11,2025-11.xlsx,212.0
624,PATNA,PUNE,5207.0,4543.0,2.069,19.547,1.806,1.462,2025-11,2025-11.xlsx,9750.0
625,PATNA,RANCHI,3079.0,2971.0,0.383,0.128,1.365,0.0,2025-11,2025-11.xlsx,6050.0
626,PATNA,HINDON AIRPORT,3906.0,2800.0,0.0,0.0,0.0,0.0,2025-11,2025-11.xlsx,6706.0
627,PONDICHERRY,RAJAHMUNDRY,14.0,33.0,0.0,0.0,0.0,0.0,2025-11,2025-11.xlsx,47.0
628,PORT BLAIR,VISAKHAPATNAM,2378.0,2468.0,0.373,0.93,0.0,0.0,2025-11,2025-11.xlsx,4846.0
629,PUNE,RAIPUR,6253.0,6601.0,13.47,0.267,0.593,0.197,2025-11,2025-11.xlsx,12854.0
630,PUNE,Rajkot International Airport,2913.0,2743.0,0.282,2.115,0.0,0.0,2025-11,2025-11.xlsx,5656.0
631,PUNE,RANCHI,5980.0,6452.0,39.791,5.395,0.328,0.379,2025-11,2025-11.xlsx,12432.0
632,PUNE,SURAT,2315.0,2210.0,3.317,3.715,0.355,0.175,2025-11,2025-11.xlsx,4525.0
633,PUNE,TRIVANDRUM,2078.0,2412.0,0.817,1.527,0.211,0.0,2025-11,2025-11.xlsx,4490.0
634,PUNE,VADODARA,2657.0,2565.0,0.399,0.0,0.106,0.0,2025-11,2025-11.xlsx,5222.0
635,PUNE,VARANASI,10516.0,10631.0,1.61523,28.489319999999996,0.175,0.0,2025-11,2025-11.xlsx,21147.0
636,RAIPUR,VISAKHAPATNAM,1551.0,1675.0,0.001,0.0,0.0,0.0,2025-11,2025-11.xlsx,3226.0
637,RAJAHMUNDRY,TIRUPATI,496.0,302.0,0.0,0.0,0.0,0.0,2025-11,2025-11.xlsx,798.0
638,Shivamogga Airport,TIRUPATI,1674.0,1299.0,0.0,0.0,0.0,0.0,2025-11,2025-11.xlsx,2973.0
639,TIRUCHIRAPALLY,TRIVANDRUM,790.0,329.0,0.065,0.083,0.0,0.0,2025-11,2025-11.xlsx,1119.0
640,TIRUPATI,VIJAYAWADA,1502.0,1715.0,0.307,0.02,3.508,0.004,2025-11,2025-11.xlsx,3217.0
641,TIRUPATI,VISAKHAPATNAM,2028.0,2150.0,0.001,0.025,0.0,0.121,2025-11,2025-11.xlsx,4178.0
642,VARANASI,VISAKHAPATNAM,329.0,485.0,0.09,0.259,0.0,0.0,2025-11,2025-11.xlsx,814.0
643,VARANASI,HINDON AIRPORT,4403.0,4689.0,0.0,0.0,0.0,0.0,2025-11,2025-11.xlsx,9092.0
644,VIJAYAWADA,VISAKHAPATNAM,6422.0,5109.0,0.046,1.6790000000000003,0.0,4.706,2025-11,2025-11.xlsx,11531.0
1,ADAMPUR,DELHI,17.0,10.0,0.0,0.0,0.0,0.0,2025-12,2025-12.xlsx,27.0
2,ADAMPUR,MUMBAI,4475.0,4289.0,0.0,0.315,0.0,0.0,2025-12,2025-12.xlsx,8764.0
3,ADAMPUR,NANDED,347.0,0.0,0.0,0.0,0.0,0.0,2025-12,2025-12.xlsx,347.0
4,ADAMPUR,Ghaziabad,1303.0,1715.0,0.0,0.0,0.0,0.0,2025-12,2025-12.xlsx,3018.0
5,AGARTALA,AHMEDABAD,32.0,93.0,0.176,0.142,0.0,0.0,2025-12,2025-12.xlsx,125.0
6,AGARTALA,BAGDOGRA,3077.0,4414.0,0.0,0.0,0.0,0.0,2025-12,2025-12.xlsx,7491.0
7,AGARTALA,BENGALURU,3528.0,3572.0,39.119,5.291,0.0,0.612,2025-12,2025-12.xlsx,7100.0
8,AGARTALA,CHENNAI,336.0,338.0,0.0,0.034,0.0,0.0,2025-12,2025-12.xlsx,674.0
9,AGARTALA,DELHI,6113.0,7329.0,17.076,32.423,0.901,1.752,2025-12,2025-12.xlsx,13442.0
10,AGARTALA,DIBRUGARH,1150.0,420.0,0.0,0.005,0.0,0.0,2025-12,2025-12.xlsx,1570.0
11,AGARTALA,GUWAHATI,9347.0,9356.0,6.393000000000001,55.048,1.80664,4.642130000000001,2025-12,2025-12.xlsx,18703.0
12,AGARTALA,HYDERABAD,3305.0,3250.0,3.228,5.745,0.0,0.0,2025-12,2025-12.xlsx,6555.0
13,AGARTALA,IMPHAL,1713.0,1451.0,1.837,19.992,0.174,0.0,2025-12,2025-12.xlsx,3164.0
14,AGARTALA,KOLKATA,34342.0,36165.0,19.695,203.118,4.637,0.871,2025-12,2025-12.xlsx,70507.0
15,AGARTALA,SILCHAR,693.0,280.0,0.778,0.0,0.0,0.0,2025-12,2025-12.xlsx,973.0
16,AGATTI ISLAND,BENGALURU,766.0,997.0,0.0,0.255,0.0,0.0,2025-12,2025-12.xlsx,1763.0
17,AGATTI ISLAND,Goa,1444.0,1886.0,0.0,0.0,0.0,0.0,2025-12,2025-12.xlsx,3330.0
18,AGATTI ISLAND,KOCHI,2353.0,2811.0,0.0,0.043,0.0,0.0,2025-12,2025-12.xlsx,5164.0
19,AGATTI ISLAND,KOZHIKODE,428.0,573.0,0.0,0.0,0.0,0.0,2025-12,2025-12.xlsx,1001.0
20,AGRA,AHMEDABAD,2118.0,1929.0,0.0,0.0,0.0,0.0,2025-12,2025-12.xlsx,4047.0
21,AGRA,BENGALURU,6119.0,5638.0,1.602,2.711,0.0,0.0,2025-12,2025-12.xlsx,11757.0
22,AGRA,HYDERABAD,2167.0,1988.0,1.66,1.006,0.0,0.0,2025-12,2025-12.xlsx,4155.0
23,AGRA,MUMBAI,2788.0,2676.0,0.013,0.445,0.0,0.0,2025-12,2025-12.xlsx,5464.0
24,AHMEDABAD,Kishangarh,1321.0,1606.0,0.187,0.0,0.0,0.0,2025-12,2025-12.xlsx,2927.0
25,AHMEDABAD,AMRITSAR,3499.0,3999.0,0.17,0.156,0.002,0.0,2025-12,2025-12.xlsx,7498.0
26,AHMEDABAD,BAGDOGRA,5454.0,5650.0,16.60932,17.42163,3.795,0.068,2025-12,2025-12.xlsx,11104.0
27,AHMEDABAD,BELGAUM,1995.0,1792.0,0.0,0.0,0.0,0.0,2025-12,2025-12.xlsx,3787.0
28,AHMEDABAD,BENGALURU,47189.0,46199.0,307.61749,275.65426,2.497,8.19763,2025-12,2025-12.xlsx,93388.0
29,AHMEDABAD,BHOPAL,3850.0,4296.0,0.016,0.018,0.937,0.848,2025-12,2025-12.xlsx,8146.0
30,AHMEDABAD,BHUBANESWAR,4347.0,4300.0,21.154,2.206,3.086,1.09,2025-12,2025-12.xlsx,8647.0
31,AHMEDABAD,BHUJ,86.0,65.0,0.0,0.0,0.0,0.0,2025-12,2025-12.xlsx,151.0
32,AHMEDABAD,CHANDIGARH,8411.0,9488.0,16.407,25.568,0.993,1.683,2025-12,2025-12.xlsx,17899.0
33,AHMEDABAD,CHENNAI,21886.0,21545.0,205.86198000000002,230.66527,1.222,3.449,2025-12,2025-12.xlsx,43431.0
34,AHMEDABAD,COIMBATORE,3892.0,3807.0,19.503,21.815,0.0,0.816,2025-12,2025-12.xlsx,7699.0
35,AHMEDABAD,DABOLIM,16307.0,15574.0,13.785,7.526,0.0,0.211,2025-12,2025-12.xlsx,31881.0
36,AHMEDABAD,DehraDun,4466.0,4585.0,8.114,0.399,0.444,0.178,2025-12,2025-12.xlsx,9051.0
37,AHMEDABAD,DELHI,92637.0,101955.0,1784.4337899,1522.5940606000001,5.678999999999999,22.606199999999998,2025-12,2025-12.xlsx,194592.0
38,AHMEDABAD,DIBRUGARH,135.0,154.0,2.714,1.828,0.0,0.071,2025-12,2025-12.xlsx,289.0
39,AHMEDABAD,DIU,2512.0,2545.0,0.073,0.0,0.0,0.0,2025-12,2025-12.xlsx,5057.0
40,AHMEDABAD,DURGAPUR,61.0,91.0,0.035,3.96,0.0,0.0,2025-12,2025-12.xlsx,152.0
41,AHMEDABAD,Goa,10700.0,10651.0,14.559000000000001,7.8709999999999996,0.0,0.25,2025-12,2025-12.xlsx,21351.0
42,AHMEDABAD,GUWAHATI,4839.0,4667.0,23.107,10.812,0.801,0.133,2025-12,2025-12.xlsx,9506.0
43,AHMEDABAD,HYDERABAD,22758.0,21513.0,147.021,88.51,1.854,2.976,2025-12,2025-12.xlsx,44271.0
44,AHMEDABAD,INDORE,6306.0,6707.0,0.088,0.073,0.5,0.794,2025-12,2025-12.xlsx,13013.0
45,AHMEDABAD,JAIPUR,10101.0,11270.0,1.168,2.521,0.735,0.0,2025-12,2025-12.xlsx,21371.0
46,AHMEDABAD,JALGAON,444.0,448.0,0.0,0.0,0.0,0.0,2025-12,2025-12.xlsx,892.0
47,AHMEDABAD,JAMMU,2199.0,2652.0,1.926,0.0,0.0,0.0,2025-12,2025-12.xlsx,4851.0
48,AHMEDABAD,JAMNAGAR,1117.0,1023.0,0.0,0.0,0.0,0.0,2025-12,2025-12.xlsx,2140.0
49,AHMEDABAD,JODHPUR,1379.0,1854.0,0.0,0.0,0.0,0.0,2025-12,2025-12.xlsx,3233.0
50,AHMEDABAD,KESHOD,70.0,55.0,0.0,0.0,0.0,0.0,2025-12,2025-12.xlsx,125.0
51,AHMEDABAD,KOCHI,5136.0,4710.0,37.573,19.912,1.606,2.377,2025-12,2025-12.xlsx,9846.0
52,AHMEDABAD,KOLKATA,25851.0,25172.0,233.5823,140.13313,4.115,5.6521099999999995,2025-12,2025-12.xlsx,51023.0
53,AHMEDABAD,LUCKNOW,11820.0,12982.0,42.026,14.932,0.072,2.376,2025-12,2025-12.xlsx,24802.0
54,AHMEDABAD,MUMBAI,77193.0,75919.0,791.3258900000001,790.0354099,16.9297,31.085884000000004,2025-12,2025-12.xlsx,153112.0
55,AHMEDABAD,NAGPUR,4409.0,4457.0,0.014,0.015,0.139,3.265,2025-12,2025-12.xlsx,8866.0
56,AHMEDABAD,NANDED,1754.0,1696.0,0.0,0.0,0.0,0.0,2025-12,2025-12.xlsx,3450.0
57,AHMEDABAD,NASIK,2219.0,2207.0,0.007,0.0,0.0,0.0,2025-12,2025-12.xlsx,4426.0
58,AHMEDABAD,PATNA,5156.0,5038.0,31.388,2.728,2.184,2.504,2025-12,2025-12.xlsx,10194.0
59,AHMEDABAD,PORT BLAIR,541.0,462.0,0.0,0.0,0.0,0.0,2025-12,2025-12.xlsx,1003.0
60,AHMEDABAD,PUNE,20423.0,20724.0,88.78054,94.78023,3.8553300000000004,1.445,2025-12,2025-12.xlsx,41147.0
61,AHMEDABAD,RAIPUR,3670.0,4651.0,9.925,0.871,1.049,0.102,2025-12,2025-12.xlsx,8321.0
62,AHMEDABAD,RANCHI,4715.0,4885.0,13.768,1.857,1.052,0.799,2025-12,2025-12.xlsx,9600.0
63,AHMEDABAD,SRINAGAR,5211.0,5049.0,0.688,2.578,0.684,0.0,2025-12,2025-12.xlsx,10260.0
64,AHMEDABAD,UDAIPUR,0.0,9.0,0.0,0.4,0.0,0.0,2025-12,2025-12.xlsx,9.0
65,AHMEDABAD,VARANASI,5768.0,7712.0,10.12302,7.29132,0.0,0.042,2025-12,2025-12.xlsx,13480.0
66,AHMEDABAD,VISAKHAPATNAM,125.0,190.0,0.529,0.107,0.0,0.0,2025-12,2025-12.xlsx,315.0
67,AHMEDABAD,Ayodhya,4929.0,5024.0,0.0,0.31660000000000005,0.0,0.0,2025-12,2025-12.xlsx,9953.0
68,AHMEDABAD,Ghaziabad,4036.0,4618.0,0.0,0.0,0.0,0.0,2025-12,2025-12.xlsx,8654.0
69,AHMEDABAD,Purnea,2666.0,2643.0,0.0,0.0,0.0,0.0,2025-12,2025-12.xlsx,5309.0
70,AIZAWL,CHANDIGARH,0.0,3.0,0.0,0.0,0.0,0.0,2025-12,2025-12.xlsx,3.0
71,AIZAWL,DELHI,4199.0,6367.0,24.951,15.01,0.002,0.747,2025-12,2025-12.xlsx,10566.0
72,AIZAWL,GUWAHATI,4109.0,5253.0,0.38,8.669,5.146,8.325,2025-12,2025-12.xlsx,9362.0
73,AIZAWL,KOLKATA,4555.0,4699.0,18.159,9.705,13.823,6.77,2025-12,2025-12.xlsx,9254.0
74,AIZAWL,LUCKNOW,71.0,50.0,0.0,0.0,0.0,0.0,2025-12,2025-12.xlsx,121.0
75,AIZAWL,SHILLONG,125.0,400.0,0.0,0.0,0.0,0.0,2025-12,2025-12.xlsx,525.0
76,Kishangarh,LUCKNOW,872.0,984.0,0.0,0.0,0.0,0.0,2025-12,2025-12.xlsx,1856.0
77,Kishangarh,NAGPUR,1345.0,1568.0,0.0,0.0,0.0,0.0,2025-12,2025-12.xlsx,2913.0
78,Kishangarh,PUNE,1517.0,1768.0,0.0,0.0,0.0,0.0,2025-12,2025-12.xlsx,3285.0
79,Kishangarh,Ghaziabad,831.0,793.0,0.0,0.0,0.0,0.0,2025-12,2025-12.xlsx,1624.0
80,PRAYAGRAJ,BENGALURU,5049.0,4031.0,0.0,0.313,1.341,0.873,2025-12,2025-12.xlsx,9080.0
81,PRAYAGRAJ,BHUBANESWAR,941.0,883.0,0.0,0.002,0.0,0.299,2025-12,2025-12.xlsx,1824.0
82,PRAYAGRAJ,BILASPUR,357.0,385.0,0.0,0.0,0.0,0.0,2025-12,2025-12.xlsx,742.0
83,PRAYAGRAJ,DELHI,5050.0,4521.0,0.012,1.13,0.0,16.063,2025-12,2025-12.xlsx,9571.0
84,PRAYAGRAJ,HYDERABAD,1233.0,1138.0,0.026,0.221,0.566,0.427,2025-12,2025-12.xlsx,2371.0
85,PRAYAGRAJ,MUMBAI,10599.0,9620.0,0.0,1.4849999999999999,0.924,3.201,2025-12,2025-12.xlsx,20219.0
86,AMRITSAR,BENGALURU,4450.0,5135.0,2.389,4.127,0.0,2.119,2025-12,2025-12.xlsx,9585.0
87,AMRITSAR,CHENNAI,166.0,339.0,0.913,0.579,0.0,0.0,2025-12,2025-12.xlsx,505.0
88,AMRITSAR,DELHI,44790.0,47143.0,21.984,18.991999999999997,0.0,0.021829999999999995,2025-12,2025-12.xlsx,91933.0
89,AMRITSAR,GUWAHATI,23.0,15.0,0.0,0.0,0.0,0.0,2025-12,2025-12.xlsx,38.0
90,AMRITSAR,HYDERABAD,5840.0,4324.0,9.036,0.408,0.0,0.114,2025-12,2025-12.xlsx,10164.0
91,AMRITSAR,KOLKATA,1844.0,1609.0,0.752,0.073,0.0,0.0,2025-12,2025-12.xlsx,3453.0
92,AMRITSAR,KULLU,241.0,135.0,0.0,0.0,0.0,0.0,2025-12,2025-12.xlsx,376.0
93,AMRITSAR,MUMBAI,13752.0,14121.0,2.2195,24.346999999999998,0.0,2.4362790000000003,2025-12,2025-12.xlsx,27873.0
94,AMRITSAR,PUNE,2678.0,2468.0,0.003,1.202,0.0,0.005,2025-12,2025-12.xlsx,5146.0
95,AMRITSAR,SRINAGAR,5520.0,4011.0,2.782,0.043,0.0,0.766,2025-12,2025-12.xlsx,9531.0
96,AURANGABAD,BENGALURU,1663.0,1660.0,0.0,0.936,0.0,0.648,2025-12,2025-12.xlsx,3323.0
97,AURANGABAD,COIMBATORE,27.0,36.0,0.0,0.0,0.0,0.0,2025-12,2025-12.xlsx,63.0
98,AURANGABAD,DABOLIM,774.0,724.0,0.0,0.0,0.0,0.0,2025-12,2025-12.xlsx,1498.0
99,AURANGABAD,DELHI,13020.0,13487.0,0.0,108.470904,0.0,3.4864999999999995,2025-12,2025-12.xlsx,26507.0
100,AURANGABAD,HYDERABAD,2572.0,1879.0,0.0,0.056,0.0,0.598,2025-12,2025-12.xlsx,4451.0
101,AURANGABAD,MUMBAI,7135.0,7872.0,0.0,3.906,0.0,11.492,2025-12,2025-12.xlsx,15007.0
102,BAGDOGRA,BENGALURU,21393.0,16607.0,56.31715,12.016,0.01549,2.497,2025-12,2025-12.xlsx,38000.0
103,BAGDOGRA,BHUBANESWAR,590.0,635.0,0.0,0.0,0.0,0.067,2025-12,2025-12.xlsx,1225.0
104,BAGDOGRA,CHENNAI,5678.0,5831.0,13.763,6.075,1.214,0.345,2025-12,2025-12.xlsx,11509.0
105,BAGDOGRA,DELHI,54231.0,61982.0,100.88884,264.88696,4.822,4.2250000000000005,2025-12,2025-12.xlsx,116213.0
106,BAGDOGRA,DIBRUGARH,5062.0,4336.0,1.798,1.233,0.0,0.0,2025-12,2025-12.xlsx,9398.0
107,BAGDOGRA,DURGAPUR,499.0,498.0,0.003,0.0,0.0,0.0,2025-12,2025-12.xlsx,997.0
108,BAGDOGRA,GUWAHATI,0.0,5554.0,0.0,30.81397,0.0,0.92279,2025-12,2025-12.xlsx,5554.0
109,BAGDOGRA,HYDERABAD,14334.0,14880.0,38.019999999999996,8.7,0.843,0.562,2025-12,2025-12.xlsx,29214.0
110,BAGDOGRA,IMPHAL,4554.0,3339.0,0.0,0.0,0.0,0.0,2025-12,2025-12.xlsx,7893.0
111,BAGDOGRA,KOLKATA,24077.0,24066.0,47.952,29.352000000000004,8.239,8.536,2025-12,2025-12.xlsx,48143.0
112,BAGDOGRA,MUMBAI,25008.0,25933.0,49.57311,84.01288,2.127,4.6277,2025-12,2025-12.xlsx,50941.0
113,BAREILLY,BENGALURU,1854.0,1634.0,0.0,0.01,0.0,0.0,2025-12,2025-12.xlsx,3488.0
114,BAREILLY,MUMBAI,2991.0,2697.0,0.0,0.473,0.0,0.0,2025-12,2025-12.xlsx,5688.0
115,BELGAUM,BENGALURU,5068.0,5260.0,0.046,0.416,0.0,0.0,2025-12,2025-12.xlsx,10328.0
116,BELGAUM,DELHI,4102.0,4211.0,0.001,0.681,0.0,0.0,2025-12,2025-12.xlsx,8313.0
117,BELGAUM,HYDERABAD,1955.0,2125.0,0.016,0.009,0.0,0.0,2025-12,2025-12.xlsx,4080.0
118,BELGAUM,JAIPUR,659.0,696.0,0.0,0.0,0.0,0.0,2025-12,2025-12.xlsx,1355.0
119,BELGAUM,MUMBAI,1559.0,1637.0,0.0,0.0,0.0,0.0,2025-12,2025-12.xlsx,3196.0
120,BENGALURU,BHOPAL,11700.0,13095.0,30.238,9.167,7.237,2.246,2025-12,2025-12.xlsx,24795.0
121,BENGALURU,BHUBANESWAR,39044.0,36703.0,248.20737000000003,72.258,13.575569999999999,0.0,2025-12,2025-12.xlsx,75747.0
122,BENGALURU,BIDAR,1480.0,1525.0,0.0,0.0,0.0,0.0,2025-12,2025-12.xlsx,3005.0
123,BENGALURU,CHANDIGARH,24667.0,25942.0,149.81099999999998,168.137,10.007,0.0,2025-12,2025-12.xlsx,50609.0
124,BENGALURU,CHENNAI,56177.0,58492.0,675.9764094999999,572.2855599999998,19.5155,22.649,2025-12,2025-12.xlsx,114669.0
125,BENGALURU,COIMBATORE,15638.0,13520.0,20.384,15.065,7.563,2.326,2025-12,2025-12.xlsx,29158.0
126,BENGALURU,DABOLIM,45535.0,43469.0,47.02199999999999,61.504000000000005,1.229,0.765,2025-12,2025-12.xlsx,89004.0
127,BENGALURU,DARBHANGA,307.0,711.0,0.127,0.0,0.0,0.0,2025-12,2025-12.xlsx,1018.0
128,BENGALURU,DehraDun,9318.0,10010.0,10.705,3.07,5.901,1.0,2025-12,2025-12.xlsx,19328.0
129,BENGALURU,DELHI,202828.0,218748.0,4004.7122529,4761.923633099999,24.997920000000004,39.377069999999996,2025-12,2025-12.xlsx,421576.0
130,BENGALURU,Deoghar,4893.0,5191.0,0.497,0.0,0.0,0.0,2025-12,2025-12.xlsx,10084.0
131,BENGALURU,DIBRUGARH,227.0,165.0,0.005,0.001,0.0,0.0,2025-12,2025-12.xlsx,392.0
132,BENGALURU,DURGAPUR,5353.0,5401.0,9.942,19.549,0.0,0.0,2025-12,2025-12.xlsx,10754.0
133,BENGALURU,Goa,33583.0,31514.0,4.611,19.095,0.0,0.212,2025-12,2025-12.xlsx,65097.0
134,BENGALURU,GORAKHPUR,9949.0,10229.0,62.77439,63.82224,2.3110999999999997,0.253,2025-12,2025-12.xlsx,20178.0
135,BENGALURU,GUWAHATI,37505.0,30628.0,217.7237,288.71236999999996,13.57221,4.49596,2025-12,2025-12.xlsx,68133.0
136,BENGALURU,GWALIOR,4625.0,4906.0,0.0,0.0,0.0,0.0,2025-12,2025-12.xlsx,9531.0
137,BENGALURU,HUBLI,3951.0,4057.0,0.462,0.614,0.355,1.235,2025-12,2025-12.xlsx,8008.0
138,BENGALURU,HYDERABAD,91015.0,87372.0,614.4549999999999,167.03500000000003,39.57,20.458,2025-12,2025-12.xlsx,178387.0
139,BENGALURU,IMPHAL,409.0,349.0,3.872,28.48,0.002,0.0,2025-12,2025-12.xlsx,758.0
140,BENGALURU,INDORE,18583.0,19126.0,66.688,49.014,5.211,1.692,2025-12,2025-12.xlsx,37709.0
141,BENGALURU,JABALPUR,4372.0,4570.0,0.267,0.322,2.082,0.0,2025-12,2025-12.xlsx,8942.0
142,BENGALURU,JAIPUR,32127.0,33349.0,201.964,268.493,12.191,1.864,2025-12,2025-12.xlsx,65476.0
143,BENGALURU,JAISALMER,3673.0,4193.0,0.08,0.0,0.0,0.0,2025-12,2025-12.xlsx,7866.0
144,BENGALURU,JAMMU,2646.0,2730.0,2.558,0.0,0.285,0.0,2025-12,2025-12.xlsx,5376.0
145,BENGALURU,JHARSUGUDA,4928.0,5141.0,0.438,0.0,0.0,0.0,2025-12,2025-12.xlsx,10069.0
146,BENGALURU,JODHPUR,11015.0,11285.0,8.056,3.199,2.48,1.999,2025-12,2025-12.xlsx,22300.0
147,BENGALURU,KANNUR,6145.0,4986.0,0.516,0.005,0.015,0.0,2025-12,2025-12.xlsx,11131.0
148,BENGALURU,KANPUR,4231.0,4914.0,1.181,0.905,0.0,0.0,2025-12,2025-12.xlsx,9145.0
149,BENGALURU,KHAJURAHO,0.0,35.0,0.0,0.0,0.0,0.0,2025-12,2025-12.xlsx,35.0
150,BENGALURU,KOCHI,60344.0,52762.0,246.14400000000006,88.04499999999999,24.143,9.749,2025-12,2025-12.xlsx,113106.0
151,BENGALURU,KOLHAPUR,1912.0,1869.0,0.286,0.218,0.0,0.0,2025-12,2025-12.xlsx,3781.0
152,BENGALURU,KOLKATA,79004.0,78293.0,795.6996200000001,774.3939999999999,20.34038,11.20875,2025-12,2025-12.xlsx,157297.0
153,BENGALURU,KOZHIKODE,20057.0,15840.0,20.755,0.171,1.033,0.0,2025-12,2025-12.xlsx,35897.0
154,BENGALURU,KURNOOL,151.0,171.0,0.2,0.0,0.0,0.0,2025-12,2025-12.xlsx,322.0
155,BENGALURU,LUCKNOW,27389.0,29138.0,154.94,102.526,16.517,1.986,2025-12,2025-12.xlsx,56527.0
156,BENGALURU,MADURAI,6608.0,6092.0,0.513,2.353,3.769,0.885,2025-12,2025-12.xlsx,12700.0
157,BENGALURU,Malvan,1791.0,1596.0,0.0,0.0,0.0,0.0,2025-12,2025-12.xlsx,3387.0
158,BENGALURU,MANGALORE,36919.0,34480.0,8.623000000000001,43.394999999999996,8.416,166.95,2025-12,2025-12.xlsx,71399.0
159,BENGALURU,MUMBAI,157165.0,164190.0,1637.3107111000002,1842.4635655,17.193450000000002,31.171550999999987,2025-12,2025-12.xlsx,321355.0
160,BENGALURU,NAGPUR,25186.0,27010.0,39.114,14.783,5.244,7.14,2025-12,2025-12.xlsx,52196.0
161,BENGALURU,NANDED,2050.0,1903.0,0.0,0.0,0.0,0.0,2025-12,2025-12.xlsx,3953.0
162,BENGALURU,NASIK,5577.0,5859.0,0.288,0.108,0.67,0.187,2025-12,2025-12.xlsx,11436.0
163,BENGALURU,PATNA,25701.0,25372.0,118.52071999999998,33.45246,19.201,3.023,2025-12,2025-12.xlsx,51073.0
164,BENGALURU,PONDICHERRY,1910.0,1951.0,0.366,0.0,0.0,0.0,2025-12,2025-12.xlsx,3861.0
165,BENGALURU,PORT BLAIR,18292.0,17752.0,29.772,6.955,0.542,0.0,2025-12,2025-12.xlsx,36044.0
166,BENGALURU,PUNE,67007.0,67148.0,362.47773,224.96841999999998,13.438009999999998,3.47,2025-12,2025-12.xlsx,134155.0
167,BENGALURU,RAIPUR,12030.0,11627.0,33.864,1.278,6.782,1.018,2025-12,2025-12.xlsx,23657.0
168,BENGALURU,RAJAHMUNDRY,2057.0,2078.0,0.481,0.0,0.0,0.0,2025-12,2025-12.xlsx,4135.0
169,BENGALURU,Rajkot,5904.0,5985.0,7.825,6.382,2.213,0.0,2025-12,2025-12.xlsx,11889.0
170,BENGALURU,RANCHI,20349.0,20123.0,83.261,12.605999999999998,5.408,2.103,2025-12,2025-12.xlsx,40472.0
171,BENGALURU,SALEM,1358.0,1322.0,0.131,0.0,0.0,0.0,2025-12,2025-12.xlsx,2680.0
172,BENGALURU,SHIRDI,5834.0,6023.0,0.071,0.001,0.0,0.0,2025-12,2025-12.xlsx,11857.0
173,BENGALURU,Shivamogga,1569.0,1271.0,0.099,0.0,0.0,0.0,2025-12,2025-12.xlsx,2840.0
174,BENGALURU,SILCHAR,224.0,165.0,0.311,0.0,0.0,0.0,2025-12,2025-12.xlsx,389.0
175,BENGALURU,SRINAGAR,5506.0,6291.0,5.557,10.432,0.483,0.026,2025-12,2025-12.xlsx,11797.0
176,BENGALURU,SURAT,14064.0,14835.0,13.969,70.953,0.961,2.056,2025-12,2025-12.xlsx,28899.0
177,BENGALURU,TIRUCHIRAPALLY,8910.0,9001.0,0.9149999999999999,0.538,1.58,0.0,2025-12,2025-12.xlsx,17911.0
178,BENGALURU,TIRUPATI,1912.0,1917.0,0.163,0.046,1.004,0.0,2025-12,2025-12.xlsx,3829.0
179,BENGALURU,TRIVANDRUM,32256.0,30661.0,29.919,30.73,10.881,6.876,2025-12,2025-12.xlsx,62917.0
180,BENGALURU,TUTICORIN,1845.0,1713.0,0.205,0.005,0.0,0.0,2025-12,2025-12.xlsx,3558.0
181,BENGALURU,UDAIPUR,15514.0,15707.0,4.681,0.123,0.0,0.0,2025-12,2025-12.xlsx,31221.0
182,BENGALURU,VADODARA,4620.0,4762.0,5.034,0.0,4.133,0.0,2025-12,2025-12.xlsx,9382.0
183,BENGALURU,VARANASI,33956.0,35359.0,54.66729,121.14911999999998,7.00422,0.473,2025-12,2025-12.xlsx,69315.0
184,BENGALURU,VIDYANAGAR,1071.0,1742.0,0.0,0.0,0.0,0.0,2025-12,2025-12.xlsx,2813.0
185,BENGALURU,VIJAYAWADA,12390.0,12254.0,7.221999999999999,0.133,3.378,0.364,2025-12,2025-12.xlsx,24644.0
186,BENGALURU,VISAKHAPATNAM,19792.0,19104.0,22.179,1.247,6.363,0.82,2025-12,2025-12.xlsx,38896.0
187,BENGALURU,Ayodhya,4960.0,6481.0,0.0,0.0,0.0,0.0,2025-12,2025-12.xlsx,11441.0
188,BENGALURU,Ghaziabad,9994.0,10379.0,0.0,0.0,0.0,0.0,2025-12,2025-12.xlsx,20373.0
189,BHATINDA,DELHI,557.0,543.0,0.0,0.0,0.0,0.0,2025-12,2025-12.xlsx,1100.0
190,BHOPAL,CHENNAI,0.0,106.0,0.0,0.0,0.0,0.0,2025-12,2025-12.xlsx,106.0
191,BHOPAL,DABOLIM,5080.0,4785.0,0.043,0.196,0.0,3.037,2025-12,2025-12.xlsx,9865.0
192,BHOPAL,DELHI,25144.0,26402.0,14.696,149.0,21.77812,26.116356000000003,2025-12,2025-12.xlsx,51546.0
193,BHOPAL,HYDERABAD,3151.0,2742.0,0.002,0.175,0.767,0.488,2025-12,2025-12.xlsx,5893.0
194,BHOPAL,INDORE,0.0,2.0,0.0,0.0,0.0,0.0,2025-12,2025-12.xlsx,2.0
195,BHOPAL,JABALPUR,22.0,0.0,0.0,0.0,0.0,0.0,2025-12,2025-12.xlsx,22.0
196,BHOPAL,MUMBAI,17070.0,16116.0,12.453,56.563,5.02883,19.950625,2025-12,2025-12.xlsx,33186.0
197,BHOPAL,PUNE,4159.0,4211.0,0.001,1.595,0.0,0.36,2025-12,2025-12.xlsx,8370.0
198,BHOPAL,RAIPUR,2037.0,2061.0,0.0,0.043,1.089,0.0,2025-12,2025-12.xlsx,4098.0
199,BHUBANESWAR,CHANDIGARH,476.0,417.0,0.196,1.191,0.0,0.0,2025-12,2025-12.xlsx,893.0
200,BHUBANESWAR,CHENNAI,9115.0,9429.0,1.694,23.712,2.272,6.629,2025-12,2025-12.xlsx,18544.0
201,BHUBANESWAR,DehraDun,1233.0,1342.0,0.002,0.0,0.035,0.005,2025-12,2025-12.xlsx,2575.0
202,BHUBANESWAR,DELHI,55986.0,58738.0,49.174379,671.3476390999999,8.860147,15.97542,2025-12,2025-12.xlsx,114724.0
203,BHUBANESWAR,DIMAPUR,85.0,71.0,0.0,0.0,0.0,0.0,2025-12,2025-12.xlsx,156.0
204,BHUBANESWAR,DURGAPUR,1081.0,1094.0,0.0,0.0,0.0,0.0,2025-12,2025-12.xlsx,2175.0
205,BHUBANESWAR,Goa,1258.0,1200.0,0.01,0.004,0.0,0.0,2025-12,2025-12.xlsx,2458.0
206,BHUBANESWAR,GUWAHATI,4387.0,4415.0,0.933,10.273,0.215,1.121,2025-12,2025-12.xlsx,8802.0
207,BHUBANESWAR,HYDERABAD,24270.0,23259.0,4.469,29.397000000000002,2.569,7.8,2025-12,2025-12.xlsx,47529.0
208,BHUBANESWAR,INDORE,2121.0,2420.0,0.133,1.331,0.069,0.0,2025-12,2025-12.xlsx,4541.0
209,BHUBANESWAR,JAIPUR,2717.0,2865.0,0.306,29.741999999999997,0.0,0.0,2025-12,2025-12.xlsx,5582.0
210,BHUBANESWAR,JAMMU,115.0,72.0,0.0,0.0,0.053,0.0,2025-12,2025-12.xlsx,187.0
211,BHUBANESWAR,JAMSHEDPUR,190.0,195.0,0.0,0.0,0.0,0.0,2025-12,2025-12.xlsx,385.0
212,BHUBANESWAR,JEYPORE,530.0,532.0,0.0,0.0,0.0,0.0,2025-12,2025-12.xlsx,1062.0
213,BHUBANESWAR,JHARSUGUDA,1710.0,1795.0,0.0,0.0,0.0,0.0,2025-12,2025-12.xlsx,3505.0
214,BHUBANESWAR,KOCHI,4294.0,3378.0,0.313,4.603,0.0,0.0,2025-12,2025-12.xlsx,7672.0
215,BHUBANESWAR,KOLKATA,15056.0,15285.0,6.126,13.173,4.511,11.6,2025-12,2025-12.xlsx,30341.0
216,BHUBANESWAR,LUCKNOW,3036.0,3484.0,1.221,7.4910000000000005,1.538,0.879,2025-12,2025-12.xlsx,6520.0
217,BHUBANESWAR,MUMBAI,23417.0,24522.0,19.839999999999996,138.301,7.103,7.887,2025-12,2025-12.xlsx,47939.0
218,BHUBANESWAR,PATNA,1736.0,2074.0,0.145,0.137,0.626,0.396,2025-12,2025-12.xlsx,3810.0
219,BHUBANESWAR,PORT BLAIR,2266.0,1672.0,6.088,0.0,0.0,0.0,2025-12,2025-12.xlsx,3938.0
220,BHUBANESWAR,PUNE,4732.0,4759.0,3.261,22.992,0.0,0.0,2025-12,2025-12.xlsx,9491.0
221,BHUBANESWAR,RAIPUR,3804.0,3617.0,0.042,0.264,0.004,0.407,2025-12,2025-12.xlsx,7421.0
222,BHUBANESWAR,RANCHI,2071.0,2147.0,0.038,0.0,0.289,0.604,2025-12,2025-12.xlsx,4218.0
223,BHUBANESWAR,ROURKELA,130.0,144.0,0.0,0.0,0.0,0.0,2025-12,2025-12.xlsx,274.0
224,BHUBANESWAR,Utkela,214.0,302.0,0.0,0.0,0.0,0.0,2025-12,2025-12.xlsx,516.0
225,BHUBANESWAR,VARANASI,1796.0,1744.0,0.0,0.0,0.009,0.0,2025-12,2025-12.xlsx,3540.0
226,BHUBANESWAR,VISAKHAPATNAM,2195.0,2179.0,0.501,0.0,0.064,0.0,2025-12,2025-12.xlsx,4374.0
227,BHUJ,DELHI,5055.0,5293.0,0.0,0.1615,0.0,0.0,2025-12,2025-12.xlsx,10348.0
228,BHUJ,MUMBAI,9314.0,9498.0,0.0,0.468,0.0,0.0,2025-12,2025-12.xlsx,18812.0
229,BHUJ,SURAT,414.0,504.0,0.0,0.0,0.0,0.0,2025-12,2025-12.xlsx,918.0
230,BIKANER,DELHI,1539.0,1419.0,0.0,0.09,0.0,0.0,2025-12,2025-12.xlsx,2958.0
231,BIKANER,JAIPUR,147.0,132.0,0.0,0.0,0.0,0.0,2025-12,2025-12.xlsx,279.0
232,BILASPUR,DELHI,474.0,569.0,0.0,0.0,0.0,0.0,2025-12,2025-12.xlsx,1043.0
233,BILASPUR,JABALPUR,339.0,208.0,0.0,0.0,0.0,0.0,2025-12,2025-12.xlsx,547.0
234,BILASPUR,KOLKATA,360.0,311.0,0.0,0.0,0.0,0.0,2025-12,2025-12.xlsx,671.0
235,CHANDIGARH,CHENNAI,6472.0,5774.0,48.415,30.645,0.055,7.446,2025-12,2025-12.xlsx,12246.0
236,CHANDIGARH,DABOLIM,6341.0,5866.0,3.838,4.759,0.0,0.201,2025-12,2025-12.xlsx,12207.0
237,CHANDIGARH,DELHI,38422.0,37050.0,115.73976699999999,102.27232264,17.677,21.992933999999998,2025-12,2025-12.xlsx,75472.0
238,CHANDIGARH,DHARAMSALA,1299.0,1218.0,0.0,0.0,0.0,0.0,2025-12,2025-12.xlsx,2517.0
239,CHANDIGARH,Goa,4997.0,4853.0,0.057,1.514,0.0,0.003,2025-12,2025-12.xlsx,9850.0
240,CHANDIGARH,GUWAHATI,608.0,506.0,6.841,0.374,0.0,0.203,2025-12,2025-12.xlsx,1114.0
241,CHANDIGARH,HISSAR,15.0,17.0,0.0,0.0,0.0,0.0,2025-12,2025-12.xlsx,32.0
242,CHANDIGARH,HYDERABAD,11664.0,10844.0,43.968,42.678,0.548,4.299,2025-12,2025-12.xlsx,22508.0
243,CHANDIGARH,INDORE,4480.0,4320.0,16.131,3.279,0.738,0.839,2025-12,2025-12.xlsx,8800.0
244,CHANDIGARH,JAIPUR,6606.0,6861.0,0.001,0.017,0.0,0.0,2025-12,2025-12.xlsx,13467.0
245,CHANDIGARH,KOCHI,253.0,219.0,1.528,0.267,0.0,0.0,2025-12,2025-12.xlsx,472.0
246,CHANDIGARH,KOLKATA,6671.0,6662.0,22.071,7.164,0.0,0.781,2025-12,2025-12.xlsx,13333.0
247,CHANDIGARH,LEH,2463.0,3394.0,4.355698,0.3,0.602,0.0,2025-12,2025-12.xlsx,5857.0
248,CHANDIGARH,LUCKNOW,4461.0,4344.0,6.942,0.492,0.187,3.234,2025-12,2025-12.xlsx,8805.0
249,CHANDIGARH,MUMBAI,23304.0,22501.0,141.7449872,183.0804584,3.2659999999999996,12.565141999999996,2025-12,2025-12.xlsx,45805.0
250,CHANDIGARH,PATNA,4074.0,3962.0,6.155,0.022,0.616,1.486,2025-12,2025-12.xlsx,8036.0
251,CHANDIGARH,PUNE,5001.0,3549.0,21.789,21.201,0.0,0.0,2025-12,2025-12.xlsx,8550.0
252,CHANDIGARH,SRINAGAR,7117.0,6803.0,1.85,1.051,0.515,0.749,2025-12,2025-12.xlsx,13920.0
253,CHANDIGARH,UDAIPUR,184.0,154.0,0.0,0.0,0.0,0.0,2025-12,2025-12.xlsx,338.0
254,CHENNAI,COIMBATORE,33663.0,32239.0,24.046,31.54,2.193,7.969,2025-12,2025-12.xlsx,65902.0
255,CHENNAI,DABOLIM,5397.0,5651.0,7.679,10.315,0.393,0.615,2025-12,2025-12.xlsx,11048.0
256,CHENNAI,DehraDun,247.0,369.0,0.566,3.625,0.023,0.526,2025-12,2025-12.xlsx,616.0
257,CHENNAI,DELHI,87184.0,94205.0,2866.1754175,2362.4962087,36.663059999999994,51.24162299999999,2025-12,2025-12.xlsx,181389.0
258,CHENNAI,DURGAPUR,3864.0,4119.0,1.694,4.887,0.0,0.0,2025-12,2025-12.xlsx,7983.0
259,CHENNAI,Goa,4914.0,4847.0,14.025,6.953,0.0,0.084,2025-12,2025-12.xlsx,9761.0
260,CHENNAI,GUWAHATI,15259.0,14237.0,21.646,41.802,5.305,2.481,2025-12,2025-12.xlsx,29496.0
261,CHENNAI,HYDERABAD,52998.0,55439.0,559.2548899999999,369.2859000000001,12.542,16.433,2025-12,2025-12.xlsx,108437.0
262,CHENNAI,INDORE,6441.0,6816.0,40.858,43.751,3.906,0.849,2025-12,2025-12.xlsx,13257.0
263,CHENNAI,JAIPUR,9650.0,10432.0,56.17315,69.951,4.257,1.075,2025-12,2025-12.xlsx,20082.0
264,CHENNAI,JAMMU,105.0,95.0,0.587,0.0,0.0,0.0,2025-12,2025-12.xlsx,200.0
265,CHENNAI,Cuddapah,527.0,604.0,0.082,0.0,0.0,0.0,2025-12,2025-12.xlsx,1131.0
266,CHENNAI,KANNUR,1203.0,1100.0,0.01,0.007,0.0,0.0,2025-12,2025-12.xlsx,2303.0
267,CHENNAI,KANPUR,126.0,95.0,0.0,0.0,0.0,0.0,2025-12,2025-12.xlsx,221.0
268,CHENNAI,KOCHI,33045.0,28232.0,48.87366,25.23448,13.452,6.599,2025-12,2025-12.xlsx,61277.0
269,CHENNAI,KOLKATA,51775.0,50233.0,231.84535999999997,260.17179999999996,8.074,5.479,2025-12,2025-12.xlsx,102008.0
270,CHENNAI,KOZHIKODE,4250.0,3854.0,0.178,0.005,1.938,0.0,2025-12,2025-12.xlsx,8104.0
271,CHENNAI,LUCKNOW,4178.0,4201.0,30.323,15.547,7.27,1.558,2025-12,2025-12.xlsx,8379.0
272,CHENNAI,MADURAI,19027.0,20002.0,3.25514219,25.84624911,6.101,6.046,2025-12,2025-12.xlsx,39029.0
273,CHENNAI,MANGALORE,2167.0,2132.0,0.013,0.002,0.0,0.962,2025-12,2025-12.xlsx,4299.0
274,CHENNAI,MUMBAI,94214.0,100208.0,573.48642309,772.7208214099999,30.87161,34.228437,2025-12,2025-12.xlsx,194422.0
275,CHENNAI,MYSORE,1927.0,1724.0,0.014,0.0,0.0,0.0,2025-12,2025-12.xlsx,3651.0
276,CHENNAI,PATNA,7262.0,8022.0,35.05476,8.030149999999999,3.227,0.533,2025-12,2025-12.xlsx,15284.0
277,CHENNAI,PORT BLAIR,30400.0,28128.0,145.35490000000001,145.76366000000002,40.66209,0.0,2025-12,2025-12.xlsx,58528.0
278,CHENNAI,PUNE,31039.0,31237.0,339.323,173.687,5.009,3.774,2025-12,2025-12.xlsx,62276.0
279,CHENNAI,RAIPUR,5474.0,4740.0,10.337,8.151,1.061,0.793,2025-12,2025-12.xlsx,10214.0
280,CHENNAI,RAJAHMUNDRY,2152.0,2221.0,0.002,0.002,0.0,0.0,2025-12,2025-12.xlsx,4373.0
281,CHENNAI,RANCHI,5540.0,5724.0,22.747,2.551,1.499,0.714,2025-12,2025-12.xlsx,11264.0
282,CHENNAI,SALEM,1667.0,1755.0,0.096,0.0,0.0,0.0,2025-12,2025-12.xlsx,3422.0
283,CHENNAI,SHIRDI,4328.0,4108.0,2.251,0.264,0.0,0.0,2025-12,2025-12.xlsx,8436.0
284,CHENNAI,Shivamogga,1057.0,921.0,1.79354,5.349,0.0,0.0,2025-12,2025-12.xlsx,1978.0
285,CHENNAI,SURAT,2798.0,2971.0,4.048,18.933,0.27,0.3,2025-12,2025-12.xlsx,5769.0
286,CHENNAI,TIRUCHIRAPALLY,10025.0,9600.0,0.662,4.739,0.187,0.0,2025-12,2025-12.xlsx,19625.0
287,CHENNAI,TRIVANDRUM,15344.0,14041.0,12.031,10.258,6.212,4.218,2025-12,2025-12.xlsx,29385.0
288,CHENNAI,TUTICORIN,8415.0,7892.0,0.29,0.551,0.0,0.0,2025-12,2025-12.xlsx,16307.0
289,CHENNAI,VADODARA,1019.0,1007.0,0.293,0.0,0.0,0.0,2025-12,2025-12.xlsx,2026.0
290,CHENNAI,VARANASI,3779.0,4278.0,1.635,14.563,0.417,0.175,2025-12,2025-12.xlsx,8057.0
291,CHENNAI,VIJAYAWADA,3643.0,3974.0,0.924,0.0,0.0,0.0,2025-12,2025-12.xlsx,7617.0
292,CHENNAI,VISAKHAPATNAM,15631.0,14860.0,26.783,6.039,7.273,2.107,2025-12,2025-12.xlsx,30491.0
293,CHENNAI,Ayodhya,0.0,90.0,0.0,0.0,0.0,0.0,2025-12,2025-12.xlsx,90.0
294,CHENNAI,Ghaziabad,3480.0,3589.0,0.0,0.0,0.0,0.0,2025-12,2025-12.xlsx,7069.0
295,COIMBATORE,DABOLIM,2080.0,2178.0,0.006,0.0,0.0,0.0,2025-12,2025-12.xlsx,4258.0
296,COIMBATORE,DELHI,16955.0,19079.0,192.43734899999998,213.9424338,3.5,3.7651769999999996,2025-12,2025-12.xlsx,36034.0
297,COIMBATORE,DURGAPUR,43.0,34.0,0.152,0.0,0.0,0.0,2025-12,2025-12.xlsx,77.0
298,COIMBATORE,GUWAHATI,209.0,184.0,0.964,0.954,0.988,0.0,2025-12,2025-12.xlsx,393.0
299,COIMBATORE,HYDERABAD,20531.0,22257.0,37.421,25.524,3.117,4.244,2025-12,2025-12.xlsx,42788.0
300,COIMBATORE,JAIPUR,188.0,163.0,0.84,1.071,0.0,0.0,2025-12,2025-12.xlsx,351.0
301,COIMBATORE,KOCHI,0.0,189.0,0.0,0.0,0.0,0.0,2025-12,2025-12.xlsx,189.0
302,COIMBATORE,KOLKATA,0.0,94.0,0.0,1.231,0.0,0.0,2025-12,2025-12.xlsx,94.0
303,COIMBATORE,LUCKNOW,35.0,0.0,0.0,0.0,0.0,0.0,2025-12,2025-12.xlsx,35.0
304,COIMBATORE,MUMBAI,20807.0,22228.0,185.923651,187.63558270000001,5.038,6.703602999999999,2025-12,2025-12.xlsx,43035.0
305,COIMBATORE,NASIK,45.0,24.0,0.0,0.0,0.0,0.0,2025-12,2025-12.xlsx,69.0
306,COIMBATORE,PUNE,4609.0,4645.0,25.822,21.488,0.0,0.284,2025-12,2025-12.xlsx,9254.0
307,COIMBATORE,SHIRDI,83.0,166.0,0.0,0.0,0.0,0.0,2025-12,2025-12.xlsx,249.0
308,COOCH BEHAR,KOLKATA,203.0,213.0,0.0,0.0,0.0,0.0,2025-12,2025-12.xlsx,416.0
309,DABOLIM,DELHI,56829.0,60723.0,100.28862000000001,264.05816849999997,1.5038699999999998,2.3397499999999996,2025-12,2025-12.xlsx,117552.0
310,DABOLIM,HYDERABAD,20560.0,21593.0,31.332,15.446,0.647,4.049,2025-12,2025-12.xlsx,42153.0
311,DABOLIM,INDORE,7789.0,8266.0,1.774,4.818,0.113,0.0,2025-12,2025-12.xlsx,16055.0
312,DABOLIM,JAIPUR,4787.0,5159.0,1.616,1.551,0.137,0.0,2025-12,2025-12.xlsx,9946.0
313,DABOLIM,KOCHI,4569.0,4408.0,17.167,12.638,1.166,0.0,2025-12,2025-12.xlsx,8977.0
314,DABOLIM,KOLKATA,4789.0,4831.0,12.131,9.934,1.01,0.058,2025-12,2025-12.xlsx,9620.0
315,DABOLIM,LUCKNOW,4930.0,5443.0,4.255,3.199,0.39,0.238,2025-12,2025-12.xlsx,10373.0
316,DABOLIM,MUMBAI,53805.0,60503.0,76.8651014,81.0941567,3.897128,13.222020999999994,2025-12,2025-12.xlsx,114308.0
317,DABOLIM,NASIK,1142.0,1233.0,0.0,0.0,0.0,0.0,2025-12,2025-12.xlsx,2375.0
318,DABOLIM,PUNE,4129.0,4221.0,2.133,0.893,0.005,0.0,2025-12,2025-12.xlsx,8350.0
319,DABOLIM,RAIPUR,5331.0,5451.0,7.929,0.001,0.683,0.008,2025-12,2025-12.xlsx,10782.0
320,DABOLIM,SURAT,4647.0,4754.0,3.335,21.981,0.148,0.161,2025-12,2025-12.xlsx,9401.0
321,DARBHANGA,DELHI,12489.0,12203.0,2.47525,17.48546,0.0,0.0,2025-12,2025-12.xlsx,24692.0
322,DARBHANGA,HYDERABAD,3940.0,3888.0,0.0,0.396,0.0,0.0,2025-12,2025-12.xlsx,7828.0
323,DARBHANGA,KOLKATA,1138.0,922.0,0.0,0.001,0.0,0.0,2025-12,2025-12.xlsx,2060.0
324,DARBHANGA,MUMBAI,9554.0,9498.0,0.81896,33.19674,0.0,0.0,2025-12,2025-12.xlsx,19052.0
325,DehraDun,DELHI,20741.0,21636.0,3.409,7.143,10.619,24.213,2025-12,2025-12.xlsx,42377.0
326,DehraDun,GUWAHATI,164.0,14.0,0.032,0.1,0.099,0.009,2025-12,2025-12.xlsx,178.0
327,DehraDun,HYDERABAD,4600.0,4568.0,2.876,3.261,0.35,2.38,2025-12,2025-12.xlsx,9168.0
328,DehraDun,INDORE,255.0,307.0,0.0,0.0,0.0,0.0,2025-12,2025-12.xlsx,562.0
329,DehraDun,JAIPUR,3206.0,2945.0,0.0,0.012,0.0,0.0,2025-12,2025-12.xlsx,6151.0
330,DehraDun,KOLKATA,2675.0,2386.0,4.71,0.117,0.164,0.0,2025-12,2025-12.xlsx,5061.0
331,DehraDun,KULLU,183.0,97.0,0.0,0.0,0.0,0.0,2025-12,2025-12.xlsx,280.0
332,DehraDun,LUCKNOW,3131.0,3065.0,0.009,0.256,0.551,1.344,2025-12,2025-12.xlsx,6196.0
333,DehraDun,MUMBAI,12946.0,12142.0,3.001,7.6,1.032,2.803,2025-12,2025-12.xlsx,25088.0
334,DehraDun,PUNE,4325.0,3901.0,1.791,4.321,0.41,0.306,2025-12,2025-12.xlsx,8226.0
335,DELHI,Deoghar,8350.0,7506.0,0.386,0.0,0.0,0.0,2025-12,2025-12.xlsx,15856.0
336,DELHI,DHARAMSALA,5663.0,4751.0,0.214,0.0,0.0,0.0,2025-12,2025-12.xlsx,10414.0
337,DELHI,DIBRUGARH,8907.0,7750.0,28.511,3.809,4.052,2.496,2025-12,2025-12.xlsx,16657.0
338,DELHI,DIMAPUR,5324.0,4717.0,10.119,13.623,4.559,8.932,2025-12,2025-12.xlsx,10041.0
339,DELHI,DURGAPUR,5184.0,4655.0,22.67,22.785,0.0,0.0,2025-12,2025-12.xlsx,9839.0
340,DELHI,GAYA,8231.0,8692.0,0.069,0.0,0.0,0.0,2025-12,2025-12.xlsx,16923.0
341,DELHI,Goa,54060.0,49985.0,166.389706,72.97766999999999,1.6600000000000001,0.0,2025-12,2025-12.xlsx,104045.0
342,DELHI,GORAKHPUR,19867.0,19828.0,84.05485999999999,55.31409,8.382,0.4211,2025-12,2025-12.xlsx,39695.0
343,DELHI,GUWAHATI,72466.0,62921.0,809.3548651,199.83105999999998,21.727746,10.175320000000001,2025-12,2025-12.xlsx,135387.0
344,DELHI,GWALIOR,3141.0,3362.0,0.485,0.0,0.0,0.0,2025-12,2025-12.xlsx,6503.0
345,DELHI,HUBLI,5161.0,4101.0,7.162,3.593,0.181,0.44,2025-12,2025-12.xlsx,9262.0
346,DELHI,HYDERABAD,133107.0,120788.0,1533.2540630600001,1045.3135737,32.388095,17.647,2025-12,2025-12.xlsx,253895.0
347,DELHI,IMPHAL,15382.0,13613.0,83.75800000000001,189.621,9.21,8.205,2025-12,2025-12.xlsx,28995.0
348,DELHI,INDORE,45284.0,43361.0,303.20834734999994,212.31466318000003,11.708400000000001,6.2916799999999995,2025-12,2025-12.xlsx,88645.0
349,DELHI,Itanagar,5017.0,4214.0,1.111,0.049,0.0,0.0,2025-12,2025-12.xlsx,9231.0
350,DELHI,JABALPUR,8863.0,7857.0,1.385,2.171,7.731,0.0,2025-12,2025-12.xlsx,16720.0
351,DELHI,JAGDALPUR,364.0,444.0,0.0,0.0,0.0,0.0,2025-12,2025-12.xlsx,808.0
352,DELHI,JAIPUR,27798.0,27545.0,43.787588,101.09505000000001,16.362629000000002,7.924,2025-12,2025-12.xlsx,55343.0
353,DELHI,JAISALMER,13200.0,12969.0,0.143,0.0,0.0,0.0,2025-12,2025-12.xlsx,26169.0
354,DELHI,JAMMU,23180.0,21759.0,61.98788999999999,12.7725,4.209,0.0,2025-12,2025-12.xlsx,44939.0
355,DELHI,JHARSUGUDA,5084.0,4472.0,0.144,0.0,0.0,0.0,2025-12,2025-12.xlsx,9556.0
356,DELHI,JODHPUR,17997.0,17575.0,14.2075,0.349,24.75066,12.119,2025-12,2025-12.xlsx,35572.0
357,DELHI,JORHAT,3119.0,2769.0,0.121,0.066,0.0,0.0,2025-12,2025-12.xlsx,5888.0
358,DELHI,KANNUR,4018.0,3108.0,0.891,0.329,0.108,0.0,2025-12,2025-12.xlsx,7126.0
359,DELHI,KANPUR,3595.0,4202.0,1.146,0.0,12.123,0.0,2025-12,2025-12.xlsx,7797.0
360,DELHI,KHAJURAHO,2786.0,2771.0,0.127,0.0,0.0,0.0,2025-12,2025-12.xlsx,5557.0
361,DELHI,KOCHI,41323.0,38868.0,429.663412,350.98116749999997,18.591064999999993,13.702145999999999,2025-12,2025-12.xlsx,80191.0
362,DELHI,KOLKATA,128356.0,124376.0,1752.5534864,2183.6451100599998,51.450621000000005,32.761573,2025-12,2025-12.xlsx,252732.0
363,DELHI,KOZHIKODE,6330.0,5258.0,9.367,1.355,1.378,0.0,2025-12,2025-12.xlsx,11588.0
364,DELHI,KULLU,584.0,323.0,0.0,0.0,0.0,0.0,2025-12,2025-12.xlsx,907.0
365,DELHI,LEH,21368.0,23948.0,140.6097534,23.99736,33.141892,21.076,2025-12,2025-12.xlsx,45316.0
366,DELHI,LUCKNOW,58453.0,60176.0,234.0851085,90.040546,52.880029,19.014905999999996,2025-12,2025-12.xlsx,118629.0
367,DELHI,MADURAI,6047.0,5219.0,19.736,79.038,1.213,1.733,2025-12,2025-12.xlsx,11266.0
368,DELHI,MANGALORE,15575.0,13328.0,10.819,4.748,0.0,47.99,2025-12,2025-12.xlsx,28903.0
369,DELHI,MUMBAI,304512.0,275378.0,6245.2610004,3390.7514439999995,43.91040000000001,106.15976899999998,2025-12,2025-12.xlsx,579890.0
370,DELHI,NAGPUR,34076.0,26310.0,218.9211375,68.4205,12.160899999999998,16.776,2025-12,2025-12.xlsx,60386.0
371,DELHI,NASIK,9962.0,8311.0,31.938,3.194,0.721,0.429,2025-12,2025-12.xlsx,18273.0
372,DELHI,PANTNAGAR,2042.0,1898.0,0.113,0.0,0.0,0.0,2025-12,2025-12.xlsx,3940.0
373,DELHI,PATNA,59943.0,59757.0,407.2956372,62.42225,39.846902,17.211031999999996,2025-12,2025-12.xlsx,119700.0
374,DELHI,PITHORAGARH,451.0,298.0,0.0,0.0,0.0,0.0,2025-12,2025-12.xlsx,749.0
375,DELHI,PORT BLAIR,14940.0,12446.0,54.799675199999996,23.059,0.853,0.00568,2025-12,2025-12.xlsx,27386.0
376,DELHI,PUNE,119639.0,114344.0,1495.2960054999999,1435.1294705999999,18.11369,2.5312899999999994,2025-12,2025-12.xlsx,233983.0
377,DELHI,RAIPUR,37610.0,35782.0,282.79192609999996,22.005,20.8058,6.709,2025-12,2025-12.xlsx,73392.0
378,DELHI,RAJAHMUNDRY,4473.0,2826.0,3.421,0.086,0.0,0.0,2025-12,2025-12.xlsx,7299.0
379,DELHI,Rajkot,18789.0,16930.0,35.759,45.863,8.65555,0.767,2025-12,2025-12.xlsx,35719.0
380,DELHI,RANCHI,38806.0,36862.0,506.326,64.69400000000002,9.478,5.288,2025-12,2025-12.xlsx,75668.0
381,DELHI,REWA,680.0,730.0,0.0,0.0,0.0,0.0,2025-12,2025-12.xlsx,1410.0
382,DELHI,SHILLONG,687.0,578.0,0.0335,0.0,0.0,0.0,2025-12,2025-12.xlsx,1265.0
383,DELHI,SHIRDI,5241.0,4712.0,0.872,1.909,0.0,0.0,2025-12,2025-12.xlsx,9953.0
384,DELHI,SILCHAR,180.0,217.0,0.0,0.0,0.0,0.0,2025-12,2025-12.xlsx,397.0
385,DELHI,SRINAGAR,72405.0,73157.0,364.63832360000004,407.216738,7.83773,49.788,2025-12,2025-12.xlsx,145562.0
386,DELHI,SURAT,26547.0,21371.0,52.865,85.038,3.677,3.868,2025-12,2025-12.xlsx,47918.0
387,DELHI,TIRUCHIRAPALLY,4659.0,3690.0,7.223,0.09,0.005,0.0,2025-12,2025-12.xlsx,8349.0
388,DELHI,TIRUPATI,5061.0,3854.0,30.169,8.937,0.81,0.304,2025-12,2025-12.xlsx,8915.0
389,DELHI,TRIVANDRUM,19497.0,18525.0,120.04752540000001,31.203000000000003,7.7629680000000025,8.900979999999997,2025-12,2025-12.xlsx,38022.0
390,DELHI,UDAIPUR,48977.0,45565.0,53.14057,12.536529999999999,0.9188999999999999,0.0,2025-12,2025-12.xlsx,94542.0
391,DELHI,VADODARA,26825.0,22529.0,81.5745,0.0,6.875210000000001,0.0,2025-12,2025-12.xlsx,49354.0
392,DELHI,VARANASI,40768.0,43758.0,208.2723992,58.609970000000004,14.63133,2.927,2025-12,2025-12.xlsx,84526.0
393,DELHI,VIJAYAWADA,13136.0,10838.0,62.323499999999996,7.7455,10.444088,0.6529999999999999,2025-12,2025-12.xlsx,23974.0
394,DELHI,VISAKHAPATNAM,21163.0,19203.0,117.391279,4.8795,6.4551099999999995,1.918,2025-12,2025-12.xlsx,40366.0
395,DELHI,Ayodhya,16803.0,17720.0,0.625,0.34439999999999993,0.0,0.0,2025-12,2025-12.xlsx,34523.0
396,DELHI,Purnea,4390.0,4290.0,0.396,0.0,0.0,0.0,2025-12,2025-12.xlsx,8680.0
397,Deoghar,KOLKATA,840.0,703.0,0.0,0.004,0.0,0.0,2025-12,2025-12.xlsx,1543.0
398,Deoghar,MUMBAI,2316.0,2084.0,0.0,0.211,0.0,0.0,2025-12,2025-12.xlsx,4400.0
399,DHARAMSALA,JAIPUR,20.0,50.0,0.0,0.0,0.0,0.0,2025-12,2025-12.xlsx,70.0
400,DHARAMSALA,LUCKNOW,86.0,0.0,0.0,0.0,0.0,0.0,2025-12,2025-12.xlsx,86.0
401,DIBRUGARH,GUWAHATI,10335.0,11145.0,4.036,4.37,3.251,6.033,2025-12,2025-12.xlsx,21480.0
402,DIBRUGARH,KOLKATA,8741.0,9746.0,19.973,24.387,1.852,3.635,2025-12,2025-12.xlsx,18487.0
403,DIMAPUR,GUWAHATI,6547.0,7838.0,8.761999999999999,9.231,0.07,0.25,2025-12,2025-12.xlsx,14385.0
404,DIMAPUR,IMPHAL,624.0,597.0,0.0,0.0,0.0,0.0,2025-12,2025-12.xlsx,1221.0
405,DIMAPUR,KOLKATA,4328.0,5019.0,18.64,15.089,6.281,2.715,2025-12,2025-12.xlsx,9347.0
406,DIU,Goa,489.0,452.0,0.0,0.0,0.0,0.0,2025-12,2025-12.xlsx,941.0
407,DIU,KESHOD,21.0,15.0,0.0,0.0,0.0,0.0,2025-12,2025-12.xlsx,36.0
408,DIU,MUMBAI,1414.0,1422.0,0.0,0.0,0.0,0.0,2025-12,2025-12.xlsx,2836.0
409,DIU,SURAT,1902.0,1816.0,0.0,0.0,0.0,0.0,2025-12,2025-12.xlsx,3718.0
410,DURGAPUR,HYDERABAD,5069.0,4730.0,5.931,0.712,0.0,0.0,2025-12,2025-12.xlsx,9799.0
411,DURGAPUR,MUMBAI,2490.0,2491.0,0.0,0.407,0.0,0.0,2025-12,2025-12.xlsx,4981.0
412,DURGAPUR,VARANASI,306.0,406.0,0.0,0.0,0.0,0.0,2025-12,2025-12.xlsx,712.0
413,GAYA,KOLKATA,3283.0,2017.0,0.0,0.733,0.0,0.0,2025-12,2025-12.xlsx,5300.0
414,Goa,HYDERABAD,38102.0,38867.0,24.201999999999998,12.804,0.011,0.003,2025-12,2025-12.xlsx,76969.0
415,Goa,JAIPUR,4369.0,5031.0,1.601,25.9,0.0,0.12,2025-12,2025-12.xlsx,9400.0
416,Goa,JALGAON,1883.0,1854.0,0.0,0.0,0.0,0.0,2025-12,2025-12.xlsx,3737.0
417,Goa,KOLKATA,5209.0,5123.0,22.432,2.586,0.036,0.0,2025-12,2025-12.xlsx,10332.0
418,Goa,MUMBAI,36537.0,42727.0,47.77513,41.677859999999995,0.777,0.0,2025-12,2025-12.xlsx,79264.0
419,Goa,NAGPUR,5697.0,6406.0,0.178,0.093,0.0,0.0,2025-12,2025-12.xlsx,12103.0
420,Goa,PUNE,18319.0,19595.0,78.46019,20.23919,0.6709999999999999,0.0,2025-12,2025-12.xlsx,37914.0
421,Goa,Rajkot,3879.0,3836.0,0.0,0.188,0.0,0.0,2025-12,2025-12.xlsx,7715.0
422,Goa,Shivamogga,1643.0,1632.0,0.0,0.0,0.0,0.0,2025-12,2025-12.xlsx,3275.0
423,Goa,SHOLAPUR,888.0,968.0,0.0,0.0,0.0,0.0,2025-12,2025-12.xlsx,1856.0
424,Goa,SURAT,621.0,713.0,0.0,2.892,0.0,0.011,2025-12,2025-12.xlsx,1334.0
425,Goa,UDAIPUR,97.0,0.0,0.4,0.0,0.0,0.0,2025-12,2025-12.xlsx,97.0
426,Goa,VADODARA,3660.0,3907.0,0.113,0.0,0.0,0.0,2025-12,2025-12.xlsx,7567.0
427,Gondia,HYDERABAD,1144.0,983.0,0.0,0.132,0.0,0.0,2025-12,2025-12.xlsx,2127.0
428,Gondia,INDORE,467.0,652.0,0.0,0.0,0.0,0.0,2025-12,2025-12.xlsx,1119.0
429,GORAKHPUR,HYDERABAD,5990.0,5337.0,0.0,1.219,0.0,1.017,2025-12,2025-12.xlsx,11327.0
430,GORAKHPUR,KOLKATA,2076.0,1824.0,0.0,0.0,0.0,0.0,2025-12,2025-12.xlsx,3900.0
431,GORAKHPUR,MUMBAI,8935.0,8417.0,0.0,10.6999,0.0,0.79,2025-12,2025-12.xlsx,17352.0
432,GORAKHPUR,PUNE,0.0,49.0,0.0,0.0,0.0,0.0,2025-12,2025-12.xlsx,49.0
433,GUWAHATI,HYDERABAD,19566.0,20718.0,58.272,57.923,2.081,4.905,2025-12,2025-12.xlsx,40284.0
434,GUWAHATI,IMPHAL,18362.0,16191.0,80.428,64.854,6.215,5.585,2025-12,2025-12.xlsx,34553.0
435,GUWAHATI,Itanagar,92.0,49.0,0.0,0.0,0.0,0.0,2025-12,2025-12.xlsx,141.0
436,GUWAHATI,JAIPUR,9315.0,10784.0,2.493,14.095,0.587,0.427,2025-12,2025-12.xlsx,20099.0
437,GUWAHATI,KOLKATA,42902.0,44314.0,244.34813999999997,484.58996,5.257,13.642,2025-12,2025-12.xlsx,87216.0
438,GUWAHATI,LUCKNOW,3662.0,4448.0,1.407,8.239,2.841,1.203,2025-12,2025-12.xlsx,8110.0
439,GUWAHATI,MUMBAI,16645.0,17570.0,62.89565999999999,123.67376999999999,5.47241,10.27698,2025-12,2025-12.xlsx,34215.0
440,GUWAHATI,PASIGHAT,520.0,546.0,0.0,0.0,0.0,0.0,2025-12,2025-12.xlsx,1066.0
441,GUWAHATI,PUNE,2570.0,2711.0,3.505,8.557,0.455,0.201,2025-12,2025-12.xlsx,5281.0
442,GUWAHATI,RUPSI,244.0,247.0,0.0,0.0,0.0,0.0,2025-12,2025-12.xlsx,491.0
443,GUWAHATI,SHILLONG,0.0,3.0,0.0,0.0,0.0,0.0,2025-12,2025-12.xlsx,3.0
444,GUWAHATI,SILCHAR,4956.0,5488.0,23.267,0.0,11.099,0.0,2025-12,2025-12.xlsx,10444.0
445,GUWAHATI,TEZU,878.0,709.0,0.0,0.0,0.0,0.0,2025-12,2025-12.xlsx,1587.0
446,GUWAHATI,Ziro,14.0,21.0,0.0,0.0,0.0,0.0,2025-12,2025-12.xlsx,35.0
447,GWALIOR,MUMBAI,3942.0,3658.0,0.0,0.0,0.0,0.0,2025-12,2025-12.xlsx,7600.0
448,HISSAR,JAIPUR,74.0,82.0,0.0,0.0,0.0,0.0,2025-12,2025-12.xlsx,156.0
449,HISSAR,Ayodhya,118.0,100.0,0.0,0.0,0.0,0.0,2025-12,2025-12.xlsx,218.0
450,HUBLI,HYDERABAD,1976.0,2027.0,0.091,0.014,0.645,0.006,2025-12,2025-12.xlsx,4003.0
451,HUBLI,MUMBAI,4324.0,4738.0,0.652,1.695,1.184,1.471,2025-12,2025-12.xlsx,9062.0
452,HUBLI,PUNE,1189.0,1221.0,0.0,0.0,0.0,0.186,2025-12,2025-12.xlsx,2410.0
453,HYDERABAD,INDORE,13214.0,14009.0,49.65,15.203,5.342,2.722,2025-12,2025-12.xlsx,27223.0
454,HYDERABAD,JABALPUR,1917.0,1906.0,0.03,0.0,0.154,0.0,2025-12,2025-12.xlsx,3823.0
455,HYDERABAD,JAGDALPUR,1849.0,1716.0,0.123,0.0,0.0,0.0,2025-12,2025-12.xlsx,3565.0
456,HYDERABAD,JAIPUR,23697.0,26168.0,46.912,203.31599999999997,4.269,1.374,2025-12,2025-12.xlsx,49865.0
457,HYDERABAD,JALGAON,1864.0,1838.0,0.0,0.0,0.0,0.0,2025-12,2025-12.xlsx,3702.0
458,HYDERABAD,JAMMU,1521.0,1344.0,0.301,0.0,0.217,0.0,2025-12,2025-12.xlsx,2865.0
459,HYDERABAD,JHARSUGUDA,2263.0,2303.0,0.0,0.0,0.0,0.0,2025-12,2025-12.xlsx,4566.0
460,HYDERABAD,JODHPUR,6533.0,6566.0,1.2810000000000001,0.40700000000000003,0.465,0.68,2025-12,2025-12.xlsx,13099.0
461,HYDERABAD,Cuddapah,2033.0,2064.0,0.065,0.0,0.0,0.0,2025-12,2025-12.xlsx,4097.0
462,HYDERABAD,KANNUR,2216.0,1875.0,0.047,0.0,0.079,0.0,2025-12,2025-12.xlsx,4091.0
463,HYDERABAD,KANPUR,1982.0,2341.0,0.0,0.351,0.0,0.0,2025-12,2025-12.xlsx,4323.0
464,HYDERABAD,KOCHI,39191.0,38811.0,32.407,27.662,8.266,7.828,2025-12,2025-12.xlsx,78002.0
465,HYDERABAD,KOLHAPUR,2308.0,2775.0,1.725,2.015,0.0,0.0,2025-12,2025-12.xlsx,5083.0
466,HYDERABAD,KOLKATA,36677.0,35125.0,133.832,182.277,9.858,10.323,2025-12,2025-12.xlsx,71802.0
467,HYDERABAD,KOZHIKODE,4590.0,4342.0,0.575,0.01,0.785,0.0,2025-12,2025-12.xlsx,8932.0
468,HYDERABAD,LUCKNOW,13833.0,14513.0,35.53,24.559,6.424,1.831,2025-12,2025-12.xlsx,28346.0
469,HYDERABAD,MADURAI,10441.0,9963.0,5.218,54.682,8.131,1.107,2025-12,2025-12.xlsx,20404.0
470,HYDERABAD,Malvan,1887.0,1778.0,0.0,0.0,0.0,0.0,2025-12,2025-12.xlsx,3665.0
471,HYDERABAD,MANGALORE,4434.0,4497.0,0.091,0.001,1.495,2.691,2025-12,2025-12.xlsx,8931.0
472,HYDERABAD,MUMBAI,78038.0,81119.0,733.6018040000001,1054.3639905,24.684179,37.17473,2025-12,2025-12.xlsx,159157.0
473,HYDERABAD,MYSORE,2141.0,1965.0,0.107,0.0,0.0,0.0,2025-12,2025-12.xlsx,4106.0
474,HYDERABAD,NAGPUR,4145.0,4495.0,0.416,0.455,0.756,0.0,2025-12,2025-12.xlsx,8640.0
475,HYDERABAD,NANDED,1323.0,1432.0,0.0,0.0,0.0,0.0,2025-12,2025-12.xlsx,2755.0
476,HYDERABAD,NASIK,2558.0,2815.0,0.4,0.0,0.28,0.125,2025-12,2025-12.xlsx,5373.0
477,HYDERABAD,PATNA,12643.0,13870.0,34.047,8.43,8.844,2.431,2025-12,2025-12.xlsx,26513.0
478,HYDERABAD,PONDICHERRY,2153.0,2048.0,0.017,0.0,0.0,0.0,2025-12,2025-12.xlsx,4201.0
479,HYDERABAD,PORT BLAIR,6121.0,6378.0,28.808,6.219,5.016,0.0,2025-12,2025-12.xlsx,12499.0
480,HYDERABAD,PUNE,26439.0,27403.0,47.365,44.224,4.251,3.489,2025-12,2025-12.xlsx,53842.0
481,HYDERABAD,RAIPUR,7317.0,7851.0,15.407,0.818,8.589,1.226,2025-12,2025-12.xlsx,15168.0
482,HYDERABAD,RAJAHMUNDRY,11364.0,10415.0,0.222,0.149,0.0,0.0,2025-12,2025-12.xlsx,21779.0
483,HYDERABAD,Rajkot,4520.0,4502.0,1.892,1.131,0.257,0.0,2025-12,2025-12.xlsx,9022.0
484,HYDERABAD,RANCHI,14642.0,15650.0,21.658,5.706,2.912,4.062,2025-12,2025-12.xlsx,30292.0
485,HYDERABAD,SALEM,1124.0,1043.0,0.0,0.0,0.0,0.0,2025-12,2025-12.xlsx,2167.0
486,HYDERABAD,SHIRDI,8438.0,7576.0,0.394,5.247,0.0,0.0,2025-12,2025-12.xlsx,16014.0
487,HYDERABAD,Shivamogga,4157.0,4140.0,5.349,1.79354,0.0,0.0,2025-12,2025-12.xlsx,8297.0
488,HYDERABAD,SRINAGAR,5656.0,5890.0,1.649,0.515,0.41,0.0,2025-12,2025-12.xlsx,11546.0
489,HYDERABAD,SURAT,4551.0,4455.0,2.105,42.755,1.278,1.015,2025-12,2025-12.xlsx,9006.0
490,HYDERABAD,TIRUCHIRAPALLY,4580.0,4130.0,2.019,0.0,6.644,0.0,2025-12,2025-12.xlsx,8710.0
491,HYDERABAD,TIRUPATI,28218.0,29503.0,20.14890334,10.863800000000001,11.669,2.639,2025-12,2025-12.xlsx,57721.0
492,HYDERABAD,TRIVANDRUM,9576.0,9501.0,4.164,3.933,4.436,2.937,2025-12,2025-12.xlsx,19077.0
493,HYDERABAD,UDAIPUR,10137.0,11873.0,2.199,0.869,0.0,0.0,2025-12,2025-12.xlsx,22010.0
494,HYDERABAD,VADODARA,4428.0,4728.0,6.823,0.0,0.928,0.0,2025-12,2025-12.xlsx,9156.0
495,HYDERABAD,VARANASI,24396.0,31292.0,24.68352,48.398410000000005,1.965,0.409,2025-12,2025-12.xlsx,55688.0
496,HYDERABAD,VIJAYAWADA,13509.0,13296.0,2.7539999999999996,1.623,5.115,0.648,2025-12,2025-12.xlsx,26805.0
497,HYDERABAD,VISAKHAPATNAM,38313.0,35747.0,31.862000000000002,28.436,11.568,0.105,2025-12,2025-12.xlsx,74060.0
498,HYDERABAD,Ayodhya,5229.0,7561.0,0.192,0.0,0.0,0.0,2025-12,2025-12.xlsx,12790.0
499,HYDERABAD,Purnea,4612.0,4775.0,0.104,0.0,0.0,0.0,2025-12,2025-12.xlsx,9387.0
500,IMPHAL,JAIPUR,117.0,152.0,2.532,0.025,1.08,0.0,2025-12,2025-12.xlsx,269.0
501,IMPHAL,KOLKATA,11584.0,12744.0,97.289,47.653,17.953,5.959,2025-12,2025-12.xlsx,24328.0
502,IMPHAL,SHILLONG,774.0,829.0,0.008,0.0,0.0,0.0,2025-12,2025-12.xlsx,1603.0
503,IMPHAL,TEZU,546.0,652.0,0.0,0.0,0.0,0.0,2025-12,2025-12.xlsx,1198.0
504,INDORE,JABALPUR,1292.0,1425.0,0.0,0.0,0.0,0.0,2025-12,2025-12.xlsx,2717.0
505,INDORE,JAIPUR,4635.0,4599.0,0.022,0.047,0.452,0.0,2025-12,2025-12.xlsx,9234.0
506,INDORE,JAMMU,2104.0,2193.0,0.0,0.0,0.107,0.0,2025-12,2025-12.xlsx,4297.0
507,INDORE,JODHPUR,1065.0,1308.0,0.006,0.0,0.0,0.0,2025-12,2025-12.xlsx,2373.0
508,INDORE,KOLKATA,4418.0,4387.0,16.937,11.233,0.675,1.838,2025-12,2025-12.xlsx,8805.0
509,INDORE,LUCKNOW,2128.0,2200.0,0.018,0.04,0.355,0.975,2025-12,2025-12.xlsx,4328.0
510,INDORE,MUMBAI,30320.0,30975.0,115.17955156000001,108.71861012,9.5134,11.80115,2025-12,2025-12.xlsx,61295.0
511,INDORE,NAGPUR,3482.0,3296.0,0.466,0.55,0.548,0.0,2025-12,2025-12.xlsx,6778.0
512,INDORE,NASIK,593.0,506.0,0.0,0.0,0.0,0.0,2025-12,2025-12.xlsx,1099.0
513,INDORE,PUNE,11857.0,12231.0,23.773000000000003,53.137,0.739,0.496,2025-12,2025-12.xlsx,24088.0
514,INDORE,RAIPUR,5925.0,5537.0,1.552,0.482,0.59,1.84,2025-12,2025-12.xlsx,11462.0
515,INDORE,REWA,516.0,511.0,0.0,0.0,0.0,0.0,2025-12,2025-12.xlsx,1027.0
516,INDORE,UDAIPUR,1088.0,1057.0,0.0,0.0,0.0,0.0,2025-12,2025-12.xlsx,2145.0
517,INDORE,VISAKHAPATNAM,186.0,177.0,0.005,0.025,0.0,0.0,2025-12,2025-12.xlsx,363.0
518,Itanagar,KOLKATA,2933.0,3540.0,0.005,0.57,0.0,0.0,2025-12,2025-12.xlsx,6473.0
519,Itanagar,TEZU,11.0,15.0,0.0,0.0,0.0,0.0,2025-12,2025-12.xlsx,26.0
520,Itanagar,Ziro,3.0,10.0,0.0,0.0,0.0,0.0,2025-12,2025-12.xlsx,13.0
521,JABALPUR,JAGDALPUR,263.0,227.0,0.0,0.0,0.0,0.0,2025-12,2025-12.xlsx,490.0
522,JABALPUR,MUMBAI,4874.0,4373.0,4.503,0.531,0.0,5.384,2025-12,2025-12.xlsx,9247.0
523,JAIPUR,JAISALMER,2098.0,2089.0,0.0,0.0,0.0,0.0,2025-12,2025-12.xlsx,4187.0
524,JAIPUR,JODHPUR,1657.0,1286.0,0.0,0.0,0.0,0.0,2025-12,2025-12.xlsx,2943.0
525,JAIPUR,KOCHI,123.0,326.0,0.424,0.098,0.0,0.0,2025-12,2025-12.xlsx,449.0
526,JAIPUR,KOLKATA,21435.0,20175.0,137.713,65.675,1.812,2.807,2025-12,2025-12.xlsx,41610.0
527,JAIPUR,KULLU,317.0,153.0,0.0,0.0,0.0,0.0,2025-12,2025-12.xlsx,470.0
528,JAIPUR,LUCKNOW,2153.0,2270.0,0.046,0.011,0.0,0.782,2025-12,2025-12.xlsx,4423.0
529,JAIPUR,MUMBAI,57186.0,56349.0,324.79624679999995,285.27913579999995,5.463,19.573929000000003,2025-12,2025-12.xlsx,113535.0
530,JAIPUR,NAGPUR,628.0,529.0,0.0,0.002,0.0,0.0,2025-12,2025-12.xlsx,1157.0
531,JAIPUR,NASIK,144.0,139.0,0.0,0.0,0.0,0.0,2025-12,2025-12.xlsx,283.0
532,JAIPUR,PUNE,12157.0,12602.0,46.46419,16.1,0.0,0.0,2025-12,2025-12.xlsx,24759.0
533,JAIPUR,SRINAGAR,120.0,0.0,0.0,0.0,0.0,0.0,2025-12,2025-12.xlsx,120.0
534,JAIPUR,SURAT,5810.0,5349.0,4.892,1.386,0.026,0.284,2025-12,2025-12.xlsx,11159.0
535,JAIPUR,UDAIPUR,3813.0,3398.0,0.0,0.002,0.0,0.0,2025-12,2025-12.xlsx,7211.0
536,JAISALMER,KOLKATA,112.0,123.0,0.0,0.0,0.0,0.0,2025-12,2025-12.xlsx,235.0
537,JAISALMER,MUMBAI,4730.0,4579.0,0.0,0.196,0.0,0.0,2025-12,2025-12.xlsx,9309.0
538,JALGAON,MUMBAI,1070.0,832.0,0.0,0.0,0.0,0.0,2025-12,2025-12.xlsx,1902.0
539,JALGAON,PUNE,1824.0,1881.0,0.0,0.0,0.0,0.0,2025-12,2025-12.xlsx,3705.0
540,JAMMU,LEH,2568.0,3685.0,0.3025,0.002,0.0038,0.0,2025-12,2025-12.xlsx,6253.0
541,JAMMU,MUMBAI,3610.0,4514.0,0.0,8.115,0.0,1.656,2025-12,2025-12.xlsx,8124.0
542,JAMMU,SRINAGAR,15645.0,12949.0,9.9286,0.2445,0.0,4.079,2025-12,2025-12.xlsx,28594.0
543,JAMNAGAR,MUMBAI,4956.0,5217.0,1.1545,4.1275,0.0,0.0,2025-12,2025-12.xlsx,10173.0
544,JAMNAGAR,SURAT,1089.0,1226.0,0.0,0.0,0.0,0.0,2025-12,2025-12.xlsx,2315.0
545,JAMSHEDPUR,KOLKATA,183.0,156.0,0.0,0.0,0.0,0.0,2025-12,2025-12.xlsx,339.0
546,JEYPORE,VISAKHAPATNAM,167.0,149.0,0.0,0.0,0.0,0.0,2025-12,2025-12.xlsx,316.0
547,JHARSUGUDA,KOLKATA,2123.0,2083.0,0.0,0.0,0.0,0.0,2025-12,2025-12.xlsx,4206.0
548,JHARSUGUDA,LUCKNOW,927.0,1215.0,0.0,0.0,0.0,0.0,2025-12,2025-12.xlsx,2142.0
549,JHARSUGUDA,MUMBAI,4514.0,4408.0,0.0,0.142,0.0,0.0,2025-12,2025-12.xlsx,8922.0
550,JODHPUR,MUMBAI,17996.0,18034.0,2.666,5.997999999999999,1.92409,7.695369000000001,2025-12,2025-12.xlsx,36030.0
551,JODHPUR,PUNE,4936.0,4576.0,1.654,0.24,0.387,0.0,2025-12,2025-12.xlsx,9512.0
552,JORHAT,KOLKATA,5396.0,6096.0,2.132,2.883,0.0,0.0,2025-12,2025-12.xlsx,11492.0
553,Cuddapah,VIJAYAWADA,397.0,329.0,0.0,0.323,0.0,0.0,2025-12,2025-12.xlsx,726.0
554,KANDLA,MUMBAI,1351.0,1694.0,0.0,0.0,0.0,0.0,2025-12,2025-12.xlsx,3045.0
555,KANNUR,KOCHI,1500.0,1350.0,0.004,0.009,0.0,0.0,2025-12,2025-12.xlsx,2850.0
556,KANNUR,MUMBAI,3313.0,3625.0,0.014,1.213,0.0,0.38,2025-12,2025-12.xlsx,6938.0
557,KANNUR,TRIVANDRUM,2335.0,2020.0,0.033,0.12300000000000001,0.0,0.0,2025-12,2025-12.xlsx,4355.0
558,KANPUR,MUMBAI,4874.0,4356.0,1.209,7.34,0.0,1.707,2025-12,2025-12.xlsx,9230.0
559,KHAJURAHO,MUMBAI,0.0,23.0,0.0,0.4,0.0,0.0,2025-12,2025-12.xlsx,23.0
560,KHAJURAHO,VARANASI,1404.0,1370.0,0.0,0.0,0.0,0.0,2025-12,2025-12.xlsx,2774.0
561,KOCHI,KOLKATA,2983.0,2900.0,7.103,10.876,1.371,0.0,2025-12,2025-12.xlsx,5883.0
562,KOCHI,KOZHIKODE,970.0,605.0,0.0,0.0,0.0,0.0,2025-12,2025-12.xlsx,1575.0
563,KOCHI,LUCKNOW,170.0,92.0,0.019,0.132,0.0,0.19,2025-12,2025-12.xlsx,262.0
564,KOCHI,MUMBAI,50622.0,54779.0,122.2985,326.38478,30.471654,17.395656,2025-12,2025-12.xlsx,105401.0
565,KOCHI,PATNA,181.0,259.0,1.09,0.0,0.0,0.0,2025-12,2025-12.xlsx,440.0
566,KOCHI,PUNE,9256.0,10026.0,17.106,7.719,0.0,0.0,2025-12,2025-12.xlsx,19282.0
567,KOCHI,RAIPUR,218.0,498.0,0.177,0.0,0.0,0.131,2025-12,2025-12.xlsx,716.0
568,KOCHI,SALEM,303.0,373.0,0.0,0.0,0.0,0.0,2025-12,2025-12.xlsx,676.0
569,KOCHI,TRIVANDRUM,1759.0,1964.0,0.0,0.0,0.0,0.0,2025-12,2025-12.xlsx,3723.0
570,KOCHI,VARANASI,274.0,349.0,0.09,0.016,0.0,0.0,2025-12,2025-12.xlsx,623.0
571,KOLHAPUR,MUMBAI,1942.0,2134.0,0.0,0.0,0.0,0.0,2025-12,2025-12.xlsx,4076.0
572,KOLHAPUR,TIRUPATI,102.0,336.0,0.0,0.0,0.0,0.0,2025-12,2025-12.xlsx,438.0
573,KOLKATA,LILABARI,743.0,907.0,0.0,0.0,0.0,0.0,2025-12,2025-12.xlsx,1650.0
574,KOLKATA,LUCKNOW,8488.0,9361.0,36.788,27.474,8.682,1.676,2025-12,2025-12.xlsx,17849.0
575,KOLKATA,MUMBAI,93389.0,95733.0,750.32764,1049.8455035,20.30974,21.79609599999999,2025-12,2025-12.xlsx,189122.0
576,KOLKATA,NAGPUR,7691.0,7009.0,9.977,23.236,0.046,3.646,2025-12,2025-12.xlsx,14700.0
577,KOLKATA,PATNA,12349.0,14530.0,30.376,8.398,21.317,6.457,2025-12,2025-12.xlsx,26879.0
578,KOLKATA,PORT BLAIR,37972.0,34440.0,299.53407000000004,148.24033,22.69428,0.0,2025-12,2025-12.xlsx,72412.0
579,KOLKATA,PUNE,17911.0,19822.0,65.77904,144.744,5.60094,2.803,2025-12,2025-12.xlsx,37733.0
580,KOLKATA,RAIPUR,11139.0,11132.0,22.493,1.992,3.001,2.01,2025-12,2025-12.xlsx,22271.0
581,KOLKATA,RANCHI,6562.0,7074.0,0.881,0.287,0.356,2.025,2025-12,2025-12.xlsx,13636.0
582,KOLKATA,RUPSI,251.0,257.0,0.0,0.0,0.0,0.0,2025-12,2025-12.xlsx,508.0
583,KOLKATA,SHILLONG,3036.0,2488.0,0.025,0.0,0.0,0.0,2025-12,2025-12.xlsx,5524.0
584,KOLKATA,SILCHAR,9561.0,9048.0,50.814,0.199,0.945,0.0,2025-12,2025-12.xlsx,18609.0
585,KOLKATA,SRINAGAR,2191.0,1993.0,0.294,8.358,0.036,0.0,2025-12,2025-12.xlsx,4184.0
586,KOLKATA,SURAT,6157.0,6267.0,34.841,67.897,0.0,0.151,2025-12,2025-12.xlsx,12424.0
587,KOLKATA,UDAIPUR,35.0,3.0,0.0,0.0,0.0,0.0,2025-12,2025-12.xlsx,38.0
588,KOLKATA,VARANASI,9102.0,9793.0,4.673,11.514,4.225,0.0,2025-12,2025-12.xlsx,18895.0
589,KOLKATA,VISAKHAPATNAM,4552.0,4627.0,1.222,2.195,0.0,0.0,2025-12,2025-12.xlsx,9179.0
590,KOLKATA,Ghaziabad,3974.0,4327.0,0.0,0.0,0.0,0.0,2025-12,2025-12.xlsx,8301.0
591,KOLKATA,Purnea,2789.0,3378.0,0.245,0.0,0.0,0.0,2025-12,2025-12.xlsx,6167.0
592,KOZHIKODE,MUMBAI,6137.0,7010.0,0.002,4.2365,0.0,2.579,2025-12,2025-12.xlsx,13147.0
593,KURNOOL,VIJAYAWADA,194.0,265.0,0.0,0.0,0.0,0.0,2025-12,2025-12.xlsx,459.0
594,KURNOOL,VISAKHAPATNAM,245.0,226.0,0.0,0.226,0.0,0.0,2025-12,2025-12.xlsx,471.0
595,LEH,SRINAGAR,1162.0,745.0,0.015,3.2815,0.0,1.400968,2025-12,2025-12.xlsx,1907.0
596,LUCKNOW,MUMBAI,30602.0,29481.0,37.9915,140.0445814,3.611,20.954216,2025-12,2025-12.xlsx,60083.0
597,LUCKNOW,NAGPUR,0.0,51.0,0.0,0.0,0.0,0.0,2025-12,2025-12.xlsx,51.0
598,LUCKNOW,PATNA,4078.0,4159.0,3.363,0.068,3.244,11.161,2025-12,2025-12.xlsx,8237.0
599,LUCKNOW,PUNE,10659.0,9861.0,47.522,39.347,0.36,0.693,2025-12,2025-12.xlsx,20520.0
600,LUCKNOW,RAIPUR,3521.0,3209.0,2.325,0.339,0.708,0.698,2025-12,2025-12.xlsx,6730.0
601,LUCKNOW,RANCHI,843.0,855.0,2.966,2.346,0.663,0.0,2025-12,2025-12.xlsx,1698.0
602,MADURAI,MUMBAI,4535.0,4931.0,19.333,6.608,0.0,5.04,2025-12,2025-12.xlsx,9466.0
603,Malvan,PUNE,1783.0,1881.0,0.0,0.0,0.0,0.0,2025-12,2025-12.xlsx,3664.0
604,MANGALORE,MUMBAI,18178.0,19468.0,3.872,9.36,59.78,1.359,2025-12,2025-12.xlsx,37646.0
605,MANGALORE,TRIVANDRUM,1287.0,941.0,0.0,0.0,0.0,0.0,2025-12,2025-12.xlsx,2228.0
606,MUMBAI,NAGPUR,27671.0,27318.0,135.266,98.7315,36.482862999999995,13.001800000000001,2025-12,2025-12.xlsx,54989.0
607,MUMBAI,NANDED,190.0,210.0,0.0,0.0,0.0,0.0,2025-12,2025-12.xlsx,400.0
608,MUMBAI,PATNA,17713.0,18394.0,165.75857399999995,32.76237,5.94994,2.92206,2025-12,2025-12.xlsx,36107.0
609,MUMBAI,PORBANDAR,626.0,407.0,0.0,0.0,0.0,0.0,2025-12,2025-12.xlsx,1033.0
610,MUMBAI,PORT BLAIR,5235.0,4934.0,16.029,1.886,0.993,0.0,2025-12,2025-12.xlsx,10169.0
611,MUMBAI,RAIPUR,14344.0,13886.0,70.354,35.768,7.006,2.54,2025-12,2025-12.xlsx,28230.0
612,MUMBAI,RAJAHMUNDRY,2064.0,1699.0,0.476,0.142,0.0,0.0,2025-12,2025-12.xlsx,3763.0
613,MUMBAI,Rajkot,23588.0,22083.0,12.873999999999999,86.02550000000001,12.102979999999995,1.941,2025-12,2025-12.xlsx,45671.0
614,MUMBAI,RANCHI,9052.0,9006.0,55.199,13.677,2.759,1.397,2025-12,2025-12.xlsx,18058.0
615,MUMBAI,SHOLAPUR,1435.0,1435.0,0.0,0.0,0.0,0.0,2025-12,2025-12.xlsx,2870.0
616,MUMBAI,SRINAGAR,9525.0,10607.0,28.281,22.884,3.7417,2.146,2025-12,2025-12.xlsx,20132.0
617,MUMBAI,SURAT,128.0,50.0,0.0,0.0,0.0,0.0,2025-12,2025-12.xlsx,178.0
618,MUMBAI,TIRUCHIRAPALLY,2864.0,2601.0,0.107,0.0,0.149,0.0,2025-12,2025-12.xlsx,5465.0
619,MUMBAI,TIRUPATI,5126.0,4755.0,0.728,0.034,0.586,0.204,2025-12,2025-12.xlsx,9881.0
620,MUMBAI,TRIVANDRUM,14426.0,14442.0,31.0645015,11.9795,4.815929999999999,6.2070799999999995,2025-12,2025-12.xlsx,28868.0
621,MUMBAI,UDAIPUR,32314.0,31000.0,33.72553,14.95257,0.0,0.0,2025-12,2025-12.xlsx,63314.0
622,MUMBAI,VADODARA,13356.0,13260.0,20.4325,0.0,11.87838,0.0,2025-12,2025-12.xlsx,26616.0
623,MUMBAI,VARANASI,29240.0,32156.0,98.70701690000001,39.942080000000004,7.803339999999999,0.531,2025-12,2025-12.xlsx,61396.0
624,MUMBAI,VIJAYAWADA,6085.0,5657.0,32.2321624,2.0315,7.822603,0.11900000000000002,2025-12,2025-12.xlsx,11742.0
625,MUMBAI,VISAKHAPATNAM,6396.0,5748.0,20.146,8.239,2.44,1.82,2025-12,2025-12.xlsx,12144.0
626,MUMBAI,Ayodhya,8838.0,10243.0,0.813,0.0,0.0,0.0,2025-12,2025-12.xlsx,19081.0
627,MUMBAI,Ghaziabad,7936.0,8787.0,0.40800000000000003,0.0,0.0,0.0,2025-12,2025-12.xlsx,16723.0
628,MUMBAI,Amravati,225.0,229.0,0.0,0.0,0.0,0.0,2025-12,2025-12.xlsx,454.0
629,NAGPUR,PUNE,12209.0,13399.0,6.559,37.959,8.214,2.959,2025-12,2025-12.xlsx,25608.0
630,NANDED,PUNE,1571.0,1495.0,0.0,0.0,0.0,0.0,2025-12,2025-12.xlsx,3066.0
631,NANDED,Ghaziabad,2615.0,2184.0,0.0,0.0,0.0,0.0,2025-12,2025-12.xlsx,4799.0
632,PASIGHAT,SHILLONG,126.0,155.0,0.0,0.0,0.0,0.0,2025-12,2025-12.xlsx,281.0
633,PATNA,PUNE,5034.0,4401.0,0.336,17.108,1.859,0.867,2025-12,2025-12.xlsx,9435.0
634,PATNA,RANCHI,2974.0,2163.0,0.451,0.05,1.092,0.0,2025-12,2025-12.xlsx,5137.0
635,PATNA,Ghaziabad,3441.0,3405.0,0.0,0.0,0.0,0.0,2025-12,2025-12.xlsx,6846.0
636,PONDICHERRY,RAJAHMUNDRY,13.0,10.0,0.0,0.0,0.0,0.0,2025-12,2025-12.xlsx,23.0
637,PORT BLAIR,VISAKHAPATNAM,2327.0,2425.0,0.344,0.253,0.0,0.0,2025-12,2025-12.xlsx,4752.0
638,PUNE,RAIPUR,5691.0,5810.0,10.802000000000001,0.007,0.436,0.597,2025-12,2025-12.xlsx,11501.0
639,PUNE,Rajkot,2344.0,2109.0,0.224,2.499,0.0,0.0,2025-12,2025-12.xlsx,4453.0
640,PUNE,RANCHI,5666.0,5810.0,33.955,6.102,0.257,0.334,2025-12,2025-12.xlsx,11476.0
641,PUNE,SURAT,1987.0,1899.0,0.011,0.452,0.215,0.005,2025-12,2025-12.xlsx,3886.0
642,PUNE,TRIVANDRUM,2544.0,2404.0,3.135,1.178,0.111,0.0,2025-12,2025-12.xlsx,4948.0
643,PUNE,UDAIPUR,51.0,0.0,0.0,0.0,0.0,0.0,2025-12,2025-12.xlsx,51.0
644,PUNE,VADODARA,2772.0,2730.0,0.152,0.0,0.025,0.0,2025-12,2025-12.xlsx,5502.0
645,PUNE,VARANASI,6060.0,6714.0,0.82398,27.011839999999992,0.022,0.0,2025-12,2025-12.xlsx,12774.0
646,RAIPUR,RANCHI,38.0,0.0,0.0,0.0,0.0,0.0,2025-12,2025-12.xlsx,38.0
647,RAIPUR,VISAKHAPATNAM,1778.0,1914.0,0.054,0.063,0.0,0.0,2025-12,2025-12.xlsx,3692.0
648,RAJAHMUNDRY,TIRUPATI,535.0,356.0,0.0,0.0,0.0,0.0,2025-12,2025-12.xlsx,891.0
649,Shivamogga,TIRUPATI,1742.0,1975.0,0.0,0.0,0.0,0.0,2025-12,2025-12.xlsx,3717.0
650,TIRUCHIRAPALLY,TRIVANDRUM,2626.0,835.0,0.088,0.405,0.0,0.0,2025-12,2025-12.xlsx,3461.0
651,TIRUPATI,VIJAYAWADA,1380.0,1733.0,0.208,0.0,4.51,0.0,2025-12,2025-12.xlsx,3113.0
652,TIRUPATI,VISAKHAPATNAM,1990.0,2080.0,0.046,0.014,0.0,0.178,2025-12,2025-12.xlsx,4070.0
653,TRIVANDRUM,VISAKHAPATNAM,4.0,0.0,0.0,0.0,0.0,0.0,2025-12,2025-12.xlsx,4.0
654,VARANASI,VISAKHAPATNAM,442.0,291.0,0.163,0.0,0.0,0.0,2025-12,2025-12.xlsx,733.0
655,VARANASI,Ghaziabad,1650.0,1628.0,0.0,0.0,0.0,0.0,2025-12,2025-12.xlsx,3278.0
656,VIJAYAWADA,VISAKHAPATNAM,6353.0,4700.0,0.016,0.33,0.0,0.517,2025-12,2025-12.xlsx,11053.0
657,MUMBAI,BENGALURU,2029.0,1569.0,0.0,0.479,0.0,0.0,2025-12,2025-12.xlsx,3598.0
658,MUMBAI,DELHI,3624.0,3674.0,0.0,2.058,0.0,0.0,2025-12,2025-12.xlsx,7298.0
659,MUMBAI,Goa,3274.0,3079.0,0.0,0.0,0.0,0.0,2025-12,2025-12.xlsx,6353.0
660,MUMBAI,KOCHI,2060.0,1773.0,0.0,0.0,0.0,0.0,2025-12,2025-12.xlsx,3833.0
661,MUMBAI,AHMEDABAD,1297.0,1336.0,0.0,0.0,0.0,0.0,2025-12,2025-12.xlsx,2633.0
662,MUMBAI,NAGPUR,975.0,1091.0,0.0,0.01,0.0,0.0,2025-12,2025-12.xlsx,2066.0
663,MUMBAI,VADODARA,117.0,327.0,0.0,0.0,0.0,0.0,2025-12,2025-12.xlsx,444.0
664,MUMBAI,COIMBATORE,349.0,539.0,0.0,0.0,0.0,0.0,2025-12,2025-12.xlsx,888.0
665,MUMBAI,JAIPUR,945.0,1056.0,0.0,0.0,0.0,0.0,2025-12,2025-12.xlsx,2001.0
666,MUMBAI,MANGALORE,1082.0,1140.0,0.0,0.0,0.0,0.0,2025-12,2025-12.xlsx,2222.0
667,MUMBAI,CHENNAI,288.0,287.0,0.0,0.0,0.0,0.0,2025-12,2025-12.xlsx,575.0
668,MUMBAI,LUCKNOW,945.0,1242.0,0.0,0.14,0.0,0.0,2025-12,2025-12.xlsx,2187.0
669,MUMBAI,HYDERABAD,1084.0,1143.0,0.0,0.0,0.0,0.0,2025-12,2025-12.xlsx,2227.0
1,Adampur,Ghaziabad,1139.0,1514.0,0.0,0.0,0.0,0.0,2026-01,2026-01.xlsx,2653.0
2,Adampur,Mumbai,5278.0,5380.0,0.0,0.083,0.0,0.0,2026-01,2026-01.xlsx,10658.0
3,Adampur,Nanded,578.0,0.0,0.0,0.0,0.0,0.0,2026-01,2026-01.xlsx,578.0
4,Agartala,Ahmedabad,0.0,206.0,0.0,0.793,0.0,0.0,2026-01,2026-01.xlsx,206.0
5,Agartala,Bagdogra,2221.0,4287.0,0.0,0.0,0.0,0.0,2026-01,2026-01.xlsx,6508.0
6,Agartala,Bengaluru,4007.0,4382.0,19.084,6.047,0.0,0.567,2026-01,2026-01.xlsx,8389.0
7,Agartala,Chennai,327.0,320.0,0.003,0.001,0.0,0.0,2026-01,2026-01.xlsx,647.0
8,Agartala,Delhi,6524.0,6970.0,15.369,45.264,1.375,4.984,2026-01,2026-01.xlsx,13494.0
9,Agartala,Dibrugarh,858.0,777.0,0.081,0.021,0.0,0.0,2026-01,2026-01.xlsx,1635.0
10,Agartala,Guwahati,10097.0,10530.0,3.025,54.803,1.625,5.07576,2026-01,2026-01.xlsx,20627.0
11,Agartala,Hyderabad,3245.0,3410.0,7.662,1.805,0.0,0.001,2026-01,2026-01.xlsx,6655.0
12,Agartala,Imphal,1674.0,1712.0,0.335,21.513,0.0,0.0,2026-01,2026-01.xlsx,3386.0
13,Agartala,Kolkata,35231.0,41179.0,16.058,222.374,4.149,1.281,2026-01,2026-01.xlsx,76410.0
14,Agartala,Silchar,797.0,471.0,0.0,0.0,0.0,0.0,2026-01,2026-01.xlsx,1268.0
15,Agatti Island,Bengaluru,936.0,1021.0,0.0,0.268,0.0,0.0,2026-01,2026-01.xlsx,1957.0
16,Agatti Island,"Goa (Mopa, North Goa)",1529.0,1891.0,0.0,0.0,0.0,0.0,2026-01,2026-01.xlsx,3420.0
17,Agatti Island,Kochi,2945.0,3646.0,0.0,0.0,0.0,0.0,2026-01,2026-01.xlsx,6591.0
18,Agatti Island,Kozhikode,171.0,334.0,0.0,0.0,0.0,0.0,2026-01,2026-01.xlsx,505.0
19,Agra,Ahmedabad,2157.0,2168.0,0.169,0.016,0.0,0.0,2026-01,2026-01.xlsx,4325.0
20,Agra,Bengaluru,5358.0,4780.0,0.846,3.03,0.0,0.0,2026-01,2026-01.xlsx,10138.0
21,Agra,Delhi,0.0,60.0,0.0,0.0,0.0,0.0,2026-01,2026-01.xlsx,60.0
22,Agra,Hyderabad,2076.0,2123.0,1.018,0.566,0.0,0.0,2026-01,2026-01.xlsx,4199.0
23,Agra,Mumbai,2626.0,2804.0,0.04,0.426,0.0,0.0,2026-01,2026-01.xlsx,5430.0
24,Ahmedabad,Amritsar,4520.0,4369.0,0.306,12.977,0.004,0.0,2026-01,2026-01.xlsx,8889.0
25,Ahmedabad,Ayodhya,3465.0,2684.0,0.002,2.051,0.0,0.0,2026-01,2026-01.xlsx,6149.0
26,Ahmedabad,Bagdogra,5381.0,4908.0,9.0749,22.403,2.183,0.149,2026-01,2026-01.xlsx,10289.0
27,Ahmedabad,Belgaum,1704.0,1563.0,0.0,0.0,0.0,0.0,2026-01,2026-01.xlsx,3267.0
28,Ahmedabad,Bengaluru,50114.0,49110.0,459.53163,337.65824,2.263,7.41904,2026-01,2026-01.xlsx,99224.0
29,Ahmedabad,Bhopal,4173.0,4306.0,0.086,0.0,0.286,0.818,2026-01,2026-01.xlsx,8479.0
30,Ahmedabad,Bhubaneswar,4845.0,5031.0,21.948,1.433,3.766,1.007,2026-01,2026-01.xlsx,9876.0
31,Ahmedabad,Chandigarh,10401.0,10201.0,22.889,33.558,1.89,1.26,2026-01,2026-01.xlsx,20602.0
32,Ahmedabad,Chennai,27804.0,27144.0,246.1971,234.34387,1.662,4.486,2026-01,2026-01.xlsx,54948.0
33,Ahmedabad,Coimbatore,4431.0,4682.0,26.23,23.671,0.0,1.062,2026-01,2026-01.xlsx,9113.0
34,Ahmedabad,Dehradun,5183.0,4787.0,3.685,0.167,0.544,0.233,2026-01,2026-01.xlsx,9970.0
35,Ahmedabad,Delhi,107213.0,106908.0,1867.3134955,1508.0505969,7.1858,22.2749,2026-01,2026-01.xlsx,214121.0
36,Ahmedabad,Dibrugarh,160.0,244.0,1.506,0.823,0.0,0.066,2026-01,2026-01.xlsx,404.0
37,Ahmedabad,Diu,2398.0,2323.0,0.061,0.0,0.0,0.0,2026-01,2026-01.xlsx,4721.0
38,Ahmedabad,Durgapur,118.0,157.0,0.278,4.53,0.0,0.0,2026-01,2026-01.xlsx,275.0
39,Ahmedabad,Ghaziabad,5323.0,4989.0,0.0,0.0,0.0,0.0,2026-01,2026-01.xlsx,10312.0
40,Ahmedabad,"Goa (Dabolim, South Goa)",17061.0,17048.0,10.255,9.189,0.0,0.229,2026-01,2026-01.xlsx,34109.0
41,Ahmedabad,"Goa (Mopa, North Goa)",13432.0,14219.0,16.235,2.622,0.0,0.0,2026-01,2026-01.xlsx,27651.0
42,Ahmedabad,Guwahati,5060.0,4945.0,26.041,6.568,0.595,0.045,2026-01,2026-01.xlsx,10005.0
43,Ahmedabad,Hyderabad,24239.0,22980.0,170.168,88.413,1.783,2.011,2026-01,2026-01.xlsx,47219.0
44,Ahmedabad,Indore,6464.0,6427.0,0.2,0.055,0.69,1.488,2026-01,2026-01.xlsx,12891.0
45,Ahmedabad,Jaipur,10644.0,10284.0,5.083,6.521,1.292,0.0,2026-01,2026-01.xlsx,20928.0
46,Ahmedabad,Jalgaon,519.0,494.0,0.0,0.0,0.0,0.0,2026-01,2026-01.xlsx,1013.0
47,Ahmedabad,Jammu,3077.0,3123.0,2.773,0.0,0.006,0.0,2026-01,2026-01.xlsx,6200.0
48,Ahmedabad,Jamnagar,1276.0,1313.0,0.0,0.0,0.0,0.0,2026-01,2026-01.xlsx,2589.0
49,Ahmedabad,Jodhpur,1532.0,1814.0,0.0,0.0,0.0,0.0,2026-01,2026-01.xlsx,3346.0
50,Ahmedabad,Keshod,284.0,216.0,0.0,0.0,0.0,0.0,2026-01,2026-01.xlsx,500.0
51,Ahmedabad,Kishangarh,1688.0,1908.0,0.044,0.0,0.0,0.0,2026-01,2026-01.xlsx,3596.0
52,Ahmedabad,Kochi,5126.0,5219.0,35.497,17.743,1.084,2.384,2026-01,2026-01.xlsx,10345.0
53,Ahmedabad,Kolhapur,258.0,269.0,0.0,0.0,0.0,0.0,2026-01,2026-01.xlsx,527.0
54,Ahmedabad,Kolkata,31727.0,29607.0,256.88371,154.90432,2.601,1.72061,2026-01,2026-01.xlsx,61334.0
55,Ahmedabad,Lucknow,12484.0,11691.0,45.201,17.35,0.0,2.322,2026-01,2026-01.xlsx,24175.0
56,Ahmedabad,Mumbai,91101.0,89237.0,950.5565523,686.6918835,18.8166,39.585827,2026-01,2026-01.xlsx,180338.0
57,Ahmedabad,Mumbai,5391.0,6229.0,0.0,8.143,0.0,0.0,2026-01,2026-01.xlsx,11620.0
58,Ahmedabad,Nagpur,4173.0,4211.0,0.055,0.106,0.643,6.746,2026-01,2026-01.xlsx,8384.0
59,Ahmedabad,Nanded,1637.0,1481.0,0.0,0.0,0.0,0.0,2026-01,2026-01.xlsx,3118.0
60,Ahmedabad,Nashik,2246.0,2257.0,0.0,0.0,0.0,0.0,2026-01,2026-01.xlsx,4503.0
61,Ahmedabad,Patna,6059.0,4783.0,40.698,2.624,2.767,3.264,2026-01,2026-01.xlsx,10842.0
62,Ahmedabad,Port Blair,326.0,354.0,0.0,0.0,0.0,0.0,2026-01,2026-01.xlsx,680.0
63,Ahmedabad,Pune,22044.0,22594.0,82.16307,122.619,3.53684,2.089,2026-01,2026-01.xlsx,44638.0
64,Ahmedabad,Purnea,2565.0,2499.0,0.0,0.0,0.0,0.0,2026-01,2026-01.xlsx,5064.0
65,Ahmedabad,Raipur,4484.0,5048.0,19.08,0.489,1.188,0.085,2026-01,2026-01.xlsx,9532.0
66,Ahmedabad,Ranchi,5140.0,5035.0,10.113,4.435,1.523,1.055,2026-01,2026-01.xlsx,10175.0
67,Ahmedabad,Srinagar,6396.0,5765.0,0.901,0.241,0.858,0.0,2026-01,2026-01.xlsx,12161.0
68,Ahmedabad,Udaipur,0.0,17.0,0.0,0.4,0.0,0.0,2026-01,2026-01.xlsx,17.0
69,Ahmedabad,Varanasi,4349.0,5140.0,5.229,8.6,0.0,0.131,2026-01,2026-01.xlsx,9489.0
70,Ahmedabad,Vishakhapatnam (Visakhapatnam),202.0,0.0,2.3,0.0,0.0,0.0,2026-01,2026-01.xlsx,202.0
71,Aizawl,Delhi,6531.0,5363.0,13.328,23.16,0.256,1.336,2026-01,2026-01.xlsx,11894.0
72,Aizawl,Guwahati,6382.0,4872.0,2.471,5.361,8.26,4.487,2026-01,2026-01.xlsx,11254.0
73,Aizawl,Kolkata,5683.0,5364.0,32.542,7.449,10.147,6.635,2026-01,2026-01.xlsx,11047.0
74,Aizawl,Lucknow,107.0,30.0,0.0,0.0,0.0,0.0,2026-01,2026-01.xlsx,137.0
75,Aizawl,Shillong,402.0,173.0,0.0,0.0,0.0,0.0,2026-01,2026-01.xlsx,575.0
76,Allahabad (Prayagraj),Bengaluru,3753.0,3337.0,0.056,0.941,1.223,1.25,2026-01,2026-01.xlsx,7090.0
77,Allahabad (Prayagraj),Bhubaneswar,892.0,941.0,0.0,0.0,0.0,0.638,2026-01,2026-01.xlsx,1833.0
78,Allahabad (Prayagraj),Bilaspur,189.0,314.0,0.0,0.0,0.0,0.0,2026-01,2026-01.xlsx,503.0
79,Allahabad (Prayagraj),Delhi,5110.0,4564.0,0.046,1.631,0.015,24.332,2026-01,2026-01.xlsx,9674.0
80,Allahabad (Prayagraj),Hyderabad,1578.0,1574.0,0.0,0.224,0.5,1.336,2026-01,2026-01.xlsx,3152.0
81,Allahabad (Prayagraj),Mumbai,10547.0,11410.0,0.0,1.108,0.711,7.186,2026-01,2026-01.xlsx,21957.0
82,Amravati,Mumbai,799.0,778.0,0.0,0.0,0.0,0.0,2026-01,2026-01.xlsx,1577.0
83,Amritsar,Bengaluru,4953.0,5502.0,11.604,1.921,0.0,1.918,2026-01,2026-01.xlsx,10455.0
84,Amritsar,Chennai,183.0,172.0,0.119,0.322,0.0,0.0,2026-01,2026-01.xlsx,355.0
85,Amritsar,Delhi,49163.0,51031.0,35.6705,26.9555,0.0,0.02612,2026-01,2026-01.xlsx,100194.0
86,Amritsar,Guwahati,203.0,0.0,0.0,0.0,0.0,0.0,2026-01,2026-01.xlsx,203.0
87,Amritsar,Hyderabad,2527.0,2752.0,5.853,0.175,0.0,0.253,2026-01,2026-01.xlsx,5279.0
88,Amritsar,Kolkata,2061.0,2165.0,0.002,0.279,0.0,0.0,2026-01,2026-01.xlsx,4226.0
89,Amritsar,Kullu,155.0,105.0,0.0,0.0,0.0,0.0,2026-01,2026-01.xlsx,260.0
90,Amritsar,Mumbai,14410.0,14798.0,3.8915,27.1705,0.0,4.12394,2026-01,2026-01.xlsx,29208.0
91,Amritsar,Pune,4146.0,4218.0,3.625,1.313,0.0,0.005,2026-01,2026-01.xlsx,8364.0
92,Amritsar,Srinagar,5894.0,5072.0,0.382,1.354,0.0,0.0,2026-01,2026-01.xlsx,10966.0
93,Aurangabad,Bengaluru,2336.0,2210.0,0.0,1.302,0.0,0.043,2026-01,2026-01.xlsx,4546.0
94,Aurangabad,Coimbatore,45.0,73.0,0.0,0.0,0.0,0.0,2026-01,2026-01.xlsx,118.0
95,Aurangabad,Delhi,13368.0,12917.0,0.0,109.8825,0.08,7.5611,2026-01,2026-01.xlsx,26285.0
96,Aurangabad,"Goa (Dabolim, South Goa)",931.0,924.0,0.0,0.0,0.0,0.0,2026-01,2026-01.xlsx,1855.0
97,Aurangabad,Hyderabad,2323.0,1754.0,0.0,0.13,0.0,1.07,2026-01,2026-01.xlsx,4077.0
98,Aurangabad,Mumbai,10213.0,10403.0,0.0,9.657,1.231,20.785,2026-01,2026-01.xlsx,20616.0
99,Ayodhya,Bengaluru,5534.0,4396.0,0.0,0.14,0.0,0.0,2026-01,2026-01.xlsx,9930.0
100,Ayodhya,Delhi,14393.0,14507.0,0.0,0.706,0.0,0.0,2026-01,2026-01.xlsx,28900.0
101,Ayodhya,Hisar,41.0,139.0,0.0,0.0,0.0,0.0,2026-01,2026-01.xlsx,180.0
102,Ayodhya,Hyderabad,4029.0,3622.0,0.0,0.001,0.0,0.0,2026-01,2026-01.xlsx,7651.0
103,Ayodhya,Mumbai,7827.0,7483.0,0.0,2.251,0.0,0.0,2026-01,2026-01.xlsx,15310.0
104,Bagdogra,Bengaluru,21388.0,17105.0,51.77973,12.693,0.0,1.952,2026-01,2026-01.xlsx,38493.0
105,Bagdogra,Bhubaneswar,746.0,711.0,0.0,0.0,0.0,0.127,2026-01,2026-01.xlsx,1457.0
106,Bagdogra,Chennai,5951.0,6644.0,12.395,3.64,1.381,0.569,2026-01,2026-01.xlsx,12595.0
107,Bagdogra,Delhi,55188.0,54853.0,101.59169,309.11385,3.417,6.3889,2026-01,2026-01.xlsx,110041.0
108,Bagdogra,Dibrugarh,4089.0,4206.0,0.347,0.044,0.0,0.0,2026-01,2026-01.xlsx,8295.0
109,Bagdogra,Durgapur,434.0,374.0,0.0,0.0,0.0,0.0,2026-01,2026-01.xlsx,808.0
110,Bagdogra,Guwahati,1315.0,6790.0,2.315,27.04611,0.0,2.14202,2026-01,2026-01.xlsx,8105.0
111,Bagdogra,Hyderabad,16343.0,16639.0,40.633,10.219,0.666,0.941,2026-01,2026-01.xlsx,32982.0
112,Bagdogra,Imphal,3469.0,4852.0,0.0,0.0,0.0,0.0,2026-01,2026-01.xlsx,8321.0
113,Bagdogra,Kolkata,28407.0,28386.0,31.85649,22.43916,8.15,4.699,2026-01,2026-01.xlsx,56793.0
114,Bagdogra,Mumbai,25279.0,26959.0,30.62787,66.92272,2.074,6.87295,2026-01,2026-01.xlsx,52238.0
115,Bareilly,Bengaluru,2308.0,2160.0,0.0,0.04,0.0,0.0,2026-01,2026-01.xlsx,4468.0
116,Bareilly,Mumbai,3304.0,3356.0,0.0,0.49,0.0,0.0,2026-01,2026-01.xlsx,6660.0
117,Bathinda,Delhi,461.0,522.0,0.0,0.0,0.0,0.0,2026-01,2026-01.xlsx,983.0
118,Belgaum,Bengaluru,4399.0,4176.0,0.049,0.197,0.0,0.0,2026-01,2026-01.xlsx,8575.0
119,Belgaum,Delhi,3840.0,3381.0,0.072,0.835,0.0,0.0,2026-01,2026-01.xlsx,7221.0
120,Belgaum,Hyderabad,2056.0,2043.0,0.012,0.003,0.0,0.0,2026-01,2026-01.xlsx,4099.0
121,Belgaum,Jaipur,490.0,450.0,0.0,0.0,0.0,0.0,2026-01,2026-01.xlsx,940.0
122,Bengaluru,Bhopal,10824.0,11603.0,32.079,15.793,8.022,2.052,2026-01,2026-01.xlsx,22427.0
123,Bengaluru,Bhubaneswar,43447.0,45314.0,151.51708,32.636,11.8427,0.054,2026-01,2026-01.xlsx,88761.0
124,Bengaluru,Bidar,1485.0,1639.0,0.0,0.0,0.0,0.0,2026-01,2026-01.xlsx,3124.0
125,Bengaluru,Chandigarh,24191.0,24098.0,216.134,156.768,8.774,0.0,2026-01,2026-01.xlsx,48289.0
126,Bengaluru,Chennai,62794.0,67618.0,846.56747,558.20621,18.024,21.496,2026-01,2026-01.xlsx,130412.0
127,Bengaluru,Coimbatore,18012.0,18810.0,31.3,18.691,7.178,2.469,2026-01,2026-01.xlsx,36822.0
128,Bengaluru,Darbhanga,814.0,863.0,0.432,0.0,0.0,0.0,2026-01,2026-01.xlsx,1677.0
129,Bengaluru,Dehradun,9025.0,9075.0,7.626,3.631,5.493,0.809,2026-01,2026-01.xlsx,18100.0
130,Bengaluru,Delhi,207251.0,208730.0,3472.710678,4251.964875,24.06699,40.709737,2026-01,2026-01.xlsx,415981.0
131,Bengaluru,Deoghar,4842.0,4924.0,0.0,0.0,0.0,0.0,2026-01,2026-01.xlsx,9766.0
132,Bengaluru,Dibrugarh,296.0,462.0,0.075,0.169,0.0,0.133,2026-01,2026-01.xlsx,758.0
133,Bengaluru,Durgapur,5834.0,5924.0,19.591,20.717,0.0,0.0,2026-01,2026-01.xlsx,11758.0
134,Bengaluru,Ghaziabad,9903.0,9658.0,0.015,0.0,0.0,0.0,2026-01,2026-01.xlsx,19561.0
135,Bengaluru,"Goa (Dabolim, South Goa)",45539.0,50103.0,91.96,37.385,1.542,1.139,2026-01,2026-01.xlsx,95642.0
136,Bengaluru,"Goa (Mopa, North Goa)",33571.0,37029.0,17.939,57.114,0.0,0.0,2026-01,2026-01.xlsx,70600.0
137,Bengaluru,Gorakhpur,12097.0,12133.0,62.45451,29.68638,2.4256,0.0,2026-01,2026-01.xlsx,24230.0
138,Bengaluru,Guwahati,37994.0,32115.0,211.62536,101.35647,14.25108,5.08455,2026-01,2026-01.xlsx,70109.0
139,Bengaluru,Gwalior,4462.0,4555.0,0.0,0.0,0.0,0.0,2026-01,2026-01.xlsx,9017.0
140,Bengaluru,Hirasar (Rajkot),5823.0,6402.0,5.786,4.088,2.167,0.0,2026-01,2026-01.xlsx,12225.0
141,Bengaluru,Hubli,4149.0,4406.0,0.62,0.622,0.244,0.929,2026-01,2026-01.xlsx,8555.0
142,Bengaluru,Hyderabad,89055.0,90026.0,502.82,151.987,31.564,30.337,2026-01,2026-01.xlsx,179081.0
143,Bengaluru,Imphal,394.0,407.0,3.367,19.47,0.0,0.0,2026-01,2026-01.xlsx,801.0
144,Bengaluru,Indore,20161.0,20634.0,90.11,39.592,4.126,1.729,2026-01,2026-01.xlsx,40795.0
145,Bengaluru,Jabalpur,4118.0,4302.0,0.354,0.002,4.258,0.0,2026-01,2026-01.xlsx,8420.0
146,Bengaluru,Jaipur,36636.0,36370.0,186.617,263.72,11.952,2.412,2026-01,2026-01.xlsx,73006.0
147,Bengaluru,Jaisalmer,5188.0,5150.0,0.0,0.0,0.0,0.0,2026-01,2026-01.xlsx,10338.0
148,Bengaluru,Jammu,2693.0,2982.0,0.447,0.0,0.23,0.0,2026-01,2026-01.xlsx,5675.0
149,Bengaluru,Jharsuguda,4438.0,4691.0,0.188,0.0,0.0,0.0,2026-01,2026-01.xlsx,9129.0
150,Bengaluru,Jodhpur,10940.0,10993.0,11.307,7.091,2.828,2.167,2026-01,2026-01.xlsx,21933.0
151,Bengaluru,Kannur,5123.0,6300.0,0.549,0.632,0.148,0.0,2026-01,2026-01.xlsx,11423.0
152,Bengaluru,Kanpur,3688.0,4039.0,1.508,1.051,0.0,0.0,2026-01,2026-01.xlsx,7727.0
153,Bengaluru,Kochi,62865.0,66286.0,289.046,98.315,19.884,11.512,2026-01,2026-01.xlsx,129151.0
154,Bengaluru,Kolhapur,2038.0,2140.0,0.171,0.209,0.0,0.0,2026-01,2026-01.xlsx,4178.0
155,Bengaluru,Kolkata,85825.0,86172.0,1156.91803,829.69985,16.409,6.91391,2026-01,2026-01.xlsx,171997.0
156,Bengaluru,Kozhikode,20828.0,22195.0,19.651,0.142,0.757,0.0,2026-01,2026-01.xlsx,43023.0
157,Bengaluru,Kurnool,245.0,253.0,0.04,0.0,0.0,0.0,2026-01,2026-01.xlsx,498.0
158,Bengaluru,Lucknow,29314.0,28774.0,319.043,93.738,15.41,2.268,2026-01,2026-01.xlsx,58088.0
159,Bengaluru,Madurai,7729.0,7803.0,1.02,0.084,2.681,1.654,2026-01,2026-01.xlsx,15532.0
160,Bengaluru,Malvan,1372.0,1422.0,0.0,0.0,0.0,0.0,2026-01,2026-01.xlsx,2794.0
161,Bengaluru,Mangalore (Mangaluru),38313.0,39108.0,6.28,32.754,13.158,118.159,2026-01,2026-01.xlsx,77421.0
162,Bengaluru,Mumbai,165911.0,170416.0,1532.0100787,1599.1871575,15.20406,34.119792,2026-01,2026-01.xlsx,336327.0
163,Bengaluru,Mumbai,13788.0,16536.0,11.921,3.036,0.297,0.0,2026-01,2026-01.xlsx,30324.0
164,Bengaluru,Nagpur,23269.0,27181.0,82.863,29.991,4.667,5.721,2026-01,2026-01.xlsx,50450.0
165,Bengaluru,Nanded,1593.0,1600.0,0.0,0.0,0.0,0.0,2026-01,2026-01.xlsx,3193.0
166,Bengaluru,Nashik,4598.0,4989.0,0.27,0.549,0.679,0.161,2026-01,2026-01.xlsx,9587.0
167,Bengaluru,Patna,29350.0,28357.0,174.94981,53.43936,16.095,0.452,2026-01,2026-01.xlsx,57707.0
168,Bengaluru,Pondicherry (Puducherry),2207.0,2324.0,0.151,0.0,0.0,0.0,2026-01,2026-01.xlsx,4531.0
169,Bengaluru,Port Blair,19967.0,21234.0,66.774,4.027,1.176,0.0,2026-01,2026-01.xlsx,41201.0
170,Bengaluru,Pune,75055.0,77356.0,521.095,270.08898,12.8433,4.051,2026-01,2026-01.xlsx,152411.0
171,Bengaluru,Raipur,10166.0,12188.0,39.816,2.699,7.134,1.5,2026-01,2026-01.xlsx,22354.0
172,Bengaluru,Rajahmundry,2222.0,2335.0,0.027,0.0,0.0,0.0,2026-01,2026-01.xlsx,4557.0
173,Bengaluru,Ranchi,21129.0,20651.0,174.848,15.25,3.034,3.346,2026-01,2026-01.xlsx,41780.0
174,Bengaluru,Salem,1831.0,2118.0,0.056,0.0,0.0,0.0,2026-01,2026-01.xlsx,3949.0
175,Bengaluru,Shirdi,6328.0,6642.0,0.117,0.0,0.0,0.0,2026-01,2026-01.xlsx,12970.0
176,Bengaluru,Shivamogga,1487.0,1848.0,0.042,0.0,0.0,0.0,2026-01,2026-01.xlsx,3335.0
177,Bengaluru,Silchar,374.0,511.0,0.689,0.0,0.0,0.0,2026-01,2026-01.xlsx,885.0
178,Bengaluru,Srinagar,7468.0,8275.0,4.689,9.299,0.685,0.013,2026-01,2026-01.xlsx,15743.0
179,Bengaluru,Surat,13744.0,13972.0,18.371,80.602,0.952,2.084,2026-01,2026-01.xlsx,27716.0
180,Bengaluru,Thiruvananthapuram,35206.0,37401.0,54.264,35.024,10.43,6.068,2026-01,2026-01.xlsx,72607.0
181,Bengaluru,Tiruchirappalli,9780.0,9872.0,0.616,0.917,0.507,0.0,2026-01,2026-01.xlsx,19652.0
182,Bengaluru,Tirupati,2093.0,1974.0,0.192,0.002,0.88,0.0,2026-01,2026-01.xlsx,4067.0
183,Bengaluru,Tuticorin,2155.0,2325.0,0.009,0.003,0.0,0.0,2026-01,2026-01.xlsx,4480.0
184,Bengaluru,Udaipur,13803.0,15001.0,21.366,5.976,0.0,0.0,2026-01,2026-01.xlsx,28804.0
185,Bengaluru,Vadodara,5024.0,5008.0,4.739,0.0,4.024,0.0,2026-01,2026-01.xlsx,10032.0
186,Bengaluru,Varanasi,34561.0,33795.0,59.74881,104.54735,4.95888,0.291,2026-01,2026-01.xlsx,68356.0
187,Bengaluru,Vidyanagar,1227.0,1261.0,0.0,0.0,0.0,0.0,2026-01,2026-01.xlsx,2488.0
188,Bengaluru,Vijaywada,14491.0,15702.0,2.074,0.048,2.842,0.3,2026-01,2026-01.xlsx,30193.0
189,Bengaluru,Vishakhapatnam (Visakhapatnam),21964.0,22455.0,71.607,6.311,6.081,1.104,2026-01,2026-01.xlsx,44419.0
190,Bhopal,Delhi,26919.0,25407.0,17.212,120.7110225,15.00719,19.54835,2026-01,2026-01.xlsx,52326.0
191,Bhopal,"Goa (Dabolim, South Goa)",5022.0,5093.0,0.0,1.041,0.0,5.04,2026-01,2026-01.xlsx,10115.0
192,Bhopal,Hyderabad,2900.0,2704.0,0.008,0.144,0.521,0.279,2026-01,2026-01.xlsx,5604.0
193,Bhopal,Mumbai,17745.0,17538.0,13.849,50.9725,4.648,17.879002,2026-01,2026-01.xlsx,35283.0
194,Bhopal,Pune,3967.0,4323.0,0.001,2.157,0.0,0.961,2026-01,2026-01.xlsx,8290.0
195,Bhopal,Raipur,2053.0,2092.0,0.002,0.0,1.402,0.0,2026-01,2026-01.xlsx,4145.0
196,Bhubaneswar,Chennai,7436.0,7470.0,0.947,25.145,1.586,6.785,2026-01,2026-01.xlsx,14906.0
197,Bhubaneswar,Dehradun,2295.0,2286.0,0.0,0.0,0.089,0.082,2026-01,2026-01.xlsx,4581.0
198,Bhubaneswar,Delhi,53221.0,55464.0,78.107,872.0829875,5.27558,22.11047,2026-01,2026-01.xlsx,108685.0
199,Bhubaneswar,Dimapur,126.0,81.0,0.0,1.0,0.0,0.0,2026-01,2026-01.xlsx,207.0
200,Bhubaneswar,Durgapur,843.0,930.0,0.0,0.0,0.0,0.0,2026-01,2026-01.xlsx,1773.0
201,Bhubaneswar,"Goa (Mopa, North Goa)",2216.0,2274.0,0.0,1.151,0.0,0.0,2026-01,2026-01.xlsx,4490.0
202,Bhubaneswar,Guwahati,5218.0,5258.0,1.233,8.208,0.59,1.49,2026-01,2026-01.xlsx,10476.0
203,Bhubaneswar,Hyderabad,20463.0,20784.0,4.607,40.982,5.797,9.546,2026-01,2026-01.xlsx,41247.0
204,Bhubaneswar,Indore,2718.0,2792.0,0.044,1.918,0.192,0.0,2026-01,2026-01.xlsx,5510.0
205,Bhubaneswar,Jaipur,174.0,0.0,0.0,0.0,0.0,0.0,2026-01,2026-01.xlsx,174.0
206,Bhubaneswar,Jammu,134.0,111.0,0.0,0.0,0.052,0.0,2026-01,2026-01.xlsx,245.0
207,Bhubaneswar,Jamshedpur,54.0,107.0,0.0,0.0,0.0,0.0,2026-01,2026-01.xlsx,161.0
208,Bhubaneswar,Jeypore,420.0,453.0,0.0,0.0,0.0,0.0,2026-01,2026-01.xlsx,873.0
209,Bhubaneswar,Jharsuguda,1757.0,1880.0,0.0,0.0,0.0,0.0,2026-01,2026-01.xlsx,3637.0
210,Bhubaneswar,Kochi,3750.0,4188.0,0.759,4.678,0.0,0.0,2026-01,2026-01.xlsx,7938.0
211,Bhubaneswar,Kolkata,17851.0,17707.0,26.851,18.677,7.539,11.835,2026-01,2026-01.xlsx,35558.0
212,Bhubaneswar,Lucknow,2104.0,2213.0,0.945,1.576,2.287,2.27,2026-01,2026-01.xlsx,4317.0
213,Bhubaneswar,Mumbai,27078.0,27432.0,20.399,132.623,5.21,11.021,2026-01,2026-01.xlsx,54510.0
214,Bhubaneswar,Port Blair,1546.0,1704.0,4.162,0.0,0.0,0.0,2026-01,2026-01.xlsx,3250.0
215,Bhubaneswar,Pune,4994.0,4771.0,0.285,27.377,0.0,0.0,2026-01,2026-01.xlsx,9765.0
216,Bhubaneswar,Raipur,3515.0,3344.0,0.078,0.872,0.0,0.561,2026-01,2026-01.xlsx,6859.0
217,Bhubaneswar,Ranchi,2169.0,2311.0,0.001,0.004,0.536,0.492,2026-01,2026-01.xlsx,4480.0
218,Bhubaneswar,Rourkela,69.0,77.0,0.0,0.0,0.0,0.0,2026-01,2026-01.xlsx,146.0
219,Bhubaneswar,Utkela,109.0,152.0,0.0,0.0,0.0,0.0,2026-01,2026-01.xlsx,261.0
220,Bhubaneswar,Varanasi,1943.0,1890.0,0.0,0.006,0.024,0.0,2026-01,2026-01.xlsx,3833.0
221,Bhubaneswar,Vishakhapatnam (Visakhapatnam),2249.0,2209.0,0.0,0.008,0.136,0.0,2026-01,2026-01.xlsx,4458.0
222,Bhuj,Delhi,5111.0,5094.0,0.0,0.182,0.0,0.0,2026-01,2026-01.xlsx,10205.0
223,Bhuj,Mumbai,8947.0,9116.0,0.0,0.639,0.0,0.0,2026-01,2026-01.xlsx,18063.0
224,Bhuj,Surat,572.0,680.0,0.0,0.0,0.0,0.0,2026-01,2026-01.xlsx,1252.0
225,Bikaner,Delhi,1216.0,1113.0,0.0,0.452,0.0,0.0,2026-01,2026-01.xlsx,2329.0
226,Bikaner,Jaipur,190.0,188.0,0.0,0.0,0.0,0.0,2026-01,2026-01.xlsx,378.0
227,Bikaner,Mumbai,19.0,41.0,0.0,0.0,0.0,0.0,2026-01,2026-01.xlsx,60.0
228,Bilaspur,Delhi,439.0,365.0,0.0,0.0,0.0,0.0,2026-01,2026-01.xlsx,804.0
229,Bilaspur,Jabalpur,212.0,217.0,0.0,0.0,0.0,0.0,2026-01,2026-01.xlsx,429.0
230,Bilaspur,Kolkata,326.0,261.0,0.0,0.0,0.0,0.0,2026-01,2026-01.xlsx,587.0
231,Chandigarh,Chennai,6354.0,6143.0,44.208,36.662,0.0,10.679,2026-01,2026-01.xlsx,12497.0
232,Chandigarh,Delhi,45854.0,46239.0,100.0817246,141.0944113,17.937,26.64298,2026-01,2026-01.xlsx,92093.0
233,Chandigarh,Dharamsala,350.0,475.0,0.0,0.0,0.0,0.0,2026-01,2026-01.xlsx,825.0
234,Chandigarh,"Goa (Dabolim, South Goa)",6814.0,6812.0,9.551,9.003,0.0,0.306,2026-01,2026-01.xlsx,13626.0
235,Chandigarh,"Goa (Mopa, North Goa)",5457.0,5400.0,0.35,1.162,0.0,0.0,2026-01,2026-01.xlsx,10857.0
236,Chandigarh,Guwahati,551.0,847.0,4.835,0.133,0.0,0.546,2026-01,2026-01.xlsx,1398.0
237,Chandigarh,Hisar,5.0,22.0,0.0,0.0,0.0,0.0,2026-01,2026-01.xlsx,27.0
238,Chandigarh,Hyderabad,10332.0,10555.0,45.455,37.414,1.097,5.402,2026-01,2026-01.xlsx,20887.0
239,Chandigarh,Indore,4401.0,4457.0,19.362,2.493,1.072,0.686,2026-01,2026-01.xlsx,8858.0
240,Chandigarh,Jaipur,5692.0,5846.0,0.002,0.012,0.0,0.0,2026-01,2026-01.xlsx,11538.0
241,Chandigarh,Kochi,345.0,623.0,1.542,0.095,0.0,0.0,2026-01,2026-01.xlsx,968.0
242,Chandigarh,Kolkata,7107.0,7621.0,23.023,9.162,0.0,0.955,2026-01,2026-01.xlsx,14728.0
243,Chandigarh,Kullu,46.0,0.0,0.0,0.0,0.0,0.0,2026-01,2026-01.xlsx,46.0
244,Chandigarh,Leh,2811.0,3390.0,21.8707,2.008,7.775163,0.0,2026-01,2026-01.xlsx,6201.0
245,Chandigarh,Lucknow,3984.0,4550.0,6.791,0.106,0.501,3.537,2026-01,2026-01.xlsx,8534.0
246,Chandigarh,Mumbai,24272.0,24800.0,116.329,179.3475607,4.206,12.18317,2026-01,2026-01.xlsx,49072.0
247,Chandigarh,Nanded,0.0,59.0,0.0,0.0,0.0,0.0,2026-01,2026-01.xlsx,59.0
248,Chandigarh,Patna,3900.0,3803.0,3.905,0.177,1.389,1.698,2026-01,2026-01.xlsx,7703.0
249,Chandigarh,Pune,6104.0,4760.0,25.722,25.076,0.0,0.0,2026-01,2026-01.xlsx,10864.0
250,Chandigarh,Srinagar,8859.0,9098.0,0.349,0.098,1.11,0.0,2026-01,2026-01.xlsx,17957.0
251,Chandigarh,Udaipur,221.0,99.0,0.0,0.0,0.0,0.0,2026-01,2026-01.xlsx,320.0
252,Chennai,Coimbatore,36223.0,39326.0,36.628,31.443,1.994,7.446,2026-01,2026-01.xlsx,75549.0
253,Chennai,Cuddapah (Kadapa),539.0,862.0,0.216,0.0,0.0,0.0,2026-01,2026-01.xlsx,1401.0
254,Chennai,Dehradun,528.0,567.0,0.239,4.487,0.0,0.495,2026-01,2026-01.xlsx,1095.0
255,Chennai,Delhi,95009.0,95308.0,2910.000571,2382.292634,24.70723,54.238577,2026-01,2026-01.xlsx,190317.0
256,Chennai,Durgapur,4835.0,4608.0,0.949,5.313,0.0,0.0,2026-01,2026-01.xlsx,9443.0
257,Chennai,Ghaziabad,3757.0,3514.0,0.0,0.0,0.0,0.0,2026-01,2026-01.xlsx,7271.0
258,Chennai,"Goa (Dabolim, South Goa)",5275.0,5127.0,4.714,4.482,0.612,0.597,2026-01,2026-01.xlsx,10402.0
259,Chennai,"Goa (Mopa, North Goa)",4522.0,4926.0,3.336,5.284,0.0,0.024,2026-01,2026-01.xlsx,9448.0
260,Chennai,Guwahati,16155.0,16253.0,24.767,42.094,4.868,3.176,2026-01,2026-01.xlsx,32408.0
261,Chennai,Hyderabad,59827.0,61627.0,460.60952,298.9207,13.921,21.894,2026-01,2026-01.xlsx,121454.0
262,Chennai,Indore,6512.0,6602.0,51.232,15.742,3.918,0.977,2026-01,2026-01.xlsx,13114.0
263,Chennai,Jaipur,10248.0,10491.0,35.383,76.823,5.538,1.234,2026-01,2026-01.xlsx,20739.0
264,Chennai,Jammu,66.0,109.0,0.233,0.0,0.0,0.0,2026-01,2026-01.xlsx,175.0
265,Chennai,Kannur,1262.0,1293.0,0.109,0.002,0.0,0.0,2026-01,2026-01.xlsx,2555.0
266,Chennai,Kanpur,149.0,177.0,0.0,0.0,0.0,0.0,2026-01,2026-01.xlsx,326.0
267,Chennai,Kochi,34040.0,39656.0,47.09292,32.46483,13.51,9.09,2026-01,2026-01.xlsx,73696.0
268,Chennai,Kolkata,50866.0,49140.0,245.59644,261.2743,9.841,4.084,2026-01,2026-01.xlsx,100006.0
269,Chennai,Kozhikode,3894.0,5017.0,0.501,0.01,1.562,0.0,2026-01,2026-01.xlsx,8911.0
270,Chennai,Lucknow,4500.0,4298.0,34.123,15.144,10.497,2.252,2026-01,2026-01.xlsx,8798.0
271,Chennai,Madurai,22482.0,22445.0,8.9615,49.21,16.72905,10.06616,2026-01,2026-01.xlsx,44927.0
272,Chennai,Mangalore (Mangaluru),2100.0,2220.0,0.023,0.028,0.0,0.252,2026-01,2026-01.xlsx,4320.0
273,Chennai,Mumbai,100091.0,105438.0,539.9844301,753.462871,30.98263,20.046409,2026-01,2026-01.xlsx,205529.0
274,Chennai,Mumbai,3289.0,4458.0,0.0,2.42,0.0,0.0,2026-01,2026-01.xlsx,7747.0
275,Chennai,Mysore,2068.0,2225.0,0.047,0.0,0.0,0.0,2026-01,2026-01.xlsx,4293.0
276,Chennai,Patna,5450.0,5615.0,17.268,6.933,5.23,0.632,2026-01,2026-01.xlsx,11065.0
277,Chennai,Port Blair,29282.0,32368.0,148.32194,103.15574,37.97193,0.0,2026-01,2026-01.xlsx,61650.0
278,Chennai,Pune,37237.0,37251.0,346.24502,172.68836,5.058,3.491,2026-01,2026-01.xlsx,74488.0
279,Chennai,Raipur,6020.0,4717.0,15.737,1.079,2.111,1.03,2026-01,2026-01.xlsx,10737.0
280,Chennai,Rajahmundry,2067.0,2288.0,0.032,0.0,0.0,0.0,2026-01,2026-01.xlsx,4355.0
281,Chennai,Ranchi,5781.0,5443.0,33.332,2.508,1.835,0.396,2026-01,2026-01.xlsx,11224.0
282,Chennai,Salem,2023.0,2188.0,0.039,0.0,0.0,0.0,2026-01,2026-01.xlsx,4211.0
283,Chennai,Shirdi,4785.0,4834.0,1.202,0.017,0.303,0.0,2026-01,2026-01.xlsx,9619.0
284,Chennai,Shivamogga,864.0,1105.0,0.65902,6.086,0.0,0.0,2026-01,2026-01.xlsx,1969.0
285,Chennai,Surat,3127.0,3486.0,3.387,30.596,0.299,0.158,2026-01,2026-01.xlsx,6613.0
286,Chennai,Thiruvananthapuram,14796.0,17936.0,10.193,18.49,7.295,4.966,2026-01,2026-01.xlsx,32732.0
287,Chennai,Tiruchirappalli,11787.0,11993.0,1.485,11.789,0.261,0.0,2026-01,2026-01.xlsx,23780.0
288,Chennai,Tuticorin,8821.0,8966.0,0.381,0.368,0.0,0.0,2026-01,2026-01.xlsx,17787.0
289,Chennai,Vadodara,812.0,693.0,0.172,0.0,0.0,0.0,2026-01,2026-01.xlsx,1505.0
290,Chennai,Varanasi,4874.0,4895.0,1.361,23.164,3.447,0.225,2026-01,2026-01.xlsx,9769.0
291,Chennai,Vijaywada,4143.0,4460.0,0.369,0.084,0.0,0.0,2026-01,2026-01.xlsx,8603.0
292,Chennai,Vishakhapatnam (Visakhapatnam),16737.0,17581.0,35.044,9.354,7.673,1.831,2026-01,2026-01.xlsx,34318.0
293,Coimbatore,Delhi,19274.0,18387.0,172.312,189.5641834,5.64,5.9967,2026-01,2026-01.xlsx,37661.0
294,Coimbatore,Durgapur,86.0,80.0,0.439,0.0,0.0,0.0,2026-01,2026-01.xlsx,166.0
295,Coimbatore,"Goa (Dabolim, South Goa)",2024.0,2211.0,0.007,0.003,0.0,0.0,2026-01,2026-01.xlsx,4235.0
296,Coimbatore,Guwahati,291.0,303.0,0.779,0.0,1.008,0.0,2026-01,2026-01.xlsx,594.0
297,Coimbatore,Hyderabad,25535.0,24841.0,54.12,26.634,4.02,4.104,2026-01,2026-01.xlsx,50376.0
298,Coimbatore,Jaipur,336.0,240.0,1.781,0.117,0.0,0.0,2026-01,2026-01.xlsx,576.0
299,Coimbatore,Kolkata,0.0,190.0,0.0,1.995,0.0,0.0,2026-01,2026-01.xlsx,190.0
300,Coimbatore,Mumbai,22712.0,22823.0,125.335,192.6991558,5.108,4.38152,2026-01,2026-01.xlsx,45535.0
301,Coimbatore,Mumbai,4350.0,4370.0,0.942,0.513,0.0,0.0,2026-01,2026-01.xlsx,8720.0
302,Coimbatore,Nashik,26.0,25.0,0.0,0.0,0.0,0.0,2026-01,2026-01.xlsx,51.0
303,Coimbatore,Pune,5437.0,4943.0,29.869,25.583,0.052,0.35,2026-01,2026-01.xlsx,10380.0
304,Coimbatore,Shirdi,212.0,235.0,0.0,0.0,0.0,0.0,2026-01,2026-01.xlsx,447.0
305,Cooch Behar,Kolkata,6.0,4.0,0.0,0.0,0.0,0.0,2026-01,2026-01.xlsx,10.0
306,Cuddapah (Kadapa),Hyderabad,2313.0,2166.0,0.0,0.003,0.0,0.0,2026-01,2026-01.xlsx,4479.0
307,Cuddapah (Kadapa),Vijaywada,500.0,487.0,0.0,0.006,0.0,0.0,2026-01,2026-01.xlsx,987.0
308,Darbhanga,Delhi,14369.0,14692.0,1.5727,6.824,0.0,0.0,2026-01,2026-01.xlsx,29061.0
309,Darbhanga,Hyderabad,3976.0,4138.0,0.0,0.332,0.0,0.0,2026-01,2026-01.xlsx,8114.0
310,Darbhanga,Kolkata,952.0,1150.0,0.0,0.181,0.0,0.0,2026-01,2026-01.xlsx,2102.0
311,Darbhanga,Mumbai,10198.0,11029.0,0.0,28.54593,0.0,0.0,2026-01,2026-01.xlsx,21227.0
312,Dehradun,Delhi,24011.0,24838.0,1.865,7.115,7.354,25.406,2026-01,2026-01.xlsx,48849.0
313,Dehradun,Guwahati,190.0,0.0,0.006,0.0,0.524,0.0,2026-01,2026-01.xlsx,190.0
314,Dehradun,Hyderabad,4572.0,4987.0,2.497,4.221,0.408,1.582,2026-01,2026-01.xlsx,9559.0
315,Dehradun,Indore,421.0,477.0,0.0,0.0,0.0,0.0,2026-01,2026-01.xlsx,898.0
316,Dehradun,Jaipur,2913.0,2659.0,0.0,0.001,0.0,0.0,2026-01,2026-01.xlsx,5572.0
317,Dehradun,Kolkata,2448.0,2734.0,1.73,2.0,0.16,0.0,2026-01,2026-01.xlsx,5182.0
318,Dehradun,Kullu,156.0,105.0,0.0,0.0,0.0,0.0,2026-01,2026-01.xlsx,261.0
319,Dehradun,Lucknow,3294.0,3290.0,0.051,0.221,0.622,1.282,2026-01,2026-01.xlsx,6584.0
320,Dehradun,Mumbai,12852.0,12846.0,0.365,8.869,1.085,5.397,2026-01,2026-01.xlsx,25698.0
321,Dehradun,Pune,4003.0,3816.0,1.926,0.793,0.168,0.311,2026-01,2026-01.xlsx,7819.0
322,Delhi,Deoghar,8077.0,7377.0,0.188,0.0,0.0,0.0,2026-01,2026-01.xlsx,15454.0
323,Delhi,Dharamsala,4058.0,3468.0,0.132,0.0,0.0,0.0,2026-01,2026-01.xlsx,7526.0
324,Delhi,Dibrugarh,9001.0,9050.0,29.133,4.853,6.207,1.782,2026-01,2026-01.xlsx,18051.0
325,Delhi,Dimapur,4987.0,5572.0,8.706,13.954,2.732,8.902,2026-01,2026-01.xlsx,10559.0
326,Delhi,Durgapur,4796.0,4806.0,29.415,22.336,0.0,0.0,2026-01,2026-01.xlsx,9602.0
327,Delhi,Gaya,8492.0,9418.0,0.544,0.0,0.0,0.0,2026-01,2026-01.xlsx,17910.0
328,Delhi,"Goa (Dabolim, South Goa)",49739.0,51754.0,196.1927,72.046426,3.10044,1.37605,2026-01,2026-01.xlsx,101493.0
329,Delhi,"Goa (Mopa, North Goa)",55473.0,57792.0,239.93668,93.2032455,0.273,0.0,2026-01,2026-01.xlsx,113265.0
330,Delhi,Gorakhpur,21796.0,20931.0,49.74984,55.51551,10.591,0.1658,2026-01,2026-01.xlsx,42727.0
331,Delhi,Guwahati,68889.0,75089.0,1105.1591241,188.49518,27.25471,11.18935,2026-01,2026-01.xlsx,143978.0
332,Delhi,Gwalior,3886.0,4246.0,0.231,0.0,0.0,0.0,2026-01,2026-01.xlsx,8132.0
333,Delhi,Hirasar (Rajkot),20559.0,20967.0,29.253,55.6625919,8.70215,0.021,2026-01,2026-01.xlsx,41526.0
334,Delhi,Hisar,4.0,0.0,0.0,0.0,0.0,0.0,2026-01,2026-01.xlsx,4.0
335,Delhi,Hubli,5363.0,4910.0,8.446,1.921,2.81,0.738,2026-01,2026-01.xlsx,10273.0
336,Delhi,Hyderabad,131514.0,134671.0,1600.3929732,973.3986495,35.236389,14.19,2026-01,2026-01.xlsx,266185.0
337,Delhi,Imphal,15451.0,16043.0,128.088,164.593,7.194,6.105,2026-01,2026-01.xlsx,31494.0
338,Delhi,Indore,48063.0,50381.0,415.1861915,187.9388889,10.544737,6.07673,2026-01,2026-01.xlsx,98444.0
339,Delhi,Itanagar,4821.0,5081.0,0.819,0.22,0.0,0.0,2026-01,2026-01.xlsx,9902.0
340,Delhi,Jabalpur,7613.0,8238.0,1.974,3.236,8.43,0.061,2026-01,2026-01.xlsx,15851.0
341,Delhi,Jagdalpur,134.0,285.0,0.0,0.0,0.0,0.0,2026-01,2026-01.xlsx,419.0
342,Delhi,Jaipur,28650.0,32388.0,47.6825146,138.044,14.42745,8.471,2026-01,2026-01.xlsx,61038.0
343,Delhi,Jaisalmer,12655.0,13615.0,0.001,0.0,0.0,0.0,2026-01,2026-01.xlsx,26270.0
344,Delhi,Jammu,25573.0,24942.0,73.61838,15.61585,8.046,0.0,2026-01,2026-01.xlsx,50515.0
345,Delhi,Jharsuguda,5253.0,5400.0,0.266,0.0,0.0,0.0,2026-01,2026-01.xlsx,10653.0
346,Delhi,Jodhpur,17097.0,18326.0,16.538,0.138,25.19865,9.789,2026-01,2026-01.xlsx,35423.0
347,Delhi,Jorhat,2146.0,2136.0,0.252,0.024,0.0,0.0,2026-01,2026-01.xlsx,4282.0
348,Delhi,Kannur,3708.0,3699.0,0.844,0.907,0.0,0.0,2026-01,2026-01.xlsx,7407.0
349,Delhi,Kanpur,4579.0,5338.0,0.529,0.147,12.527,0.0,2026-01,2026-01.xlsx,9917.0
350,Delhi,Khajuraho,2855.0,3016.0,0.175,0.0,0.0,0.0,2026-01,2026-01.xlsx,5871.0
351,Delhi,Kochi,42050.0,43550.0,520.7543207,288.574373,23.50927,25.990706,2026-01,2026-01.xlsx,85600.0
352,Delhi,Kolkata,135487.0,132915.0,1798.1231237,2326.939771,54.77384,37.13105,2026-01,2026-01.xlsx,268402.0
353,Delhi,Kozhikode,6730.0,7023.0,9.057,0.501,3.395,0.0,2026-01,2026-01.xlsx,13753.0
354,Delhi,Kullu,473.0,322.0,0.0,0.0,0.0,0.0,2026-01,2026-01.xlsx,795.0
355,Delhi,Leh,19664.0,22559.0,157.8476766,31.51891,46.233739,21.982,2026-01,2026-01.xlsx,42223.0
356,Delhi,Lucknow,60884.0,63783.0,309.4211278,81.842,50.2824,20.751,2026-01,2026-01.xlsx,124667.0
357,Delhi,Madurai,5821.0,5825.0,32.612,66.474,4.045,2.091,2026-01,2026-01.xlsx,11646.0
358,Delhi,Mangalore (Mangaluru),13212.0,14703.0,35.783,3.102,0.028,43.47,2026-01,2026-01.xlsx,27915.0
359,Delhi,Mumbai,274754.0,275144.0,6187.13689,3976.133436,44.9626,75.601841,2026-01,2026-01.xlsx,549898.0
360,Delhi,Mumbai,18849.0,19502.0,72.451,27.299,0.0,0.0,2026-01,2026-01.xlsx,38351.0
361,Delhi,Nagpur,34615.0,34772.0,215.6155,68.959,17.8335,26.137,2026-01,2026-01.xlsx,69387.0
362,Delhi,Nanded,26.0,12.0,0.0,0.0,0.0,0.0,2026-01,2026-01.xlsx,38.0
363,Delhi,Nashik,9287.0,8691.0,27.803,6.912,1.959,0.355,2026-01,2026-01.xlsx,17978.0
364,Delhi,Pantnagar,2302.0,2230.0,0.18,0.0,0.0,0.0,2026-01,2026-01.xlsx,4532.0
365,Delhi,Patna,62417.0,56878.0,415.0335498,89.275,41.56569,18.028494,2026-01,2026-01.xlsx,119295.0
366,Delhi,Pithoragarh,415.0,306.0,0.0,0.0,0.0,0.0,2026-01,2026-01.xlsx,721.0
367,Delhi,Port Blair,13131.0,14123.0,43.886421,8.727,2.0455,0.02259,2026-01,2026-01.xlsx,27254.0
368,Delhi,Pune,125954.0,121533.0,1493.4739354,1356.8311951,17.04,2.72178,2026-01,2026-01.xlsx,247487.0
369,Delhi,Purnea,3315.0,3381.0,0.176,0.0,0.0,0.0,2026-01,2026-01.xlsx,6696.0
370,Delhi,Raipur,34558.0,35960.0,285.6810116,24.502,22.468,8.38291,2026-01,2026-01.xlsx,70518.0
371,Delhi,Rajahmundry,3212.0,3428.0,5.349,0.034,0.0,0.0,2026-01,2026-01.xlsx,6640.0
372,Delhi,Ranchi,33600.0,34567.0,303.363,58.199,16.762,8.002,2026-01,2026-01.xlsx,68167.0
373,Delhi,Rewa,749.0,832.0,0.0,0.0,0.0,0.0,2026-01,2026-01.xlsx,1581.0
374,Delhi,Shillong,720.0,663.0,0.0,0.0,0.0,0.0,2026-01,2026-01.xlsx,1383.0
375,Delhi,Shirdi,5372.0,5322.0,5.508,0.799,0.0,0.303,2026-01,2026-01.xlsx,10694.0
376,Delhi,Srinagar,75235.0,79308.0,357.98922,343.69642,4.394203,45.266,2026-01,2026-01.xlsx,154543.0
377,Delhi,Surat,26843.0,27734.0,52.5,97.786,3.194,2.013,2026-01,2026-01.xlsx,54577.0
378,Delhi,Thiruvananthapuram,20031.0,20461.0,125.4885,52.4375,9.342785,8.83742,2026-01,2026-01.xlsx,40492.0
379,Delhi,Tiruchirappalli,5081.0,4350.0,0.81,0.001,0.0,0.0,2026-01,2026-01.xlsx,9431.0
380,Delhi,Tirupati,5286.0,4903.0,36.865,7.387,1.343,0.697,2026-01,2026-01.xlsx,10189.0
381,Delhi,Udaipur,39782.0,42934.0,41.29148,13.9214,0.0342,0.0,2026-01,2026-01.xlsx,82716.0
382,Delhi,Vadodara,27261.0,27696.0,79.3995,2.22,7.5105,0.0,2026-01,2026-01.xlsx,54957.0
383,Delhi,Varanasi,40047.0,42351.0,160.41562,38.57384,13.810904,2.869,2026-01,2026-01.xlsx,82398.0
384,Delhi,Vijaywada,11320.0,11345.0,62.3035,24.792,9.556466,0.1072,2026-01,2026-01.xlsx,22665.0
385,Delhi,Vishakhapatnam (Visakhapatnam),20090.0,20398.0,105.3475003,7.759,6.74064,2.677,2026-01,2026-01.xlsx,40488.0
386,Deoghar,Kolkata,878.0,885.0,0.0,0.0,0.0,0.0,2026-01,2026-01.xlsx,1763.0
387,Deoghar,Mumbai,2209.0,2357.0,0.0,0.034,0.0,0.0,2026-01,2026-01.xlsx,4566.0
388,Dharamsala,Jaipur,5.0,3.0,0.0,0.0,0.0,0.0,2026-01,2026-01.xlsx,8.0
389,Dibrugarh,Guwahati,11488.0,12832.0,1.411,2.361,5.27,9.146,2026-01,2026-01.xlsx,24320.0
390,Dibrugarh,Kolkata,10082.0,10144.0,6.942,23.589,4.235,4.158,2026-01,2026-01.xlsx,20226.0
391,Dimapur,Guwahati,9924.0,5555.0,12.316,7.762,0.0,0.0,2026-01,2026-01.xlsx,15479.0
392,Dimapur,Imphal,398.0,523.0,0.0,0.0,0.0,0.0,2026-01,2026-01.xlsx,921.0
393,Dimapur,Kolkata,5431.0,5033.0,30.792,13.717,6.777,3.475,2026-01,2026-01.xlsx,10464.0
394,Diu,"Goa (Mopa, North Goa)",273.0,311.0,0.0,0.0,0.0,0.0,2026-01,2026-01.xlsx,584.0
395,Diu,Keshod,0.0,1.0,0.0,0.0,0.0,0.0,2026-01,2026-01.xlsx,1.0
396,Diu,Mumbai,1368.0,1517.0,0.0,0.0,0.0,0.0,2026-01,2026-01.xlsx,2885.0
397,Diu,Surat,2070.0,1878.0,0.0,0.0,0.0,0.0,2026-01,2026-01.xlsx,3948.0
398,Durgapur,Hyderabad,5752.0,6079.0,8.83,0.418,0.0,0.0,2026-01,2026-01.xlsx,11831.0
399,Durgapur,Mumbai,2808.0,3086.0,1.054,0.394,0.0,0.0,2026-01,2026-01.xlsx,5894.0
400,Durgapur,Varanasi,150.0,239.0,0.0,0.0,0.0,0.0,2026-01,2026-01.xlsx,389.0
401,Gaya,Kolkata,2983.0,2973.0,0.0,0.029,0.0,0.0,2026-01,2026-01.xlsx,5956.0
402,Ghaziabad,Kishangarh,497.0,482.0,0.0,0.0,0.0,0.0,2026-01,2026-01.xlsx,979.0
403,Ghaziabad,Kolkata,4052.0,4001.0,0.0,0.0,0.0,0.0,2026-01,2026-01.xlsx,8053.0
404,Ghaziabad,Mumbai,7342.0,7525.0,0.0,0.199,0.0,0.0,2026-01,2026-01.xlsx,14867.0
405,Ghaziabad,Nagpur,168.0,0.0,0.0,0.0,0.0,0.0,2026-01,2026-01.xlsx,168.0
406,Ghaziabad,Nanded,1683.0,2278.0,0.0,0.0,0.0,0.0,2026-01,2026-01.xlsx,3961.0
407,Ghaziabad,Patna,3146.0,3735.0,0.0,0.0,0.0,0.0,2026-01,2026-01.xlsx,6881.0
408,"Goa (Dabolim, South Goa)",Hyderabad,27476.0,25389.0,46.837,26.519,0.408,5.547,2026-01,2026-01.xlsx,52865.0
409,"Goa (Dabolim, South Goa)",Indore,8902.0,8903.0,2.221,1.879,0.151,0.0,2026-01,2026-01.xlsx,17805.0
410,"Goa (Dabolim, South Goa)",Jaipur,4671.0,4836.0,0.814,4.982,0.196,0.0,2026-01,2026-01.xlsx,9507.0
411,"Goa (Dabolim, South Goa)",Kochi,4904.0,4874.0,13.707,11.21,0.426,0.0,2026-01,2026-01.xlsx,9778.0
412,"Goa (Dabolim, South Goa)",Kolkata,5296.0,5095.0,12.233,19.924,1.051,0.342,2026-01,2026-01.xlsx,10391.0
413,"Goa (Dabolim, South Goa)",Lucknow,5329.0,5345.0,6.378,11.524,0.376,0.133,2026-01,2026-01.xlsx,10674.0
414,"Goa (Dabolim, South Goa)",Mumbai,66892.0,64779.0,65.801068,97.0731159,4.72934,8.915358,2026-01,2026-01.xlsx,131671.0
415,"Goa (Dabolim, South Goa)",Nashik,1177.0,1188.0,0.0,0.0,0.0,0.0,2026-01,2026-01.xlsx,2365.0
416,"Goa (Dabolim, South Goa)",Pune,4084.0,4266.0,1.822,4.218,0.0,0.0,2026-01,2026-01.xlsx,8350.0
417,"Goa (Dabolim, South Goa)",Raipur,5701.0,5838.0,5.745,0.0,0.612,0.0,2026-01,2026-01.xlsx,11539.0
418,"Goa (Dabolim, South Goa)",Surat,5037.0,4663.0,9.445,27.791,0.187,0.0,2026-01,2026-01.xlsx,9700.0
419,"Goa (Mopa, North Goa)",Hirasar (Rajkot),5162.0,4664.0,0.095,0.21,0.0,0.0,2026-01,2026-01.xlsx,9826.0
420,"Goa (Mopa, North Goa)",Hyderabad,43354.0,42315.0,29.797,7.742,0.0,0.406,2026-01,2026-01.xlsx,85669.0
421,"Goa (Mopa, North Goa)",Jaipur,5333.0,5123.0,2.366,16.604,0.0,0.0,2026-01,2026-01.xlsx,10456.0
422,"Goa (Mopa, North Goa)",Jalgaon,1915.0,1869.0,0.0,0.0,0.0,0.0,2026-01,2026-01.xlsx,3784.0
423,"Goa (Mopa, North Goa)",Kolkata,5340.0,5042.0,18.716,0.904,0.272,0.0,2026-01,2026-01.xlsx,10382.0
424,"Goa (Mopa, North Goa)",Mumbai,38390.0,40824.0,11.75284,40.56945,0.0,0.0,2026-01,2026-01.xlsx,79214.0
425,"Goa (Mopa, North Goa)",Mumbai,13940.0,11273.0,0.01,0.334,0.0,0.0,2026-01,2026-01.xlsx,25213.0
426,"Goa (Mopa, North Goa)",Nagpur,6908.0,6693.0,1.27,1.41,0.406,0.272,2026-01,2026-01.xlsx,13601.0
427,"Goa (Mopa, North Goa)",Pune,20835.0,19335.0,89.06719,23.80845,0.273,0.0,2026-01,2026-01.xlsx,40170.0
428,"Goa (Mopa, North Goa)",Shivamogga,1716.0,1619.0,0.0,0.0,0.0,0.0,2026-01,2026-01.xlsx,3335.0
429,"Goa (Mopa, North Goa)",Solapur,791.0,775.0,0.0,0.0,0.0,0.0,2026-01,2026-01.xlsx,1566.0
430,"Goa (Mopa, North Goa)",Surat,888.0,870.0,0.0,4.963,0.0,0.024,2026-01,2026-01.xlsx,1758.0
431,"Goa (Mopa, North Goa)",Vadodara,5219.0,4938.0,0.016,0.0,0.0,0.0,2026-01,2026-01.xlsx,10157.0
432,Gondia,Hyderabad,1426.0,1097.0,0.0,0.045,0.0,0.0,2026-01,2026-01.xlsx,2523.0
433,Gondia,Indore,312.0,285.0,0.0,0.0,0.0,0.0,2026-01,2026-01.xlsx,597.0
434,Gorakhpur,Hyderabad,5954.0,6557.0,0.0,0.936,0.0,1.426,2026-01,2026-01.xlsx,12511.0
435,Gorakhpur,Kolkata,2061.0,2084.0,0.0,0.001,0.0,0.0,2026-01,2026-01.xlsx,4145.0
436,Gorakhpur,Mumbai,9408.0,9903.0,0.0,11.75357,0.0,2.397,2026-01,2026-01.xlsx,19311.0
437,Gorakhpur,Pune,0.0,77.0,0.0,0.0,0.0,0.0,2026-01,2026-01.xlsx,77.0
438,Gorakhpur,Varanasi,159.0,0.0,0.0,0.0,0.0,0.0,2026-01,2026-01.xlsx,159.0
439,Guwahati,Hyderabad,19183.0,19406.0,82.98,38.905,2.047,4.063,2026-01,2026-01.xlsx,38589.0
440,Guwahati,Imphal,18635.0,19226.0,71.171,114.027,6.559,6.682,2026-01,2026-01.xlsx,37861.0
441,Guwahati,Itanagar,109.0,110.0,0.0,0.0,0.0,0.0,2026-01,2026-01.xlsx,219.0
442,Guwahati,Jaipur,10232.0,9274.0,3.523,8.524,0.821,0.491,2026-01,2026-01.xlsx,19506.0
443,Guwahati,Kolkata,45147.0,43861.0,206.44992,463.28404,9.415,6.908,2026-01,2026-01.xlsx,89008.0
444,Guwahati,Lucknow,4188.0,4582.0,2.198,3.362,4.312,1.438,2026-01,2026-01.xlsx,8770.0
445,Guwahati,Mumbai,17750.0,18120.0,54.82902,122.27339,7.25676,13.3303,2026-01,2026-01.xlsx,35870.0
446,Guwahati,Pasighat,422.0,633.0,0.0,0.0,0.0,0.0,2026-01,2026-01.xlsx,1055.0
447,Guwahati,Raipur,76.0,0.0,0.0,0.0,0.0,0.0,2026-01,2026-01.xlsx,76.0
448,Guwahati,Rupsi,74.0,73.0,0.0,0.0,0.0,0.0,2026-01,2026-01.xlsx,147.0
449,Guwahati,Silchar,5293.0,5211.0,15.502,0.039,6.363,0.0,2026-01,2026-01.xlsx,10504.0
450,Guwahati,Tezu,726.0,833.0,0.0,0.0,0.0,0.0,2026-01,2026-01.xlsx,1559.0
451,Gwalior,Mumbai,4421.0,4777.0,0.0,0.196,0.0,0.0,2026-01,2026-01.xlsx,9198.0
452,Hirasar (Rajkot),Hyderabad,5347.0,5163.0,5.206,1.504,0.0,1.147,2026-01,2026-01.xlsx,10510.0
453,Hirasar (Rajkot),Indore,0.0,14.0,0.0,0.0,0.0,0.0,2026-01,2026-01.xlsx,14.0
454,Hirasar (Rajkot),Mumbai,28576.0,28993.0,93.2875,18.9395919,0.23027,10.63109,2026-01,2026-01.xlsx,57569.0
455,Hirasar (Rajkot),Pune,2650.0,2921.0,1.241,0.236,0.0,0.0,2026-01,2026-01.xlsx,5571.0
456,Hirasar (Rajkot),Vadodara,1.0,0.0,0.0,0.0,0.0,0.0,2026-01,2026-01.xlsx,1.0
457,Hisar,Jaipur,110.0,51.0,0.0,0.0,0.0,0.0,2026-01,2026-01.xlsx,161.0
458,Hisar,Nanded,61.0,0.0,0.0,0.0,0.0,0.0,2026-01,2026-01.xlsx,61.0
459,Hubli,Hyderabad,2305.0,2171.0,0.001,0.001,0.651,0.338,2026-01,2026-01.xlsx,4476.0
460,Hubli,Mumbai,5388.0,5227.0,0.101,2.227,0.61,5.186,2026-01,2026-01.xlsx,10615.0
461,Hubli,Pune,1164.0,1245.0,0.147,0.0,0.0,0.279,2026-01,2026-01.xlsx,2409.0
462,Hyderabad,Indore,15178.0,14761.0,58.271,22.105,11.235,3.264,2026-01,2026-01.xlsx,29939.0
463,Hyderabad,Jabalpur,2056.0,2008.0,0.0,0.0,0.166,0.0,2026-01,2026-01.xlsx,4064.0
464,Hyderabad,Jagdalpur,2143.0,2235.0,0.138,0.0,0.0,0.0,2026-01,2026-01.xlsx,4378.0
465,Hyderabad,Jaipur,19001.0,17851.0,35.844,159.264,5.225,1.322,2026-01,2026-01.xlsx,36852.0
466,Hyderabad,Jalgaon,1712.0,1772.0,0.0,0.0,0.0,0.0,2026-01,2026-01.xlsx,3484.0
467,Hyderabad,Jammu,2070.0,1494.0,1.93,0.0,0.374,0.0,2026-01,2026-01.xlsx,3564.0
468,Hyderabad,Jharsuguda,2050.0,2234.0,0.0,0.0,0.0,0.0,2026-01,2026-01.xlsx,4284.0
469,Hyderabad,Jodhpur,7937.0,7748.0,0.265,0.0,1.356,0.875,2026-01,2026-01.xlsx,15685.0
470,Hyderabad,Kannur,2283.0,2306.0,0.055,0.0,0.573,0.0,2026-01,2026-01.xlsx,4589.0
471,Hyderabad,Kanpur,2422.0,2747.0,0.307,0.395,0.0,0.0,2026-01,2026-01.xlsx,5169.0
472,Hyderabad,Kochi,31977.0,34853.0,48.06,35.742,9.093,7.78,2026-01,2026-01.xlsx,66830.0
473,Hyderabad,Kolhapur,2341.0,2986.0,1.211,1.069,0.0,0.0,2026-01,2026-01.xlsx,5327.0
474,Hyderabad,Kolkata,45629.0,43208.0,148.69025,193.37982,9.094,7.143,2026-01,2026-01.xlsx,88837.0
475,Hyderabad,Kozhikode,5153.0,5579.0,1.181,0.007,2.237,0.0,2026-01,2026-01.xlsx,10732.0
476,Hyderabad,Lucknow,17535.0,16257.0,43.599,30.939,6.629,2.168,2026-01,2026-01.xlsx,33792.0
477,Hyderabad,Madurai,12295.0,12109.0,3.006,57.609,7.327,1.364,2026-01,2026-01.xlsx,24404.0
478,Hyderabad,Malvan,1661.0,1428.0,0.0,0.0,0.0,0.0,2026-01,2026-01.xlsx,3089.0
479,Hyderabad,Mangalore (Mangaluru),4312.0,4423.0,0.083,0.007,1.045,0.018,2026-01,2026-01.xlsx,8735.0
480,Hyderabad,Mumbai,91924.0,93851.0,696.621,1055.1310966,27.94,28.149652,2026-01,2026-01.xlsx,185775.0
481,Hyderabad,Mumbai,6732.0,7035.0,0.0,6.588,0.0,0.0,2026-01,2026-01.xlsx,13767.0
482,Hyderabad,Mysore,2103.0,2141.0,0.109,0.0,0.0,0.0,2026-01,2026-01.xlsx,4244.0
483,Hyderabad,Nagpur,4309.0,4465.0,0.293,0.05,0.519,0.002,2026-01,2026-01.xlsx,8774.0
484,Hyderabad,Nanded,1143.0,1469.0,0.0,0.0,0.0,0.0,2026-01,2026-01.xlsx,2612.0
485,Hyderabad,Nashik,2815.0,3188.0,0.005,0.017,0.22,0.226,2026-01,2026-01.xlsx,6003.0
486,Hyderabad,Patna,15827.0,14909.0,39.938,9.483,10.815,2.67,2026-01,2026-01.xlsx,30736.0
487,Hyderabad,Pondicherry (Puducherry),2216.0,2211.0,0.002,0.0,0.0,0.0,2026-01,2026-01.xlsx,4427.0
488,Hyderabad,Port Blair,6321.0,6696.0,30.79,7.795,4.531,0.0,2026-01,2026-01.xlsx,13017.0
489,Hyderabad,Pune,30354.0,28274.0,58.943,144.995,4.565,4.021,2026-01,2026-01.xlsx,58628.0
490,Hyderabad,Purnea,5272.0,4968.0,0.012,0.0,0.0,0.0,2026-01,2026-01.xlsx,10240.0
491,Hyderabad,Raipur,10019.0,10652.0,15.413,0.419,13.843,1.232,2026-01,2026-01.xlsx,20671.0
492,Hyderabad,Rajahmundry,12958.0,13725.0,0.492,0.24,0.0,0.0,2026-01,2026-01.xlsx,26683.0
493,Hyderabad,Ranchi,15847.0,15592.0,26.264,3.453,3.702,4.454,2026-01,2026-01.xlsx,31439.0
494,Hyderabad,Salem,1206.0,1207.0,0.003,0.0,0.0,0.0,2026-01,2026-01.xlsx,2413.0
495,Hyderabad,Shirdi,6745.0,6673.0,0.095,5.742,0.0,0.0,2026-01,2026-01.xlsx,13418.0
496,Hyderabad,Shivamogga,3914.0,3840.0,6.086,0.65902,0.0,0.0,2026-01,2026-01.xlsx,7754.0
497,Hyderabad,Srinagar,5903.0,5822.0,0.717,0.51,0.702,0.0,2026-01,2026-01.xlsx,11725.0
498,Hyderabad,Surat,5181.0,5214.0,4.94,40.333,1.668,1.228,2026-01,2026-01.xlsx,10395.0
499,Hyderabad,Thiruvananthapuram,10136.0,11105.0,1.832,3.726,4.832,3.483,2026-01,2026-01.xlsx,21241.0
500,Hyderabad,Tiruchirappalli,5337.0,5268.0,2.362,1.252,8.142,0.0,2026-01,2026-01.xlsx,10605.0
501,Hyderabad,Tirupati,32623.0,31378.0,4.0575,3.514,10.237,1.671,2026-01,2026-01.xlsx,64001.0
502,Hyderabad,Udaipur,8196.0,8393.0,2.122,0.249,0.0,0.0,2026-01,2026-01.xlsx,16589.0
503,Hyderabad,Vadodara,5030.0,4887.0,4.629,0.0,0.943,0.0,2026-01,2026-01.xlsx,9917.0
504,Hyderabad,Varanasi,20617.0,21339.0,7.09958,24.70819,1.112,0.205,2026-01,2026-01.xlsx,41956.0
505,Hyderabad,Vijaywada,15948.0,16157.0,2.216,1.695,8.33,0.655,2026-01,2026-01.xlsx,32105.0
506,Hyderabad,Vishakhapatnam (Visakhapatnam),44735.0,45717.0,39.003,26.749,11.353,0.028,2026-01,2026-01.xlsx,90452.0
507,Imphal,Jaipur,334.0,296.0,5.564,0.0,0.55,0.0,2026-01,2026-01.xlsx,630.0
508,Imphal,Kolkata,13903.0,13647.0,198.186,55.54,15.451,4.045,2026-01,2026-01.xlsx,27550.0
509,Imphal,Shillong,922.0,761.0,0.0,0.0,0.0,0.0,2026-01,2026-01.xlsx,1683.0
510,Imphal,Tezu,595.0,506.0,0.0,0.0,0.0,0.0,2026-01,2026-01.xlsx,1101.0
511,Indore,Jabalpur,1466.0,1719.0,0.003,0.022,0.0,0.0,2026-01,2026-01.xlsx,3185.0
512,Indore,Jaipur,4678.0,4731.0,0.033,0.09,0.0,0.0,2026-01,2026-01.xlsx,9409.0
513,Indore,Jammu,2697.0,2555.0,0.0,0.0,0.139,0.0,2026-01,2026-01.xlsx,5252.0
514,Indore,Kolkata,5500.0,5391.0,33.652,22.811,0.888,2.701,2026-01,2026-01.xlsx,10891.0
515,Indore,Lucknow,2195.0,2096.0,0.059,0.035,0.568,1.363,2026-01,2026-01.xlsx,4291.0
516,Indore,Mumbai,35920.0,36559.0,109.132655,110.882,9.51594,10.7479,2026-01,2026-01.xlsx,72479.0
517,Indore,Nagpur,2657.0,2885.0,0.682,0.657,0.661,0.0,2026-01,2026-01.xlsx,5542.0
518,Indore,Nashik,608.0,545.0,0.0,0.0,0.0,0.0,2026-01,2026-01.xlsx,1153.0
519,Indore,Pune,12685.0,12125.0,10.809,56.699,1.194,0.635,2026-01,2026-01.xlsx,24810.0
520,Indore,Raipur,5875.0,6254.0,2.32,0.487,0.828,2.163,2026-01,2026-01.xlsx,12129.0
521,Indore,Rewa,1368.0,1516.0,0.0,0.0,0.0,0.0,2026-01,2026-01.xlsx,2884.0
522,Indore,Udaipur,1036.0,946.0,0.0,0.0,0.0,0.0,2026-01,2026-01.xlsx,1982.0
523,Indore,Vishakhapatnam (Visakhapatnam),272.0,201.0,0.0,0.028,0.0,0.0,2026-01,2026-01.xlsx,473.0
524,Itanagar,Kolkata,4448.0,4567.0,0.022,1.687,0.0,0.0,2026-01,2026-01.xlsx,9015.0
525,Jabalpur,Jagdalpur,216.0,277.0,0.0,0.0,0.0,0.0,2026-01,2026-01.xlsx,493.0
526,Jabalpur,Mumbai,5155.0,4761.0,5.13,0.779,0.0,10.358,2026-01,2026-01.xlsx,9916.0
527,Jagdalpur,Raipur,81.0,110.0,0.0,0.0,0.0,0.0,2026-01,2026-01.xlsx,191.0
528,Jaipur,Jaisalmer,2039.0,2026.0,0.0,0.0,0.0,0.0,2026-01,2026-01.xlsx,4065.0
529,Jaipur,Jodhpur,1331.0,1306.0,0.0,0.0,0.0,0.0,2026-01,2026-01.xlsx,2637.0
530,Jaipur,Kochi,484.0,599.0,3.798,0.356,0.0,0.0,2026-01,2026-01.xlsx,1083.0
531,Jaipur,Kolkata,20074.0,20642.0,154.236,67.729,2.147,3.674,2026-01,2026-01.xlsx,40716.0
532,Jaipur,Kullu,265.0,167.0,0.0,0.0,0.0,0.0,2026-01,2026-01.xlsx,432.0
533,Jaipur,Lucknow,2184.0,2147.0,0.026,0.091,0.0,0.877,2026-01,2026-01.xlsx,4331.0
534,Jaipur,Mumbai,58116.0,59962.0,355.1398425,330.70365,4.993,20.8572,2026-01,2026-01.xlsx,118078.0
535,Jaipur,Mumbai,4893.0,4799.0,4.205,2.212,0.0,0.0,2026-01,2026-01.xlsx,9692.0
536,Jaipur,Nagpur,674.0,820.0,0.0,0.015,0.0,0.0,2026-01,2026-01.xlsx,1494.0
537,Jaipur,Nashik,223.0,332.0,0.0,0.0,0.0,0.0,2026-01,2026-01.xlsx,555.0
538,Jaipur,Pune,10854.0,10371.0,53.935,20.617,0.0,0.0,2026-01,2026-01.xlsx,21225.0
539,Jaipur,Surat,5574.0,5607.0,0.917,0.837,0.0,0.414,2026-01,2026-01.xlsx,11181.0
540,Jaipur,Udaipur,3186.0,3176.0,0.0,0.0,0.0,0.0,2026-01,2026-01.xlsx,6362.0
541,Jaisalmer,Mumbai,5119.0,4588.0,0.0,0.13,0.0,0.0,2026-01,2026-01.xlsx,9707.0
542,Jaisalmer,Udaipur,0.0,16.0,0.0,0.0,0.0,0.0,2026-01,2026-01.xlsx,16.0
543,Jalgaon,Mumbai,908.0,712.0,0.0,0.0,0.0,0.0,2026-01,2026-01.xlsx,1620.0
544,Jalgaon,Pune,1778.0,1675.0,0.0,0.0,0.0,0.0,2026-01,2026-01.xlsx,3453.0
545,Jammu,Leh,3195.0,4262.0,1.527,0.0,0.0,0.018,2026-01,2026-01.xlsx,7457.0
546,Jammu,Mumbai,3594.0,4629.0,0.0,8.779,0.0,1.995,2026-01,2026-01.xlsx,8223.0
547,Jammu,Srinagar,15643.0,14145.0,16.21879,2.80285,0.0,4.529,2026-01,2026-01.xlsx,29788.0
548,Jamnagar,Kolkata,13.0,0.0,0.0,0.0,0.0,0.0,2026-01,2026-01.xlsx,13.0
549,Jamnagar,Mumbai,5106.0,5231.0,0.679,3.1135,0.0,0.0,2026-01,2026-01.xlsx,10337.0
550,Jamnagar,Surat,1461.0,1410.0,0.0,0.0,0.0,0.0,2026-01,2026-01.xlsx,2871.0
551,Jamshedpur,Kolkata,12.0,4.0,0.0,0.0,0.0,0.0,2026-01,2026-01.xlsx,16.0
552,Jeypore,Vishakhapatnam (Visakhapatnam),59.0,47.0,0.0,0.0,0.0,0.0,2026-01,2026-01.xlsx,106.0
553,Jharsuguda,Kolkata,2082.0,2110.0,0.0,0.0,0.0,0.0,2026-01,2026-01.xlsx,4192.0
554,Jharsuguda,Lucknow,769.0,896.0,0.0,0.0,0.0,0.0,2026-01,2026-01.xlsx,1665.0
555,Jharsuguda,Mumbai,4900.0,4518.0,0.0,0.0,0.0,0.0,2026-01,2026-01.xlsx,9418.0
556,Jodhpur,Mumbai,17801.0,18592.0,1.602,6.6575,1.92633,8.08659,2026-01,2026-01.xlsx,36393.0
557,Jodhpur,Pune,4906.0,4727.0,0.002,0.544,0.551,0.0,2026-01,2026-01.xlsx,9633.0
558,Jorhat,Kolkata,6083.0,6112.0,1.626,2.093,0.0,0.0,2026-01,2026-01.xlsx,12195.0
559,Kandla,Mumbai,1290.0,1475.0,0.0,0.0,0.0,0.0,2026-01,2026-01.xlsx,2765.0
560,Kannur,Kochi,1662.0,1699.0,0.004,0.007,0.0,0.0,2026-01,2026-01.xlsx,3361.0
561,Kannur,Mumbai,3717.0,3684.0,0.141,0.994,0.0,1.183,2026-01,2026-01.xlsx,7401.0
562,Kannur,Thiruvananthapuram,2793.0,2618.0,0.0,0.681,0.0,0.0,2026-01,2026-01.xlsx,5411.0
563,Kanpur,Mumbai,4976.0,4884.0,1.138,7.804,0.0,6.475,2026-01,2026-01.xlsx,9860.0
564,Khajuraho,Varanasi,2230.0,1977.0,0.0,0.0,0.0,0.0,2026-01,2026-01.xlsx,4207.0
565,Kishangarh,Lucknow,630.0,750.0,0.0,0.0,0.0,0.0,2026-01,2026-01.xlsx,1380.0
566,Kishangarh,Nagpur,1170.0,1386.0,0.0,0.0,0.0,0.0,2026-01,2026-01.xlsx,2556.0
567,Kishangarh,Pune,1599.0,1632.0,0.0,0.0,0.0,0.0,2026-01,2026-01.xlsx,3231.0
568,Kochi,Kolkata,2428.0,2333.0,4.754,7.172,1.25,0.0,2026-01,2026-01.xlsx,4761.0
569,Kochi,Kozhikode,1447.0,1440.0,0.0,0.0,0.0,0.0,2026-01,2026-01.xlsx,2887.0
570,Kochi,Lucknow,257.0,249.0,0.157,0.292,0.0,1.019,2026-01,2026-01.xlsx,506.0
571,Kochi,Mumbai,59049.0,57189.0,110.482,317.611847,28.73071,25.78574,2026-01,2026-01.xlsx,116238.0
572,Kochi,Mumbai,8940.0,8234.0,3.028,0.565,0.0,2.439,2026-01,2026-01.xlsx,17174.0
573,Kochi,Patna,253.0,193.0,2.752,0.073,0.0,0.0,2026-01,2026-01.xlsx,446.0
574,Kochi,Pune,11010.0,10011.0,16.382,63.281,0.0,0.0,2026-01,2026-01.xlsx,21021.0
575,Kochi,Raipur,299.0,396.0,0.356,0.0,0.0,0.312,2026-01,2026-01.xlsx,695.0
576,Kochi,Salem,758.0,755.0,0.0,0.0,0.0,0.0,2026-01,2026-01.xlsx,1513.0
577,Kochi,Thiruvananthapuram,2007.0,2146.0,0.001,0.004,0.0,0.0,2026-01,2026-01.xlsx,4153.0
578,Kochi,Varanasi,558.0,730.0,0.141,0.0,0.0,0.0,2026-01,2026-01.xlsx,1288.0
579,Kolhapur,Mumbai,1955.0,2059.0,0.0,0.0,0.0,0.0,2026-01,2026-01.xlsx,4014.0
580,Kolhapur,Tirupati,158.0,395.0,0.0,0.0,0.0,0.0,2026-01,2026-01.xlsx,553.0
581,Kolkata,Lilabari,748.0,861.0,0.0,0.0,0.0,0.0,2026-01,2026-01.xlsx,1609.0
582,Kolkata,Lucknow,10427.0,11608.0,45.315,35.997,11.425,2.015,2026-01,2026-01.xlsx,22035.0
583,Kolkata,Mumbai,102004.0,107235.0,716.23964,1034.2935725,14.03653,23.873629,2026-01,2026-01.xlsx,209239.0
584,Kolkata,Nagpur,5999.0,5519.0,13.05,28.162,0.052,3.669,2026-01,2026-01.xlsx,11518.0
585,Kolkata,Patna,15208.0,14959.0,34.61,8.437,11.574,7.713,2026-01,2026-01.xlsx,30167.0
586,Kolkata,Port Blair,32667.0,34466.0,281.5886,64.78074,25.57784,0.0,2026-01,2026-01.xlsx,67133.0
587,Kolkata,Pune,21061.0,23256.0,90.47363,197.871,4.67928,2.493,2026-01,2026-01.xlsx,44317.0
588,Kolkata,Purnea,3026.0,2828.0,0.0,0.0,0.0,0.0,2026-01,2026-01.xlsx,5854.0
589,Kolkata,Raipur,12537.0,12996.0,34.948,1.047,2.991,1.217,2026-01,2026-01.xlsx,25533.0
590,Kolkata,Ranchi,7566.0,8909.0,7.776,0.31,5.521,0.89,2026-01,2026-01.xlsx,16475.0
591,Kolkata,Rupsi,82.0,69.0,0.0,0.0,0.0,0.0,2026-01,2026-01.xlsx,151.0
592,Kolkata,Shillong,3494.0,2840.0,0.202,0.0,0.0,0.0,2026-01,2026-01.xlsx,6334.0
593,Kolkata,Silchar,11061.0,10456.0,46.499,0.237,1.671,0.0,2026-01,2026-01.xlsx,21517.0
594,Kolkata,Srinagar,1465.0,1837.0,2.082,4.785,0.071,0.0,2026-01,2026-01.xlsx,3302.0
595,Kolkata,Surat,7088.0,7450.0,37.671,76.189,0.0,0.532,2026-01,2026-01.xlsx,14538.0
596,Kolkata,Udaipur,6.0,7.0,0.0,0.0,0.0,0.0,2026-01,2026-01.xlsx,13.0
597,Kolkata,Varanasi,10260.0,10288.0,1.792,14.311,3.152,0.0,2026-01,2026-01.xlsx,20548.0
598,Kolkata,Vishakhapatnam (Visakhapatnam),5316.0,5714.0,2.1,12.397,0.0,0.0,2026-01,2026-01.xlsx,11030.0
599,Kozhikode,Mumbai,6782.0,6498.0,0.0,5.091,0.0,8.828,2026-01,2026-01.xlsx,13280.0
600,Kurnool,Vijaywada,390.0,408.0,0.0,0.0,0.0,0.0,2026-01,2026-01.xlsx,798.0
601,Kurnool,Vishakhapatnam (Visakhapatnam),343.0,280.0,0.0,0.0,0.0,0.0,2026-01,2026-01.xlsx,623.0
602,Leh,Srinagar,1068.0,900.0,0.0,1.9125,0.0,0.0,2026-01,2026-01.xlsx,1968.0
603,Lucknow,Mumbai,34201.0,34768.0,55.0285,202.6038976,4.053,20.633313,2026-01,2026-01.xlsx,68969.0
604,Lucknow,Mumbai,5083.0,5026.0,0.0,1.087,0.0,0.0,2026-01,2026-01.xlsx,10109.0
605,Lucknow,Patna,3854.0,3970.0,2.751,0.761,3.51,5.407,2026-01,2026-01.xlsx,7824.0
606,Lucknow,Pune,10296.0,10541.0,53.171,73.115,0.378,0.784,2026-01,2026-01.xlsx,20837.0
607,Lucknow,Raipur,2854.0,2927.0,6.127,0.674,0.897,0.757,2026-01,2026-01.xlsx,5781.0
608,Lucknow,Ranchi,1127.0,1279.0,1.892,12.96,0.922,0.0,2026-01,2026-01.xlsx,2406.0
609,Madurai,Mumbai,5466.0,5464.0,13.724,10.56,0.0,6.217,2026-01,2026-01.xlsx,10930.0
610,Malvan,Pune,1571.0,1685.0,0.0,0.0,0.0,0.0,2026-01,2026-01.xlsx,3256.0
611,Mangalore (Mangaluru),Mumbai,21919.0,20908.0,2.19,11.257,82.695,2.131,2026-01,2026-01.xlsx,42827.0
612,Mangalore (Mangaluru),Mumbai,4211.0,3711.0,0.001,0.0,2.647,0.0,2026-01,2026-01.xlsx,7922.0
613,Mangalore (Mangaluru),Thiruvananthapuram,730.0,1598.0,0.0,0.0,0.0,0.0,2026-01,2026-01.xlsx,2328.0
614,Mumbai,Nagpur,33145.0,32594.0,122.8407855,108.436,38.10368,16.07967,2026-01,2026-01.xlsx,65739.0
615,Mumbai,Nanded,500.0,477.0,0.0,0.0,0.0,0.0,2026-01,2026-01.xlsx,977.0
616,Mumbai,Patna,21376.0,18373.0,127.8951694,25.11897,13.883128,5.455,2026-01,2026-01.xlsx,39749.0
617,Mumbai,Porbandar,670.0,547.0,0.0,0.0,0.0,0.0,2026-01,2026-01.xlsx,1217.0
618,Mumbai,Port Blair,5114.0,5198.0,11.309,1.344,1.98,0.0,2026-01,2026-01.xlsx,10312.0
619,Mumbai,Pune,60.0,0.0,0.0,0.0,0.0,0.0,2026-01,2026-01.xlsx,60.0
620,Mumbai,Raipur,16656.0,17264.0,96.519,36.196,18.785,3.656,2026-01,2026-01.xlsx,33920.0
621,Mumbai,Rajahmundry,2255.0,2282.0,1.03,0.134,0.0,0.0,2026-01,2026-01.xlsx,4537.0
622,Mumbai,Ranchi,10147.0,9848.0,63.361,13.906,5.227,0.757,2026-01,2026-01.xlsx,19995.0
623,Mumbai,Solapur,1276.0,1310.0,0.0,0.0,0.0,0.0,2026-01,2026-01.xlsx,2586.0
624,Mumbai,Srinagar,10003.0,11008.0,24.925,21.74051,2.97065,0.0,2026-01,2026-01.xlsx,21011.0
625,Mumbai,Thiruvananthapuram,14987.0,15775.0,26.0495,13.3735,4.796328,5.60458,2026-01,2026-01.xlsx,30762.0
626,Mumbai,Tiruchirappalli,3086.0,2929.0,0.128,0.0,0.323,0.0,2026-01,2026-01.xlsx,6015.0
627,Mumbai,Tirupati,5389.0,5346.0,2.979,0.019,2.97,0.18,2026-01,2026-01.xlsx,10735.0
628,Mumbai,Udaipur,29629.0,29343.0,32.20566,10.05198,0.0,0.0,2026-01,2026-01.xlsx,58972.0
629,Mumbai,Vadodara,15368.0,16091.0,24.733,0.0,4.374543,0.0,2026-01,2026-01.xlsx,31459.0
630,Mumbai,Varanasi,33263.0,33153.0,86.5111362,24.93866,7.27433,0.835,2026-01,2026-01.xlsx,66416.0
631,Mumbai,Vijaywada,6448.0,6277.0,37.0602955,2.5055,5.153597,0.034,2026-01,2026-01.xlsx,12725.0
632,Mumbai,Vishakhapatnam (Visakhapatnam),5750.0,6142.0,22.995,4.456,5.533,2.209,2026-01,2026-01.xlsx,11892.0
633,Mumbai,Nagpur,3162.0,4735.0,1.738,0.0,0.0,0.0,2026-01,2026-01.xlsx,7897.0
634,Mumbai,Vadodara,3050.0,3477.0,0.0,0.0,0.0,0.0,2026-01,2026-01.xlsx,6527.0
635,Nagpur,Pune,15213.0,15598.0,10.959,55.25,9.25,3.288,2026-01,2026-01.xlsx,30811.0
636,Nagpur,Raipur,0.0,5.0,0.0,0.0,0.0,0.0,2026-01,2026-01.xlsx,5.0
637,Nanded,Pune,1425.0,1282.0,0.0,0.0,0.0,0.0,2026-01,2026-01.xlsx,2707.0
638,Pasighat,Shillong,155.0,151.0,0.0,0.0,0.0,0.0,2026-01,2026-01.xlsx,306.0
639,Patna,Pune,5006.0,4938.0,0.338,16.243,2.27,1.125,2026-01,2026-01.xlsx,9944.0
640,Patna,Ranchi,2533.0,3097.0,0.447,0.291,1.805,0.0,2026-01,2026-01.xlsx,5630.0
641,Pondicherry (Puducherry),Rajahmundry,7.0,0.0,0.0,0.0,0.0,0.0,2026-01,2026-01.xlsx,7.0
642,Port Blair,Vishakhapatnam (Visakhapatnam),2595.0,2479.0,0.963,0.58,0.0,0.0,2026-01,2026-01.xlsx,5074.0
643,Pune,Raipur,5369.0,6337.0,4.045,5.357,0.567,1.27,2026-01,2026-01.xlsx,11706.0
644,Pune,Ranchi,6255.0,6174.0,59.103,17.251,0.352,0.513,2026-01,2026-01.xlsx,12429.0
645,Pune,Surat,2248.0,2730.0,0.12,7.19,0.201,0.042,2026-01,2026-01.xlsx,4978.0
646,Pune,Thiruvananthapuram,2556.0,2810.0,2.148,0.215,0.095,0.0,2026-01,2026-01.xlsx,5366.0
647,Pune,Vadodara,2880.0,2879.0,1.387,0.0,0.033,0.0,2026-01,2026-01.xlsx,5759.0
648,Pune,Varanasi,4185.0,4417.0,0.2,2.50557,0.0,0.0,2026-01,2026-01.xlsx,8602.0
649,Raipur,Vishakhapatnam (Visakhapatnam),1507.0,1895.0,0.001,0.001,0.0,0.0,2026-01,2026-01.xlsx,3402.0
650,Rajahmundry,Tirupati,481.0,329.0,0.0,0.0,0.0,0.0,2026-01,2026-01.xlsx,810.0
651,Shivamogga,Tirupati,1960.0,1436.0,0.0,0.0,0.0,0.0,2026-01,2026-01.xlsx,3396.0
652,Thiruvananthapuram,Tiruchirappalli,1911.0,1200.0,0.473,0.04,0.0,0.0,2026-01,2026-01.xlsx,3111.0
653,Thiruvananthapuram,Vishakhapatnam (Visakhapatnam),38.0,0.0,0.0,0.0,0.0,0.0,2026-01,2026-01.xlsx,38.0
654,Tirupati,Vijaywada,1380.0,1647.0,0.104,0.018,0.24,0.0,2026-01,2026-01.xlsx,3027.0
655,Tirupati,Vishakhapatnam (Visakhapatnam),2066.0,2180.0,0.001,0.105,0.0,0.2,2026-01,2026-01.xlsx,4246.0
656,Varanasi,Vishakhapatnam (Visakhapatnam),415.0,395.0,0.0,0.068,0.0,0.0,2026-01,2026-01.xlsx,810.0
657,Vijaywada,Vishakhapatnam (Visakhapatnam),5576.0,4363.0,0.005,0.357,0.0,0.0,2026-01,2026-01.xlsx,9939.0
1,Adampur,Ghaziabad,1743.0,2082.0,0.0,0.0,0.0,0.0,2026-02,2026-02.xlsx,3825.0
2,Adampur,Mumbai,4706.0,4969.0,0.0,0.1,0.0,0.0,2026-02,2026-02.xlsx,9675.0
3,Adampur,Nanded,344.0,0.0,0.0,0.0,0.0,0.0,2026-02,2026-02.xlsx,344.0
4,Agartala,Ahmedabad,0.0,232.0,0.0,0.238,0.0,0.0,2026-02,2026-02.xlsx,232.0
5,Agartala,Bagdogra,2233.0,3738.0,0.0,0.0,0.0,0.0,2026-02,2026-02.xlsx,5971.0
6,Agartala,Bengaluru,3845.0,3569.0,20.288,5.147,0.0,0.7,2026-02,2026-02.xlsx,7414.0
7,Agartala,Chennai,403.0,586.0,0.34,0.426,0.0,0.0,2026-02,2026-02.xlsx,989.0
8,Agartala,Delhi,6541.0,5996.0,5.605,44.378,1.01,11.128,2026-02,2026-02.xlsx,12537.0
9,Agartala,Dibrugarh,637.0,576.0,0.105,3.577,0.0,0.853,2026-02,2026-02.xlsx,1213.0
10,Agartala,Guwahati,6330.0,6129.0,6.204,38.754,2.085,3.10111,2026-02,2026-02.xlsx,12459.0
11,Agartala,Hyderabad,3053.0,2919.0,7.368,1.509,0.0,0.001,2026-02,2026-02.xlsx,5972.0
12,Agartala,Imphal,1362.0,1375.0,2.123,27.334,0.0,0.0,2026-02,2026-02.xlsx,2737.0
13,Agartala,Kolkata,31779.0,30768.0,41.006,211.076,4.633,7.93587,2026-02,2026-02.xlsx,62547.0
14,Agartala,Silchar,410.0,516.0,0.016,0.658,0.0,0.0,2026-02,2026-02.xlsx,926.0
15,Agatti Island,Bengaluru,869.0,786.0,0.0,0.178,0.0,0.0,2026-02,2026-02.xlsx,1655.0
16,Agatti Island,"Goa (Mopa, North Goa)",1307.0,1589.0,0.0,0.0,0.0,0.0,2026-02,2026-02.xlsx,2896.0
17,Agatti Island,Kochi,2739.0,3343.0,0.0,0.028,0.0,0.0,2026-02,2026-02.xlsx,6082.0
18,Agatti Island,Kozhikode,556.0,504.0,0.0,0.0,0.0,0.0,2026-02,2026-02.xlsx,1060.0
19,Agra,Ahmedabad,1722.0,2028.0,0.0,0.0,0.0,0.0,2026-02,2026-02.xlsx,3750.0
20,Agra,Bengaluru,4808.0,5797.0,0.707,3.372,0.0,0.0,2026-02,2026-02.xlsx,10605.0
21,Agra,Delhi,17.0,0.0,0.0,0.0,0.0,0.0,2026-02,2026-02.xlsx,17.0
22,Agra,Hyderabad,1349.0,1992.0,0.993,0.919,0.0,0.0,2026-02,2026-02.xlsx,3341.0
23,Agra,Mumbai,2138.0,2586.0,0.002,0.674,0.0,0.0,2026-02,2026-02.xlsx,4724.0
24,Agra,Varanasi,19.0,0.0,0.0,0.0,0.0,0.0,2026-02,2026-02.xlsx,19.0
25,Ahmedabad,Amritsar,4219.0,3795.0,0.486,0.06,0.0,0.0,2026-02,2026-02.xlsx,8014.0
26,Ahmedabad,Ayodhya,2162.0,1302.0,0.0,0.0,0.0,0.0,2026-02,2026-02.xlsx,3464.0
27,Ahmedabad,Bagdogra,4551.0,4342.0,5.90313,24.44666,2.604,0.156,2026-02,2026-02.xlsx,8893.0
28,Ahmedabad,Belgaum,1380.0,1368.0,0.0,0.0,0.0,0.0,2026-02,2026-02.xlsx,2748.0
29,Ahmedabad,Bengaluru,44237.0,43518.0,419.57492,349.15329,1.96,5.2216,2026-02,2026-02.xlsx,87755.0
30,Ahmedabad,Bhopal,4094.0,3837.0,0.086,0.0,0.298,0.844,2026-02,2026-02.xlsx,7931.0
31,Ahmedabad,Bhubaneswar,4529.0,4492.0,19.167,2.569,3.09,0.875,2026-02,2026-02.xlsx,9021.0
32,Ahmedabad,Bhuj,74.0,112.0,0.0,0.0,0.0,0.0,2026-02,2026-02.xlsx,186.0
33,Ahmedabad,Chandigarh,10250.0,9252.0,52.051,27.472,2.343,1.447,2026-02,2026-02.xlsx,19502.0
34,Ahmedabad,Chennai,22328.0,22298.0,237.38346,256.07735,1.368,5.494,2026-02,2026-02.xlsx,44626.0
35,Ahmedabad,Coimbatore,3697.0,3671.0,26.812,34.145,0.0,1.51,2026-02,2026-02.xlsx,7368.0
36,Ahmedabad,Dehradun,4927.0,4343.0,9.921,0.665,0.599,0.319,2026-02,2026-02.xlsx,9270.0
37,Ahmedabad,Delhi,102532.0,98785.0,1972.551473,1582.6838848,11.29,29.001253,2026-02,2026-02.xlsx,201317.0
38,Ahmedabad,Dibrugarh,203.0,232.0,0.805,0.632,0.0,0.057,2026-02,2026-02.xlsx,435.0
39,Ahmedabad,Diu,2471.0,2291.0,0.001,0.0,0.0,0.0,2026-02,2026-02.xlsx,4762.0
40,Ahmedabad,Durgapur,155.0,152.0,0.41,3.81,0.0,0.0,2026-02,2026-02.xlsx,307.0
41,Ahmedabad,Ghaziabad,4916.0,4306.0,0.0,0.0,0.0,0.0,2026-02,2026-02.xlsx,9222.0
42,Ahmedabad,"Goa (Dabolim, South Goa)",14591.0,14548.0,5.722,12.092,0.016,0.306,2026-02,2026-02.xlsx,29139.0
43,Ahmedabad,"Goa (Mopa, North Goa)",7749.0,8323.0,0.865,2.406,0.0,0.0,2026-02,2026-02.xlsx,16072.0
44,Ahmedabad,Guwahati,4578.0,4336.0,30.561,7.966,0.775,0.001,2026-02,2026-02.xlsx,8914.0
45,Ahmedabad,Hyderabad,21045.0,20214.0,163.802,89.796,1.575,2.405,2026-02,2026-02.xlsx,41259.0
46,Ahmedabad,Indore,5680.0,5391.0,0.029,0.072,0.219,1.386,2026-02,2026-02.xlsx,11071.0
47,Ahmedabad,Jaipur,8521.0,7831.0,0.831,2.794,0.288,0.0,2026-02,2026-02.xlsx,16352.0
48,Ahmedabad,Jalgaon,549.0,570.0,0.0,0.0,0.0,0.0,2026-02,2026-02.xlsx,1119.0
49,Ahmedabad,Jammu,2706.0,2413.0,2.643,0.0,0.0,0.0,2026-02,2026-02.xlsx,5119.0
50,Ahmedabad,Jamnagar,845.0,789.0,0.0,0.0,0.0,0.0,2026-02,2026-02.xlsx,1634.0
51,Ahmedabad,Jodhpur,1563.0,1686.0,0.0,0.002,0.0,0.0,2026-02,2026-02.xlsx,3249.0
52,Ahmedabad,Keshod,342.0,142.0,0.0,0.0,0.0,0.0,2026-02,2026-02.xlsx,484.0
53,Ahmedabad,Kishangarh,1541.0,1470.0,0.06,0.0,0.0,0.0,2026-02,2026-02.xlsx,3011.0
54,Ahmedabad,Kochi,4614.0,4620.0,36.708,19.171,0.899,2.308,2026-02,2026-02.xlsx,9234.0
55,Ahmedabad,Kolhapur,375.0,316.0,0.0,0.0,0.0,0.0,2026-02,2026-02.xlsx,691.0
56,Ahmedabad,Kolkata,27555.0,26415.0,256.92982,145.34794,2.408,2.49661,2026-02,2026-02.xlsx,53970.0
57,Ahmedabad,Lucknow,10844.0,9846.0,47.792,17.064,1.145,1.783,2026-02,2026-02.xlsx,20690.0
58,Ahmedabad,Mumbai,83099.0,81145.0,809.77704,871.2677997,19.3693,31.774844,2026-02,2026-02.xlsx,164244.0
59,Ahmedabad,Mumbai,4695.0,4805.0,8.498,34.336,0.481,0.108,2026-02,2026-02.xlsx,9500.0
60,Ahmedabad,Nagpur,3872.0,3799.0,0.017,0.106,0.412,3.662,2026-02,2026-02.xlsx,7671.0
61,Ahmedabad,Nanded,1558.0,1569.0,0.0,0.0,0.0,0.0,2026-02,2026-02.xlsx,3127.0
62,Ahmedabad,Nashik,2051.0,2094.0,0.0,0.0,0.0,0.0,2026-02,2026-02.xlsx,4145.0
63,Ahmedabad,Patna,5726.0,4324.0,39.038,2.358,2.624,1.958,2026-02,2026-02.xlsx,10050.0
64,Ahmedabad,Pune,20375.0,20640.0,114.60896,96.06552,4.187,1.408,2026-02,2026-02.xlsx,41015.0
65,Ahmedabad,Purnea,2411.0,2305.0,0.0,0.0,0.0,0.0,2026-02,2026-02.xlsx,4716.0
66,Ahmedabad,Raipur,4184.0,4697.0,12.452,4.714,1.859,0.068,2026-02,2026-02.xlsx,8881.0
67,Ahmedabad,Ranchi,4667.0,4378.0,15.776,2.053,1.795,0.785,2026-02,2026-02.xlsx,9045.0
68,Ahmedabad,Srinagar,6179.0,4887.0,2.34,0.006,0.599,0.0,2026-02,2026-02.xlsx,11066.0
69,Ahmedabad,Tirupati,144.0,0.0,0.0,0.0,0.0,0.0,2026-02,2026-02.xlsx,144.0
70,Ahmedabad,Varanasi,4071.0,4407.0,7.012,7.835,0.0,0.0,2026-02,2026-02.xlsx,8478.0
71,Ahmedabad,Vishakhapatnam (Visakhapatnam),117.0,0.0,1.42,0.0,0.0,0.0,2026-02,2026-02.xlsx,117.0
72,Aizawl,Delhi,5308.0,4677.0,17.959,26.429,0.004,1.911,2026-02,2026-02.xlsx,9985.0
73,Aizawl,Guwahati,4987.0,4749.0,0.571,8.393,3.59,6.57,2026-02,2026-02.xlsx,9736.0
74,Aizawl,Kolkata,5061.0,4840.0,14.425,13.861,12.54,6.615,2026-02,2026-02.xlsx,9901.0
75,Aizawl,Lucknow,140.0,41.0,0.0,0.034,0.0,0.0,2026-02,2026-02.xlsx,181.0
76,Aizawl,Shillong,261.0,177.0,0.0,0.0,0.0,0.0,2026-02,2026-02.xlsx,438.0
77,Allahabad (Prayagraj),Bengaluru,2978.0,3605.0,0.004,0.527,1.164,0.767,2026-02,2026-02.xlsx,6583.0
78,Allahabad (Prayagraj),Bhubaneswar,835.0,861.0,0.0,0.0,0.0,0.238,2026-02,2026-02.xlsx,1696.0
79,Allahabad (Prayagraj),Bilaspur,232.0,332.0,0.0,0.0,0.0,0.0,2026-02,2026-02.xlsx,564.0
80,Allahabad (Prayagraj),Delhi,4336.0,4419.0,0.036,0.998,0.0,27.056,2026-02,2026-02.xlsx,8755.0
81,Allahabad (Prayagraj),Hyderabad,1322.0,1446.0,0.0,0.037,0.627,0.531,2026-02,2026-02.xlsx,2768.0
82,Allahabad (Prayagraj),Mumbai,9574.0,10304.0,0.0,0.602,0.745,9.018,2026-02,2026-02.xlsx,19878.0
83,Amravati,Mumbai,844.0,785.0,0.0,0.0,0.0,0.0,2026-02,2026-02.xlsx,1629.0
84,Amritsar,Bengaluru,5021.0,5072.0,15.267,3.091,0.0,1.726,2026-02,2026-02.xlsx,10093.0
85,Amritsar,Chennai,106.0,192.0,0.014,0.08,0.0,0.0,2026-02,2026-02.xlsx,298.0
86,Amritsar,Delhi,50101.0,51617.0,41.126,27.927,0.0,0.02545,2026-02,2026-02.xlsx,101718.0
87,Amritsar,Guwahati,153.0,139.0,0.0,0.0,0.0,0.0,2026-02,2026-02.xlsx,292.0
88,Amritsar,Hyderabad,2325.0,2368.0,2.347,0.16,0.0,0.09,2026-02,2026-02.xlsx,4693.0
89,Amritsar,Kolkata,1746.0,1804.0,0.176,0.383,0.0,0.0,2026-02,2026-02.xlsx,3550.0
90,Amritsar,Kullu,250.0,126.0,0.0,0.0,0.0,0.0,2026-02,2026-02.xlsx,376.0
91,Amritsar,Mumbai,13017.0,13747.0,2.519,25.305,0.0,2.2858,2026-02,2026-02.xlsx,26764.0
92,Amritsar,Pune,4511.0,4748.0,0.505,1.048,0.0,0.004,2026-02,2026-02.xlsx,9259.0
93,Amritsar,Srinagar,4563.0,3646.0,0.172,0.665,0.0,0.427,2026-02,2026-02.xlsx,8209.0
94,Aurangabad,Bengaluru,2041.0,2046.0,0.0,0.437,0.0,0.13,2026-02,2026-02.xlsx,4087.0
95,Aurangabad,Coimbatore,54.0,66.0,0.0,0.0,0.0,0.0,2026-02,2026-02.xlsx,120.0
96,Aurangabad,Delhi,13316.0,12919.0,0.0,132.6275,0.0,7.8665,2026-02,2026-02.xlsx,26235.0
97,Aurangabad,"Goa (Dabolim, South Goa)",807.0,773.0,0.0,0.0,0.0,0.0,2026-02,2026-02.xlsx,1580.0
98,Aurangabad,Hyderabad,2126.0,1556.0,0.0,0.19,0.0,0.795,2026-02,2026-02.xlsx,3682.0
99,Aurangabad,Mumbai,8518.0,8684.0,0.0,6.602,0.0,17.769,2026-02,2026-02.xlsx,17202.0
100,Ayodhya,Bengaluru,4968.0,4606.0,0.0,0.0,0.0,0.0,2026-02,2026-02.xlsx,9574.0
101,Ayodhya,Delhi,12775.0,13082.0,0.0,0.617,0.0,0.0,2026-02,2026-02.xlsx,25857.0
102,Ayodhya,Hisar,138.0,282.0,0.0,0.0,0.0,0.0,2026-02,2026-02.xlsx,420.0
103,Ayodhya,Hyderabad,2448.0,2703.0,0.0,0.031,0.0,0.0,2026-02,2026-02.xlsx,5151.0
104,Ayodhya,Mumbai,5991.0,6381.0,0.0,0.081,0.0,0.0,2026-02,2026-02.xlsx,12372.0
105,Bagdogra,Bengaluru,22049.0,21841.0,84.13343,95.18419,2.19035,4.13739,2026-02,2026-02.xlsx,43890.0
106,Bagdogra,Bhubaneswar,475.0,590.0,0.032,0.0,0.0,0.076,2026-02,2026-02.xlsx,1065.0
107,Bagdogra,Chennai,5074.0,5749.0,14.065,6.317,1.337,1.097,2026-02,2026-02.xlsx,10823.0
108,Bagdogra,Delhi,51720.0,53015.0,196.61198,347.73899,11.985002,29.914,2026-02,2026-02.xlsx,104735.0
109,Bagdogra,Dibrugarh,4728.0,5060.0,0.257,0.045,0.0,0.0,2026-02,2026-02.xlsx,9788.0
110,Bagdogra,Durgapur,237.0,277.0,0.0,0.001,0.0,0.004,2026-02,2026-02.xlsx,514.0
111,Bagdogra,Guwahati,754.0,2620.0,2.09452,5.33331,0.0,0.2975,2026-02,2026-02.xlsx,3374.0
112,Bagdogra,Hyderabad,14430.0,15302.0,44.795,18.349,0.613,1.379,2026-02,2026-02.xlsx,29732.0
113,Bagdogra,Imphal,2386.0,3322.0,17.537,0.0,0.18055,0.0,2026-02,2026-02.xlsx,5708.0
114,Bagdogra,Kolkata,23892.0,24721.0,44.67831,24.01032,9.16,4.878,2026-02,2026-02.xlsx,48613.0
115,Bagdogra,Mumbai,23185.0,24395.0,37.7144,65.65942,1.657,5.2446,2026-02,2026-02.xlsx,47580.0
116,Bareilly,Bengaluru,1895.0,2021.0,0.0,0.075,0.0,0.0,2026-02,2026-02.xlsx,3916.0
117,Bareilly,Mumbai,3138.0,3572.0,0.0,0.283,0.0,0.0,2026-02,2026-02.xlsx,6710.0
118,Bathinda,Delhi,371.0,440.0,0.0,0.0,0.0,0.0,2026-02,2026-02.xlsx,811.0
119,Belgaum,Bengaluru,4090.0,4045.0,0.006,0.176,0.0,0.0,2026-02,2026-02.xlsx,8135.0
120,Belgaum,Delhi,5067.0,4560.0,0.179,0.304,0.0,0.0,2026-02,2026-02.xlsx,9627.0
121,Belgaum,Hyderabad,1950.0,2094.0,0.017,0.028,0.0,0.0,2026-02,2026-02.xlsx,4044.0
122,Belgaum,Jaipur,890.0,711.0,0.0,0.0,0.0,0.0,2026-02,2026-02.xlsx,1601.0
123,Bengaluru,Bhopal,11550.0,10527.0,29.212,19.309,7.046,1.414,2026-02,2026-02.xlsx,22077.0
124,Bengaluru,Bhubaneswar,34468.0,33163.0,150.04535,11.615,11.54127,6.94217,2026-02,2026-02.xlsx,67631.0
125,Bengaluru,Bidar,1243.0,1273.0,0.0,0.0,0.0,0.0,2026-02,2026-02.xlsx,2516.0
126,Bengaluru,Chandigarh,25627.0,24724.0,175.447,208.443,12.021876,1.383,2026-02,2026-02.xlsx,50351.0
127,Bengaluru,Chennai,60278.0,64235.0,478.81026,455.19531,30.16586,18.766,2026-02,2026-02.xlsx,124513.0
128,Bengaluru,Coimbatore,16292.0,15884.0,18.263,29.415,5.687,3.444,2026-02,2026-02.xlsx,32176.0
129,Bengaluru,Darbhanga,524.0,939.0,1.732,0.0,0.0,0.0,2026-02,2026-02.xlsx,1463.0
130,Bengaluru,Dehradun,9114.0,8026.0,7.739,4.231,4.287,0.954,2026-02,2026-02.xlsx,17140.0
131,Bengaluru,Delhi,223588.0,204012.0,4334.688267,5085.431302,20.1188,57.1415,2026-02,2026-02.xlsx,427600.0
132,Bengaluru,Deoghar,4860.0,4485.0,0.0,0.0,0.0,0.0,2026-02,2026-02.xlsx,9345.0
133,Bengaluru,Dibrugarh,226.0,193.0,0.669,0.0,0.0,0.0,2026-02,2026-02.xlsx,419.0
134,Bengaluru,Durgapur,5193.0,4864.0,12.42,16.777,0.0,0.0,2026-02,2026-02.xlsx,10057.0
135,Bengaluru,Ghaziabad,14104.0,11888.0,0.065,0.0,0.0,0.0,2026-02,2026-02.xlsx,25992.0
136,Bengaluru,"Goa (Dabolim, South Goa)",37534.0,38659.0,69.546,15.661,1.97754,0.8923,2026-02,2026-02.xlsx,76193.0
137,Bengaluru,"Goa (Mopa, North Goa)",19960.0,20118.0,13.187,41.931,0.0,0.261,2026-02,2026-02.xlsx,40078.0
138,Bengaluru,Gorakhpur,11371.0,10920.0,56.13545,34.939,2.2329,0.0,2026-02,2026-02.xlsx,22291.0
139,Bengaluru,Guwahati,26379.0,23633.0,188.95599,196.93984,14.9897,4.26218,2026-02,2026-02.xlsx,50012.0
140,Bengaluru,Gwalior,4252.0,4109.0,0.0,0.0,0.0,0.0,2026-02,2026-02.xlsx,8361.0
141,Bengaluru,Hirasar (Rajkot),5476.0,5920.0,6.205,5.069,1.695,0.0,2026-02,2026-02.xlsx,11396.0
142,Bengaluru,Hubli,3988.0,4094.0,0.296,0.672,0.682,1.139,2026-02,2026-02.xlsx,8082.0
143,Bengaluru,Hyderabad,88845.0,84118.0,265.526,138.243,39.68684,33.0265,2026-02,2026-02.xlsx,172963.0
144,Bengaluru,Imphal,546.0,471.0,4.254,22.008,0.0,0.0,2026-02,2026-02.xlsx,1017.0
145,Bengaluru,Indore,19291.0,18796.0,111.322,52.811,4.2336,1.498,2026-02,2026-02.xlsx,38087.0
146,Bengaluru,Jabalpur,4052.0,3814.0,0.16,0.063,7.668,0.0,2026-02,2026-02.xlsx,7866.0
147,Bengaluru,Jaipur,29657.0,28792.0,208.811,238.163,10.1284,1.661,2026-02,2026-02.xlsx,58449.0
148,Bengaluru,Jaisalmer,6051.0,6045.0,0.002,0.0,0.0,0.0,2026-02,2026-02.xlsx,12096.0
149,Bengaluru,Jammu,2824.0,2505.0,1.168,0.0,0.168,0.0,2026-02,2026-02.xlsx,5329.0
150,Bengaluru,Jharsuguda,4113.0,4041.0,0.11,0.0,0.0,0.0,2026-02,2026-02.xlsx,8154.0
151,Bengaluru,Jodhpur,10790.0,10396.0,6.179,11.031,3.3966,2.027,2026-02,2026-02.xlsx,21186.0
152,Bengaluru,Kannur,4163.0,5319.0,0.442,0.0,1.07824,0.0,2026-02,2026-02.xlsx,9482.0
153,Bengaluru,Kanpur,2520.0,2325.0,0.534,0.613,0.0,0.0,2026-02,2026-02.xlsx,4845.0
154,Bengaluru,Kochi,53489.0,54461.0,139.0701,88.302,23.028706,11.375,2026-02,2026-02.xlsx,107950.0
155,Bengaluru,Kolhapur,2009.0,1870.0,0.111,0.0,0.0,0.0,2026-02,2026-02.xlsx,3879.0
156,Bengaluru,Kolkata,83278.0,81218.0,684.34189,714.26271,15.1831,11.761889,2026-02,2026-02.xlsx,164496.0
157,Bengaluru,Kozhikode,17872.0,18521.0,14.77,0.126,4.65876,0.0,2026-02,2026-02.xlsx,36393.0
158,Bengaluru,Kurnool,227.0,224.0,0.039,0.0,0.0,0.0,2026-02,2026-02.xlsx,451.0
159,Bengaluru,Lucknow,26499.0,25485.0,182.5705,91.574,13.22383,3.392,2026-02,2026-02.xlsx,51984.0
160,Bengaluru,Madurai,6452.0,6718.0,1.249,18.556,2.388,1.582,2026-02,2026-02.xlsx,13170.0
161,Bengaluru,Malvan,1006.0,1046.0,0.0,0.0,0.0,0.0,2026-02,2026-02.xlsx,2052.0
162,Bengaluru,Mangalore (Mangaluru),32247.0,32678.0,7.508,29.159,10.5648,128.036,2026-02,2026-02.xlsx,64925.0
163,Bengaluru,Mumbai,156463.0,158064.0,1554.05717,1621.3267603,14.34164,35.826551,2026-02,2026-02.xlsx,314527.0
164,Bengaluru,Mumbai,13002.0,13603.0,30.412,62.353,0.108,0.058,2026-02,2026-02.xlsx,26605.0
165,Bengaluru,Nagpur,24926.0,25092.0,35.633,23.888,4.8592,3.376,2026-02,2026-02.xlsx,50018.0
166,Bengaluru,Nanded,1471.0,1497.0,0.0,0.0,0.0,0.0,2026-02,2026-02.xlsx,2968.0
167,Bengaluru,Nashik,4371.0,4418.0,0.733,0.131,0.55,0.086,2026-02,2026-02.xlsx,8789.0
168,Bengaluru,Patna,29687.0,25796.0,145.30561,30.51239,34.302998,1.462,2026-02,2026-02.xlsx,55483.0
169,Bengaluru,Pondicherry (Puducherry),2057.0,2095.0,0.103,0.0,0.0,0.0,2026-02,2026-02.xlsx,4152.0
170,Bengaluru,Port Blair,14678.0,14679.0,18.702,8.916,2.27507,0.0,2026-02,2026-02.xlsx,29357.0
171,Bengaluru,Pune,67108.0,66897.0,472.95952,288.799,13.11626,3.159,2026-02,2026-02.xlsx,134005.0
172,Bengaluru,Raipur,11365.0,10883.0,39.979,2.445,5.795,1.138,2026-02,2026-02.xlsx,22248.0
173,Bengaluru,Rajahmundry,2064.0,2008.0,0.154,0.0,0.0,0.0,2026-02,2026-02.xlsx,4072.0
174,Bengaluru,Ranchi,20330.0,18562.0,107.636,21.894,10.053304,2.2995,2026-02,2026-02.xlsx,38892.0
175,Bengaluru,Salem,1602.0,1924.0,0.073,0.0,0.0,0.0,2026-02,2026-02.xlsx,3526.0
176,Bengaluru,Shirdi,5232.0,5771.0,0.022,0.0,0.0,0.0,2026-02,2026-02.xlsx,11003.0
177,Bengaluru,Shivamogga,1588.0,1538.0,0.017,0.0,0.0,0.0,2026-02,2026-02.xlsx,3126.0
178,Bengaluru,Silchar,530.0,302.0,0.412,0.001,0.0,0.0,2026-02,2026-02.xlsx,832.0
179,Bengaluru,Srinagar,7288.0,6595.0,2.758,7.457,0.611,0.0,2026-02,2026-02.xlsx,13883.0
180,Bengaluru,Surat,12813.0,12853.0,73.0,118.88,1.71045,4.649,2026-02,2026-02.xlsx,25666.0
181,Bengaluru,Thiruvananthapuram,26738.0,27555.0,34.759,2.734,10.1282,5.095,2026-02,2026-02.xlsx,54293.0
182,Bengaluru,Tiruchirappalli,7868.0,8184.0,0.314,0.048,1.13602,0.0,2026-02,2026-02.xlsx,16052.0
183,Bengaluru,Tirupati,1987.0,2007.0,0.0,0.001,0.451,0.0,2026-02,2026-02.xlsx,3994.0
184,Bengaluru,Tuticorin,1916.0,2039.0,0.015,0.0,0.0,0.0,2026-02,2026-02.xlsx,3955.0
185,Bengaluru,Udaipur,15229.0,14431.0,23.163,0.133,0.0,0.0,2026-02,2026-02.xlsx,29660.0
186,Bengaluru,Vadodara,4942.0,4849.0,8.447,0.0,3.805,0.0,2026-02,2026-02.xlsx,9791.0
187,Bengaluru,Varanasi,45704.0,38772.0,54.387,49.87909,4.81567,0.3694,2026-02,2026-02.xlsx,84476.0
188,Bengaluru,Vidyanagar,1250.0,1315.0,0.0,0.0,0.0,0.0,2026-02,2026-02.xlsx,2565.0
189,Bengaluru,Vijaywada,10956.0,10940.0,0.984,0.015,2.493,0.32,2026-02,2026-02.xlsx,21896.0
190,Bengaluru,Vishakhapatnam (Visakhapatnam),19191.0,18009.0,65.399,12.206,6.4488,0.794,2026-02,2026-02.xlsx,37200.0
191,Bhopal,Delhi,27522.0,26381.0,22.123,135.4861824,15.82347,23.919531,2026-02,2026-02.xlsx,53903.0
192,Bhopal,"Goa (Dabolim, South Goa)",4432.0,4600.0,0.015,2.168,0.0,4.778,2026-02,2026-02.xlsx,9032.0
193,Bhopal,Hyderabad,1914.0,2088.0,0.0,0.052,0.635,0.079,2026-02,2026-02.xlsx,4002.0
194,Bhopal,Indore,0.0,170.0,0.0,0.0,0.0,0.0,2026-02,2026-02.xlsx,170.0
195,Bhopal,Mumbai,15560.0,16964.0,9.629,58.446,4.1563,19.017855,2026-02,2026-02.xlsx,32524.0
196,Bhopal,Pune,4196.0,4833.0,0.022,3.681,0.0,0.489,2026-02,2026-02.xlsx,9029.0
197,Bhopal,Raipur,1946.0,1949.0,0.023,0.072,1.357,0.0,2026-02,2026-02.xlsx,3895.0
198,Bhubaneswar,Chandigarh,1172.0,1005.0,0.087,3.523,0.178,0.0,2026-02,2026-02.xlsx,2177.0
199,Bhubaneswar,Chennai,6244.0,6203.0,0.519,30.865,1.073,6.475,2026-02,2026-02.xlsx,12447.0
200,Bhubaneswar,Dehradun,1821.0,1802.0,0.002,0.007,0.098,0.067,2026-02,2026-02.xlsx,3623.0
201,Bhubaneswar,Delhi,50674.0,51425.0,105.9805,634.6539266,14.565595,61.503755,2026-02,2026-02.xlsx,102099.0
202,Bhubaneswar,Dimapur,149.0,127.0,0.313,0.0,0.0,0.0,2026-02,2026-02.xlsx,276.0
203,Bhubaneswar,Durgapur,732.0,790.0,0.0,0.0,0.004,0.0,2026-02,2026-02.xlsx,1522.0
204,Bhubaneswar,"Goa (Mopa, North Goa)",1874.0,1967.0,0.0,0.001,0.0,0.0,2026-02,2026-02.xlsx,3841.0
205,Bhubaneswar,Guwahati,4477.0,4316.0,1.517,6.561,0.826,0.795,2026-02,2026-02.xlsx,8793.0
206,Bhubaneswar,Hyderabad,17271.0,17675.0,4.225,42.312,2.451,9.907,2026-02,2026-02.xlsx,34946.0
207,Bhubaneswar,Indore,2467.0,2620.0,0.0,1.049,0.161,0.0,2026-02,2026-02.xlsx,5087.0
208,Bhubaneswar,Jammu,130.0,116.0,0.001,0.123,0.053,0.0,2026-02,2026-02.xlsx,246.0
209,Bhubaneswar,Jamshedpur,63.0,76.0,0.0,0.0,0.0,0.0,2026-02,2026-02.xlsx,139.0
210,Bhubaneswar,Jeypore,404.0,454.0,0.0,0.0,0.0,0.0,2026-02,2026-02.xlsx,858.0
211,Bhubaneswar,Jharsuguda,733.0,823.0,0.0,0.0,0.0,0.0,2026-02,2026-02.xlsx,1556.0
212,Bhubaneswar,Kochi,3140.0,3897.0,0.057,2.341,1.641202,0.03813,2026-02,2026-02.xlsx,7037.0
213,Bhubaneswar,Kolkata,15867.0,15995.0,72.156,19.66,4.793,8.368,2026-02,2026-02.xlsx,31862.0
214,Bhubaneswar,Lucknow,1378.0,1582.0,1.207,1.732,0.871,0.727,2026-02,2026-02.xlsx,2960.0
215,Bhubaneswar,Mumbai,25235.0,26795.0,31.107,137.197,3.474,14.091684,2026-02,2026-02.xlsx,52030.0
216,Bhubaneswar,Patna,3596.0,3617.0,0.427,0.283,0.896,1.015,2026-02,2026-02.xlsx,7213.0
217,Bhubaneswar,Pune,4177.0,4131.0,4.708,28.702,0.938388,0.0,2026-02,2026-02.xlsx,8308.0
218,Bhubaneswar,Raipur,3592.0,3309.0,0.586,0.005,0.192,0.618,2026-02,2026-02.xlsx,6901.0
219,Bhubaneswar,Ranchi,2027.0,1993.0,0.0,0.003,0.384,0.501,2026-02,2026-02.xlsx,4020.0
220,Bhubaneswar,Rourkela,15.0,17.0,0.0,0.0,0.0,0.0,2026-02,2026-02.xlsx,32.0
221,Bhubaneswar,Utkela,129.0,228.0,0.0,0.0,0.0,0.0,2026-02,2026-02.xlsx,357.0
222,Bhubaneswar,Varanasi,1694.0,1659.0,0.0,0.114,0.036,0.0,2026-02,2026-02.xlsx,3353.0
223,Bhubaneswar,Vishakhapatnam (Visakhapatnam),1955.0,2105.0,0.0,0.0,0.247,0.0,2026-02,2026-02.xlsx,4060.0
224,Bhuj,Delhi,4615.0,4444.0,0.0,0.1715,0.0,0.0,2026-02,2026-02.xlsx,9059.0
225,Bhuj,Mumbai,8348.0,8038.0,0.0,0.468,0.0,0.0,2026-02,2026-02.xlsx,16386.0
226,Bhuj,Surat,252.0,352.0,0.0,0.0,0.0,0.0,2026-02,2026-02.xlsx,604.0
227,Bikaner,Delhi,1945.0,1979.0,0.0,0.346,0.0,0.0,2026-02,2026-02.xlsx,3924.0
228,Bikaner,Jaipur,97.0,159.0,0.0,0.0,0.0,0.0,2026-02,2026-02.xlsx,256.0
229,Bilaspur,Delhi,377.0,417.0,0.0,0.0,0.0,0.0,2026-02,2026-02.xlsx,794.0
230,Bilaspur,Jabalpur,249.0,97.0,0.0,0.0,0.0,0.0,2026-02,2026-02.xlsx,346.0
231,Bilaspur,Kolkata,347.0,296.0,0.0,0.0,0.0,0.0,2026-02,2026-02.xlsx,643.0
232,Chandigarh,Chennai,5653.0,5862.0,53.548,37.889,0.0,14.533,2026-02,2026-02.xlsx,11515.0
233,Chandigarh,Delhi,36191.0,37537.0,98.566,136.8345912,21.146826,24.787695,2026-02,2026-02.xlsx,73728.0
234,Chandigarh,Dharamsala,1284.0,1272.0,0.002,0.0,0.0,0.0,2026-02,2026-02.xlsx,2556.0
235,Chandigarh,"Goa (Dabolim, South Goa)",5851.0,6106.0,4.107,7.546,0.0,0.623,2026-02,2026-02.xlsx,11957.0
236,Chandigarh,"Goa (Mopa, North Goa)",4717.0,4880.0,0.036,2.051,0.0,0.0,2026-02,2026-02.xlsx,9597.0
237,Chandigarh,Guwahati,749.0,965.0,5.291,1.538,0.0,0.736,2026-02,2026-02.xlsx,1714.0
238,Chandigarh,Hisar,14.0,40.0,0.0,0.0,0.0,0.0,2026-02,2026-02.xlsx,54.0
239,Chandigarh,Hyderabad,9754.0,10510.0,45.55,39.172,1.039,4.038,2026-02,2026-02.xlsx,20264.0
240,Chandigarh,Indore,3731.0,3996.0,10.541,2.856,1.002,0.472,2026-02,2026-02.xlsx,7727.0
241,Chandigarh,Jaipur,6265.0,6614.0,0.001,0.014,0.0,0.0,2026-02,2026-02.xlsx,12879.0
242,Chandigarh,Kochi,334.0,597.0,1.359,0.608,0.0,0.0,2026-02,2026-02.xlsx,931.0
243,Chandigarh,Kolkata,6449.0,6943.0,17.656,10.272,0.0,0.514,2026-02,2026-02.xlsx,13392.0
244,Chandigarh,Leh,3190.0,2708.0,11.4665,0.0,4.990244,0.0,2026-02,2026-02.xlsx,5898.0
245,Chandigarh,Lucknow,5112.0,4780.0,7.26,0.443,0.523,3.499,2026-02,2026-02.xlsx,9892.0
246,Chandigarh,Mumbai,22964.0,24229.0,95.0055,189.0488458,4.058,18.689616,2026-02,2026-02.xlsx,47193.0
247,Chandigarh,Patna,3520.0,3142.0,5.525,1.117,0.0,1.337,2026-02,2026-02.xlsx,6662.0
248,Chandigarh,Pune,6267.0,5314.0,30.793,40.731,0.0,0.0,2026-02,2026-02.xlsx,11581.0
249,Chandigarh,Srinagar,8651.0,7566.0,3.433,0.207,0.595,0.315,2026-02,2026-02.xlsx,16217.0
250,Chandigarh,Udaipur,377.0,229.0,0.0,0.0,0.0,0.0,2026-02,2026-02.xlsx,606.0
251,Chennai,Coimbatore,29259.0,31564.0,42.105,21.006,2.579,12.674,2026-02,2026-02.xlsx,60823.0
252,Chennai,Cuddapah (Kadapa),454.0,634.0,0.085,0.0,0.0,0.0,2026-02,2026-02.xlsx,1088.0
253,Chennai,Dehradun,295.0,452.0,0.038,3.676,0.763,0.754,2026-02,2026-02.xlsx,747.0
254,Chennai,Delhi,99487.0,93593.0,3555.222029,2886.159194,23.44971,75.65044,2026-02,2026-02.xlsx,193080.0
255,Chennai,Durgapur,4213.0,3465.0,0.799,8.473,0.0,0.0,2026-02,2026-02.xlsx,7678.0
256,Chennai,Ghaziabad,4079.0,3307.0,0.0,0.0,0.0,0.0,2026-02,2026-02.xlsx,7386.0
257,Chennai,"Goa (Dabolim, South Goa)",5721.0,5796.0,4.72,3.548,0.596,0.546,2026-02,2026-02.xlsx,11517.0
258,Chennai,"Goa (Mopa, North Goa)",4632.0,4792.0,5.898,15.159,0.0,0.059,2026-02,2026-02.xlsx,9424.0
259,Chennai,Guwahati,13941.0,12943.0,27.68,29.129,5.816,2.425,2026-02,2026-02.xlsx,26884.0
260,Chennai,Hyderabad,55990.0,56181.0,679.61583,571.83608,18.094,22.877,2026-02,2026-02.xlsx,112171.0
261,Chennai,Indore,5641.0,5323.0,56.653,16.827,7.996,1.153,2026-02,2026-02.xlsx,10964.0
262,Chennai,Jaipur,8542.0,8423.0,34.228,93.958,6.51,1.24,2026-02,2026-02.xlsx,16965.0
263,Chennai,Jammu,197.0,81.0,0.028,0.0,0.0,0.0,2026-02,2026-02.xlsx,278.0
264,Chennai,Kannur,1095.0,1054.0,0.168,0.0,0.0,0.0,2026-02,2026-02.xlsx,2149.0
265,Chennai,Kanpur,113.0,75.0,0.154,0.0,0.0,0.0,2026-02,2026-02.xlsx,188.0
266,Chennai,Kochi,27810.0,29432.0,48.91639,23.07234,12.726,8.836,2026-02,2026-02.xlsx,57242.0
267,Chennai,Kolkata,48222.0,45789.0,413.77011,156.04493,11.089,0.544,2026-02,2026-02.xlsx,94011.0
268,Chennai,Kozhikode,1908.0,2032.0,0.155,0.0,1.009,0.0,2026-02,2026-02.xlsx,3940.0
269,Chennai,Lucknow,4438.0,3660.0,29.799,12.302,11.813,1.895,2026-02,2026-02.xlsx,8098.0
270,Chennai,Madurai,20102.0,20023.0,12.1255,49.526,14.60256,13.21388,2026-02,2026-02.xlsx,40125.0
271,Chennai,Mangalore (Mangaluru),1856.0,1920.0,0.013,0.013,0.032,0.0,2026-02,2026-02.xlsx,3776.0
272,Chennai,Mumbai,90203.0,91613.0,802.0584919,729.2289432,35.6316,30.582687,2026-02,2026-02.xlsx,181816.0
273,Chennai,Mumbai,3013.0,3602.0,0.0,12.548,0.0,0.113,2026-02,2026-02.xlsx,6615.0
274,Chennai,Mysore,1918.0,2027.0,0.007,0.0,0.0,0.0,2026-02,2026-02.xlsx,3945.0
275,Chennai,Patna,4825.0,4749.0,20.215,10.83,5.562,0.26,2026-02,2026-02.xlsx,9574.0
276,Chennai,Port Blair,26335.0,26205.0,114.164,113.547,38.11058,0.0,2026-02,2026-02.xlsx,52540.0
277,Chennai,Pune,34279.0,34073.0,448.81584,217.87409,5.042,2.975,2026-02,2026-02.xlsx,68352.0
278,Chennai,Raipur,5139.0,3402.0,24.852,9.036,2.197,0.949,2026-02,2026-02.xlsx,8541.0
279,Chennai,Rajahmundry,2017.0,1932.0,0.004,0.0,0.0,0.0,2026-02,2026-02.xlsx,3949.0
280,Chennai,Ranchi,4965.0,3768.0,33.815,7.408,2.108,0.331,2026-02,2026-02.xlsx,8733.0
281,Chennai,Salem,1939.0,1986.0,0.012,0.0,0.0,0.0,2026-02,2026-02.xlsx,3925.0
282,Chennai,Shirdi,4267.0,3955.0,1.928,0.0,0.07,0.0,2026-02,2026-02.xlsx,8222.0
283,Chennai,Shivamogga,858.0,844.0,0.0,4.103,0.0,0.0,2026-02,2026-02.xlsx,1702.0
284,Chennai,Surat,2845.0,2699.0,39.927,28.098,0.299,0.262,2026-02,2026-02.xlsx,5544.0
285,Chennai,Thiruvananthapuram,12887.0,14718.0,9.607,4.049,6.795,5.078,2026-02,2026-02.xlsx,27605.0
286,Chennai,Tiruchirappalli,9893.0,10438.0,0.813,7.894,0.139,0.0,2026-02,2026-02.xlsx,20331.0
287,Chennai,Tuticorin,8145.0,8215.0,0.315,0.569,0.0,0.0,2026-02,2026-02.xlsx,16360.0
288,Chennai,Vadodara,807.0,693.0,6.105,0.0,0.0,0.0,2026-02,2026-02.xlsx,1500.0
289,Chennai,Varanasi,6283.0,5170.0,2.645,25.739,5.182,0.291,2026-02,2026-02.xlsx,11453.0
290,Chennai,Vijaywada,3944.0,3881.0,0.457,0.101,0.0,0.0,2026-02,2026-02.xlsx,7825.0
291,Chennai,Vishakhapatnam (Visakhapatnam),14994.0,13148.0,41.983,7.571,6.429,1.783,2026-02,2026-02.xlsx,28142.0
292,Coimbatore,Delhi,18644.0,17188.0,242.3435,185.0285,5.452,16.17057,2026-02,2026-02.xlsx,35832.0
293,Coimbatore,Durgapur,85.0,101.0,0.252,0.036,0.0,0.0,2026-02,2026-02.xlsx,186.0
294,Coimbatore,"Goa (Dabolim, South Goa)",1930.0,1997.0,0.0,0.002,0.0,0.0,2026-02,2026-02.xlsx,3927.0
295,Coimbatore,Guwahati,425.0,296.0,1.268,0.361,1.451,0.0,2026-02,2026-02.xlsx,721.0
296,Coimbatore,Hyderabad,18473.0,17828.0,59.035,23.359,4.132,5.068,2026-02,2026-02.xlsx,36301.0
297,Coimbatore,Jaipur,256.0,231.0,2.025,1.076,0.0,0.0,2026-02,2026-02.xlsx,487.0
298,Coimbatore,Kolkata,0.0,278.0,0.0,2.063,0.0,0.0,2026-02,2026-02.xlsx,278.0
299,Coimbatore,Lucknow,20.0,0.0,0.0,0.0,0.0,0.0,2026-02,2026-02.xlsx,20.0
300,Coimbatore,Mumbai,19752.0,19255.0,139.988,194.8812223,6.414,13.5886231,2026-02,2026-02.xlsx,39007.0
301,Coimbatore,Mumbai,3827.0,3810.0,3.446,0.034,0.0,0.0,2026-02,2026-02.xlsx,7637.0
302,Coimbatore,Nashik,80.0,32.0,0.0,0.0,0.0,0.0,2026-02,2026-02.xlsx,112.0
303,Coimbatore,Pune,4828.0,4332.0,34.604,30.344,0.04,0.303,2026-02,2026-02.xlsx,9160.0
304,Coimbatore,Shirdi,270.0,376.0,0.0,0.0,0.0,0.0,2026-02,2026-02.xlsx,646.0
305,Cooch Behar,Kolkata,4.0,5.0,0.0,0.0,0.0,0.0,2026-02,2026-02.xlsx,9.0
306,Cuddapah (Kadapa),Hyderabad,2051.0,1856.0,0.0,0.037,0.0,0.0,2026-02,2026-02.xlsx,3907.0
307,Cuddapah (Kadapa),Vijaywada,355.0,244.0,0.0,0.288,0.0,0.0,2026-02,2026-02.xlsx,599.0
308,Darbhanga,Delhi,12366.0,12961.0,0.0,9.74933,0.0,0.0,2026-02,2026-02.xlsx,25327.0
309,Darbhanga,Hyderabad,3439.0,4407.0,0.0,0.171,0.0,0.0,2026-02,2026-02.xlsx,7846.0
310,Darbhanga,Kolkata,883.0,1103.0,0.0,0.038,0.0,0.0,2026-02,2026-02.xlsx,1986.0
311,Darbhanga,Mumbai,9854.0,10615.0,0.0,29.15633,0.0,0.0,2026-02,2026-02.xlsx,20469.0
312,Dehradun,Delhi,24042.0,25773.0,5.638,12.465,9.322,10.951,2026-02,2026-02.xlsx,49815.0
313,Dehradun,Guwahati,237.0,220.0,0.339,0.001,0.217,0.155,2026-02,2026-02.xlsx,457.0
314,Dehradun,Hyderabad,3776.0,4520.0,0.943,9.556,0.434,1.411,2026-02,2026-02.xlsx,8296.0
315,Dehradun,Indore,423.0,368.0,0.0,0.0,0.0,0.0,2026-02,2026-02.xlsx,791.0
316,Dehradun,Jaipur,2607.0,2733.0,0.0,0.001,0.038,0.0,2026-02,2026-02.xlsx,5340.0
317,Dehradun,Kolkata,2180.0,2290.0,3.306,1.122,0.221,0.0,2026-02,2026-02.xlsx,4470.0
318,Dehradun,Kullu,138.0,79.0,0.0,0.0,0.0,0.0,2026-02,2026-02.xlsx,217.0
319,Dehradun,Lucknow,3903.0,3488.0,0.84,0.397,1.525,1.183,2026-02,2026-02.xlsx,7391.0
320,Dehradun,Mumbai,11464.0,12120.0,4.738,11.982,1.461,4.308,2026-02,2026-02.xlsx,23584.0
321,Dehradun,Pune,3494.0,4052.0,3.86,2.712,0.122,0.345,2026-02,2026-02.xlsx,7546.0
322,Delhi,Deoghar,8994.0,8003.0,0.055,0.0,0.0,0.0,2026-02,2026-02.xlsx,16997.0
323,Delhi,Dharamsala,5617.0,4636.0,0.054,0.0,0.0,0.0,2026-02,2026-02.xlsx,10253.0
324,Delhi,Dibrugarh,9310.0,9123.0,25.755,2.449,9.602,1.436,2026-02,2026-02.xlsx,18433.0
325,Delhi,Dimapur,4154.0,4548.0,9.248,19.558,3.517,7.416,2026-02,2026-02.xlsx,8702.0
326,Delhi,Durgapur,4498.0,4364.0,33.459,20.189,0.0,0.0,2026-02,2026-02.xlsx,8862.0
327,Delhi,Gaya,9442.0,9301.0,0.206,0.0,0.0,0.0,2026-02,2026-02.xlsx,18743.0
328,Delhi,"Goa (Dabolim, South Goa)",49968.0,52814.0,184.2314879,69.8088502,6.180215,3.90535,2026-02,2026-02.xlsx,102782.0
329,Delhi,"Goa (Mopa, North Goa)",41799.0,43845.0,125.63495,43.95822,0.242,1.159153,2026-02,2026-02.xlsx,85644.0
330,Delhi,Gorakhpur,19749.0,18068.0,61.21454,40.37695,9.334,0.146,2026-02,2026-02.xlsx,37817.0
331,Delhi,Guwahati,66438.0,66783.0,755.4795682,133.2633163,58.012019,11.77115,2026-02,2026-02.xlsx,133221.0
332,Delhi,Gwalior,4291.0,4463.0,0.11,0.0,0.0,0.0,2026-02,2026-02.xlsx,8754.0
333,Delhi,Hirasar (Rajkot),18529.0,19586.0,32.4855,77.8465,14.228643,7.060948,2026-02,2026-02.xlsx,38115.0
334,Delhi,Hubli,4861.0,4913.0,8.139,2.238,10.044,0.464,2026-02,2026-02.xlsx,9774.0
335,Delhi,Hyderabad,128909.0,136874.0,1783.346546,1349.5133018,52.05192,14.6605,2026-02,2026-02.xlsx,265783.0
336,Delhi,Imphal,13747.0,14832.0,87.09,115.725,9.407,9.65,2026-02,2026-02.xlsx,28579.0
337,Delhi,Indore,45873.0,46470.0,294.9786263,170.5287999,35.75653,5.62326,2026-02,2026-02.xlsx,92343.0
338,Delhi,Itanagar,4433.0,4519.0,2.093,1.33,0.0,0.0,2026-02,2026-02.xlsx,8952.0
339,Delhi,Jabalpur,9368.0,9051.0,2.113,2.399,24.11,0.0,2026-02,2026-02.xlsx,18419.0
340,Delhi,Jagdalpur,233.0,451.0,0.0,0.0,0.0,0.0,2026-02,2026-02.xlsx,684.0
341,Delhi,Jaipur,31482.0,32521.0,89.533961,221.9325671,25.306228,12.517,2026-02,2026-02.xlsx,64003.0
342,Delhi,Jaisalmer,11843.0,12440.0,0.356,0.0,0.0,0.0,2026-02,2026-02.xlsx,24283.0
343,Delhi,Jammu,28119.0,25464.0,60.01995,18.30994,9.225147,0.0113,2026-02,2026-02.xlsx,53583.0
344,Delhi,Jharsuguda,5024.0,4912.0,0.349,0.0,0.0,0.0,2026-02,2026-02.xlsx,9936.0
345,Delhi,Jodhpur,19292.0,19209.0,22.481,0.018,35.10125,7.837,2026-02,2026-02.xlsx,38501.0
346,Delhi,Jorhat,2737.0,2560.0,0.205,0.002,0.0,0.0,2026-02,2026-02.xlsx,5297.0
347,Delhi,Kannur,3387.0,3461.0,1.136,0.33,0.0,0.0,2026-02,2026-02.xlsx,6848.0
348,Delhi,Kanpur,4906.0,4671.0,0.789,0.023,13.992,0.0,2026-02,2026-02.xlsx,9577.0
349,Delhi,Khajuraho,3600.0,3609.0,0.018,0.0,0.0,0.0,2026-02,2026-02.xlsx,7209.0
350,Delhi,Kochi,37872.0,39557.0,417.9222517,318.562,32.600433,26.048192,2026-02,2026-02.xlsx,77429.0
351,Delhi,Kolkata,129698.0,131974.0,1814.5434035,2336.292374,68.336591,29.30604,2026-02,2026-02.xlsx,261672.0
352,Delhi,Kozhikode,5789.0,5966.0,9.6,1.48,7.634,0.0,2026-02,2026-02.xlsx,11755.0
353,Delhi,Kullu,499.0,346.0,0.0,0.0,0.0,0.0,2026-02,2026-02.xlsx,845.0
354,Delhi,Leh,22646.0,19208.0,115.903,22.76771,48.526705,19.4307,2026-02,2026-02.xlsx,41854.0
355,Delhi,Lucknow,66257.0,60261.0,283.1108047,102.6015,105.750236,17.693,2026-02,2026-02.xlsx,126518.0
356,Delhi,Madurai,4841.0,4921.0,24.119,96.219,11.277,1.629,2026-02,2026-02.xlsx,9762.0
357,Delhi,Mangalore (Mangaluru),13188.0,15176.0,29.151,4.562,2.013,39.447,2026-02,2026-02.xlsx,28364.0
358,Delhi,Mumbai,266765.0,286792.0,7289.067339,4309.860991,50.35129,109.337445,2026-02,2026-02.xlsx,553557.0
359,Delhi,Mumbai,25429.0,26946.0,82.789,34.085,0.0,0.0,2026-02,2026-02.xlsx,52375.0
360,Delhi,Nagpur,35683.0,38160.0,240.2245,70.9365,21.8876,17.718,2026-02,2026-02.xlsx,73843.0
361,Delhi,Nashik,9133.0,9444.0,42.288,25.705,3.065,0.231,2026-02,2026-02.xlsx,18577.0
362,Delhi,Pantnagar,3770.0,3555.0,0.336,0.0,0.0,0.0,2026-02,2026-02.xlsx,7325.0
363,Delhi,Patna,71414.0,61104.0,440.1276216,64.9735,104.867256,17.11028,2026-02,2026-02.xlsx,132518.0
364,Delhi,Pithoragarh,348.0,238.0,0.0,0.0,0.0,0.0,2026-02,2026-02.xlsx,586.0
365,Delhi,Port Blair,11996.0,12035.0,46.8423712,11.9075,4.962368,3.362862,2026-02,2026-02.xlsx,24031.0
366,Delhi,Pune,119436.0,126097.0,1491.0674847,1577.127431,29.269,2.340604,2026-02,2026-02.xlsx,245533.0
367,Delhi,Purnea,4921.0,4768.0,0.264,0.0,0.0,0.0,2026-02,2026-02.xlsx,9689.0
368,Delhi,Raipur,37290.0,38443.0,302.868233,24.962,44.34211,7.17076,2026-02,2026-02.xlsx,75733.0
369,Delhi,Rajahmundry,3354.0,3950.0,1.048,0.176,0.0,0.0,2026-02,2026-02.xlsx,7304.0
370,Delhi,Ranchi,35697.0,34648.0,444.01,108.809,66.043148,11.1464,2026-02,2026-02.xlsx,70345.0
371,Delhi,Rewa,728.0,699.0,0.0,0.0,0.0,0.0,2026-02,2026-02.xlsx,1427.0
372,Delhi,Shillong,640.0,503.0,0.0,0.0,0.0,0.0,2026-02,2026-02.xlsx,1143.0
373,Delhi,Shirdi,4655.0,4916.0,0.218,1.737,0.0,0.07,2026-02,2026-02.xlsx,9571.0
374,Delhi,Silchar,971.0,869.0,0.0,0.0,0.0,0.0,2026-02,2026-02.xlsx,1840.0
375,Delhi,Srinagar,73091.0,70215.0,381.6830574,349.65389,35.866954,39.208,2026-02,2026-02.xlsx,143306.0
376,Delhi,Surat,27183.0,27838.0,87.916,253.387,17.642527,3.736,2026-02,2026-02.xlsx,55021.0
377,Delhi,Thiruvananthapuram,17624.0,18180.0,94.834,100.545,14.120956,7.468865,2026-02,2026-02.xlsx,35804.0
378,Delhi,Tiruchirappalli,4231.0,4144.0,1.261,0.51,0.0,0.0,2026-02,2026-02.xlsx,8375.0
379,Delhi,Tirupati,4542.0,4167.0,28.007,15.287,6.243,0.0,2026-02,2026-02.xlsx,8709.0
380,Delhi,Udaipur,40662.0,41759.0,34.746,0.145,0.002,0.0,2026-02,2026-02.xlsx,82421.0
381,Delhi,Vadodara,25711.0,28832.0,64.074,0.0,11.529727,0.0,2026-02,2026-02.xlsx,54543.0
382,Delhi,Varanasi,51633.0,48595.0,159.6250173,30.291676,58.848638,2.744,2026-02,2026-02.xlsx,100228.0
383,Delhi,Vijaywada,12229.0,12984.0,69.253588,68.1645,21.541553,0.6677,2026-02,2026-02.xlsx,25213.0
384,Delhi,Vishakhapatnam (Visakhapatnam),17443.0,18609.0,86.7505,6.8875,14.205747,1.634,2026-02,2026-02.xlsx,36052.0
385,Deoghar,Kolkata,777.0,752.0,0.0,0.0,0.0,0.0,2026-02,2026-02.xlsx,1529.0
386,Deoghar,Mumbai,1984.0,2064.0,0.0,0.054,0.0,0.0,2026-02,2026-02.xlsx,4048.0
387,Dharamsala,Jaipur,15.0,33.0,0.0,0.0,0.0,0.0,2026-02,2026-02.xlsx,48.0
388,Dibrugarh,Guwahati,10809.0,11410.0,0.577,9.483,3.73,5.598,2026-02,2026-02.xlsx,22219.0
389,Dibrugarh,Kolkata,9054.0,9055.0,7.001,27.109,1.935,2.966,2026-02,2026-02.xlsx,18109.0
390,Dimapur,Guwahati,7040.0,4868.0,8.849,5.355,0.0,1.53198,2026-02,2026-02.xlsx,11908.0
391,Dimapur,Imphal,448.0,451.0,0.0,0.0,0.0,0.0,2026-02,2026-02.xlsx,899.0
392,Dimapur,Kolkata,4081.0,3940.0,43.56,9.838,5.887,2.104,2026-02,2026-02.xlsx,8021.0
393,Diu,"Goa (Mopa, North Goa)",581.0,612.0,0.0,0.0,0.0,0.0,2026-02,2026-02.xlsx,1193.0
394,Diu,Hyderabad,0.0,0.0,0.0,0.0,0.0,0.0,2026-02,2026-02.xlsx,0.0
395,Diu,Mumbai,1652.0,1807.0,0.0,0.0,0.0,0.0,2026-02,2026-02.xlsx,3459.0
396,Diu,Surat,1826.0,1637.0,0.0,0.0,0.0,0.0,2026-02,2026-02.xlsx,3463.0
397,Durgapur,Hyderabad,5149.0,5757.0,7.062,0.677,0.0,0.0,2026-02,2026-02.xlsx,10906.0
398,Durgapur,Mumbai,2495.0,2776.0,0.087,0.666,0.0,0.0,2026-02,2026-02.xlsx,5271.0
399,Durgapur,Varanasi,148.0,180.0,0.0,0.0,0.0,0.0,2026-02,2026-02.xlsx,328.0
400,Gaya,Kolkata,3294.0,4241.0,0.0,0.414,0.0,0.0,2026-02,2026-02.xlsx,7535.0
401,Ghaziabad,Kolkata,4515.0,4474.0,0.0,0.0,0.0,0.0,2026-02,2026-02.xlsx,8989.0
402,Ghaziabad,Mumbai,8147.0,8593.0,0.0,0.0,0.0,0.0,2026-02,2026-02.xlsx,16740.0
403,Ghaziabad,Nanded,2028.0,2388.0,0.0,0.0,0.0,0.0,2026-02,2026-02.xlsx,4416.0
404,Ghaziabad,Patna,4244.0,3789.0,0.0,0.0,0.0,0.0,2026-02,2026-02.xlsx,8033.0
405,Ghaziabad,Varanasi,4934.0,4192.0,0.0,0.0,0.0,0.0,2026-02,2026-02.xlsx,9126.0
406,"Goa (Dabolim, South Goa)",Hyderabad,15246.0,14770.0,29.967,23.79,0.439,5.273,2026-02,2026-02.xlsx,30016.0
407,"Goa (Dabolim, South Goa)",Indore,7788.0,8016.0,0.02,0.563,0.158,0.0,2026-02,2026-02.xlsx,15804.0
408,"Goa (Dabolim, South Goa)",Jaipur,4775.0,4454.0,1.183,4.056,0.213,0.0,2026-02,2026-02.xlsx,9229.0
409,"Goa (Dabolim, South Goa)",Kochi,4479.0,4421.0,12.024,12.425,0.286,0.0,2026-02,2026-02.xlsx,8900.0
410,"Goa (Dabolim, South Goa)",Kolkata,4773.0,4707.0,15.342,27.259,0.798,0.366,2026-02,2026-02.xlsx,9480.0
411,"Goa (Dabolim, South Goa)",Lucknow,4886.0,4335.0,3.882,13.855,0.379,0.122,2026-02,2026-02.xlsx,9221.0
412,"Goa (Dabolim, South Goa)",Mumbai,56688.0,55534.0,59.092,104.7751831,2.317037,16.842399,2026-02,2026-02.xlsx,112222.0
413,"Goa (Dabolim, South Goa)",Nashik,1016.0,958.0,0.001,0.0,0.0,0.0,2026-02,2026-02.xlsx,1974.0
414,"Goa (Dabolim, South Goa)",Pune,3402.0,3128.0,0.567,3.743,0.0,0.0,2026-02,2026-02.xlsx,6530.0
415,"Goa (Dabolim, South Goa)",Raipur,5892.0,5392.0,8.932,0.825,1.634,0.0,2026-02,2026-02.xlsx,11284.0
416,"Goa (Dabolim, South Goa)",Surat,4391.0,4138.0,16.776,34.137,0.166,0.0,2026-02,2026-02.xlsx,8529.0
417,"Goa (Mopa, North Goa)",Hirasar (Rajkot),4270.0,3986.0,0.01,0.27,0.0,0.0,2026-02,2026-02.xlsx,8256.0
418,"Goa (Mopa, North Goa)",Hyderabad,36849.0,35085.0,19.758,23.068,0.0,0.0,2026-02,2026-02.xlsx,71934.0
419,"Goa (Mopa, North Goa)",Jaipur,4252.0,4377.0,1.011,36.849,0.0,0.078,2026-02,2026-02.xlsx,8629.0
420,"Goa (Mopa, North Goa)",Jalgaon,1605.0,1597.0,0.0,0.0,0.0,0.0,2026-02,2026-02.xlsx,3202.0
421,"Goa (Mopa, North Goa)",Kolkata,4785.0,4615.0,11.646,2.707,0.216,0.0,2026-02,2026-02.xlsx,9400.0
422,"Goa (Mopa, North Goa)",Mumbai,38061.0,37890.0,9.372,28.00914,0.0,0.0,2026-02,2026-02.xlsx,75951.0
423,"Goa (Mopa, North Goa)",Mumbai,7099.0,6786.0,0.0,0.0,0.0,0.0,2026-02,2026-02.xlsx,13885.0
424,"Goa (Mopa, North Goa)",Nagpur,5892.0,6075.0,0.07,0.346,0.0,0.0,2026-02,2026-02.xlsx,11967.0
425,"Goa (Mopa, North Goa)",Pune,17500.0,16916.0,75.15295,33.39009,0.0,0.216,2026-02,2026-02.xlsx,34416.0
426,"Goa (Mopa, North Goa)",Shivamogga,734.0,664.0,0.0,0.0,0.0,0.0,2026-02,2026-02.xlsx,1398.0
427,"Goa (Mopa, North Goa)",Solapur,396.0,371.0,0.0,0.0,0.0,0.0,2026-02,2026-02.xlsx,767.0
428,"Goa (Mopa, North Goa)",Surat,657.0,778.0,0.0,7.422,0.0,0.0,2026-02,2026-02.xlsx,1435.0
429,"Goa (Mopa, North Goa)",Vadodara,4533.0,4278.0,0.0,0.0,0.0,0.0,2026-02,2026-02.xlsx,8811.0
430,Gondia,Hyderabad,1160.0,1013.0,0.0,0.137,0.0,0.0,2026-02,2026-02.xlsx,2173.0
431,Gondia,Indore,363.0,352.0,0.0,0.0,0.0,0.0,2026-02,2026-02.xlsx,715.0
432,Gorakhpur,Hyderabad,5700.0,6257.0,0.0,0.788,0.0,0.735,2026-02,2026-02.xlsx,11957.0
433,Gorakhpur,Kolkata,1921.0,2097.0,0.0,0.0,0.0,0.0,2026-02,2026-02.xlsx,4018.0
434,Gorakhpur,Mumbai,8295.0,8994.0,0.0,8.0378,0.0,1.794,2026-02,2026-02.xlsx,17289.0
435,Gorakhpur,Pune,0.0,135.0,0.0,0.0,0.0,0.0,2026-02,2026-02.xlsx,135.0
436,Guwahati,Hyderabad,14136.0,15118.0,69.672,48.269,1.67178,5.2644,2026-02,2026-02.xlsx,29254.0
437,Guwahati,Imphal,17433.0,18179.0,81.09611,77.47829,7.88122,7.863,2026-02,2026-02.xlsx,35612.0
438,Guwahati,Itanagar,232.0,199.0,0.0,0.0,0.0,0.0,2026-02,2026-02.xlsx,431.0
439,Guwahati,Jaipur,9575.0,9847.0,1.105,15.433,0.695,0.469,2026-02,2026-02.xlsx,19422.0
440,Guwahati,Kolkata,39931.0,41794.0,230.97482,355.15586,9.573,7.333,2026-02,2026-02.xlsx,81725.0
441,Guwahati,Lucknow,3499.0,3498.0,3.947,2.312,2.355,1.336,2026-02,2026-02.xlsx,6997.0
442,Guwahati,Mumbai,15725.0,16261.0,50.86816,121.63679,4.42075,16.53638,2026-02,2026-02.xlsx,31986.0
443,Guwahati,Pasighat,425.0,461.0,0.0,0.0,0.0,0.0,2026-02,2026-02.xlsx,886.0
444,Guwahati,Pune,5753.0,6020.0,3.697,35.512,1.183,0.412,2026-02,2026-02.xlsx,11773.0
445,Guwahati,Rupsi,69.0,79.0,0.0,0.0,0.0,0.0,2026-02,2026-02.xlsx,148.0
446,Guwahati,Shillong,0.0,0.0,0.0,0.0,0.0,0.0,2026-02,2026-02.xlsx,0.0
447,Guwahati,Silchar,8631.0,7628.0,15.79,0.1,6.995,0.0,2026-02,2026-02.xlsx,16259.0
448,Guwahati,Tezu,503.0,595.0,0.0,0.0,0.0,0.0,2026-02,2026-02.xlsx,1098.0
449,Gwalior,Mumbai,4402.0,4907.0,0.0,0.1,0.0,0.0,2026-02,2026-02.xlsx,9309.0
450,Hirasar (Rajkot),Hyderabad,4861.0,4601.0,3.518,0.584,0.0,1.178,2026-02,2026-02.xlsx,9462.0
451,Hirasar (Rajkot),Mumbai,25675.0,25853.0,92.5925,26.8035,5.52216,14.488223,2026-02,2026-02.xlsx,51528.0
452,Hirasar (Rajkot),Pune,2500.0,2748.0,2.012,0.206,0.0,0.0,2026-02,2026-02.xlsx,5248.0
453,Hisar,Jaipur,64.0,70.0,0.0,0.0,0.0,0.0,2026-02,2026-02.xlsx,134.0
454,Hubli,Hyderabad,2122.0,1995.0,0.001,0.001,0.718,0.25,2026-02,2026-02.xlsx,4117.0
455,Hubli,Mumbai,4795.0,4658.0,0.148,2.394,0.617,6.585,2026-02,2026-02.xlsx,9453.0
456,Hubli,Pune,1053.0,1181.0,0.001,0.0,0.0,0.161,2026-02,2026-02.xlsx,2234.0
457,Hyderabad,Indore,14692.0,14658.0,52.247,33.461,5.32,2.696,2026-02,2026-02.xlsx,29350.0
458,Hyderabad,Jabalpur,1997.0,1900.0,0.0,0.003,0.019,0.0,2026-02,2026-02.xlsx,3897.0
459,Hyderabad,Jagdalpur,1947.0,1981.0,0.08,0.0,0.0,0.0,2026-02,2026-02.xlsx,3928.0
460,Hyderabad,Jaipur,16748.0,15817.0,35.211,141.341,3.593,1.285,2026-02,2026-02.xlsx,32565.0
461,Hyderabad,Jalgaon,1365.0,1386.0,0.0,0.0,0.0,0.0,2026-02,2026-02.xlsx,2751.0
462,Hyderabad,Jammu,2007.0,1002.0,0.959,0.0,0.279,0.0,2026-02,2026-02.xlsx,3009.0
463,Hyderabad,Jharsuguda,1003.0,988.0,0.0,0.0,0.0,0.0,2026-02,2026-02.xlsx,1991.0
464,Hyderabad,Jodhpur,5929.0,5934.0,0.236,0.0,1.032,0.647,2026-02,2026-02.xlsx,11863.0
465,Hyderabad,Kannur,1875.0,1982.0,0.049,0.0,1.205,0.0,2026-02,2026-02.xlsx,3857.0
466,Hyderabad,Kanpur,2795.0,2698.0,0.097,0.568,0.0,0.0,2026-02,2026-02.xlsx,5493.0
467,Hyderabad,Kochi,23508.0,26239.0,35.965,35.555,8.81,9.567,2026-02,2026-02.xlsx,49747.0
468,Hyderabad,Kolhapur,2142.0,2733.0,0.544,1.393,0.0,0.0,2026-02,2026-02.xlsx,4875.0
469,Hyderabad,Kolkata,39917.0,38264.0,192.04321,217.15467,10.362,1.777,2026-02,2026-02.xlsx,78181.0
470,Hyderabad,Kozhikode,4245.0,4799.0,1.689,0.007,1.826,0.0,2026-02,2026-02.xlsx,9044.0
471,Hyderabad,Lucknow,17425.0,14232.0,38.346,19.063,7.482,1.385,2026-02,2026-02.xlsx,31657.0
472,Hyderabad,Madurai,7405.0,7493.0,7.22,66.718,5.253,0.861,2026-02,2026-02.xlsx,14898.0
473,Hyderabad,Malvan,1363.0,1342.0,0.0,0.0,0.0,0.0,2026-02,2026-02.xlsx,2705.0
474,Hyderabad,Mangalore (Mangaluru),3948.0,3998.0,0.094,0.001,1.053,0.0,2026-02,2026-02.xlsx,7946.0
475,Hyderabad,Mumbai,78699.0,80763.0,596.4635,1020.8001757,19.0169,37.693542,2026-02,2026-02.xlsx,159462.0
476,Hyderabad,Mumbai,4425.0,4837.0,0.0,2.87,0.0,0.0,2026-02,2026-02.xlsx,9262.0
477,Hyderabad,Mysore,1907.0,1924.0,0.033,0.0,0.0,0.0,2026-02,2026-02.xlsx,3831.0
478,Hyderabad,Nagpur,3997.0,4025.0,0.15,0.066,0.732,0.0,2026-02,2026-02.xlsx,8022.0
479,Hyderabad,Nanded,1253.0,1396.0,0.0,0.0,0.0,0.0,2026-02,2026-02.xlsx,2649.0
480,Hyderabad,Nashik,2680.0,2974.0,0.029,0.0,0.205,0.179,2026-02,2026-02.xlsx,5654.0
481,Hyderabad,Patna,15140.0,13848.0,41.458,12.719,8.024,1.87,2026-02,2026-02.xlsx,28988.0
482,Hyderabad,Pondicherry (Puducherry),2022.0,2036.0,0.022,0.0,0.0,0.0,2026-02,2026-02.xlsx,4058.0
483,Hyderabad,Port Blair,5501.0,6100.0,37.42,8.537,4.931,0.0,2026-02,2026-02.xlsx,11601.0
484,Hyderabad,Pune,28441.0,28108.0,66.518,160.875,4.039,3.243,2026-02,2026-02.xlsx,56549.0
485,Hyderabad,Purnea,4832.0,4413.0,0.017,0.0,0.0,0.0,2026-02,2026-02.xlsx,9245.0
486,Hyderabad,Raipur,8760.0,9104.0,14.095,1.256,12.663,1.033,2026-02,2026-02.xlsx,17864.0
487,Hyderabad,Rajahmundry,10661.0,10517.0,0.284,0.26,0.0,0.0,2026-02,2026-02.xlsx,21178.0
488,Hyderabad,Ranchi,16264.0,13401.0,32.163,4.681,2.497,2.774,2026-02,2026-02.xlsx,29665.0
489,Hyderabad,Salem,1016.0,970.0,0.031,0.0,0.0,0.0,2026-02,2026-02.xlsx,1986.0
490,Hyderabad,Shirdi,5801.0,5308.0,0.037,9.824,0.0,0.0,2026-02,2026-02.xlsx,11109.0
491,Hyderabad,Shivamogga,3135.0,3162.0,4.103,0.0,0.0,0.0,2026-02,2026-02.xlsx,6297.0
492,Hyderabad,Srinagar,5799.0,4387.0,1.151,0.373,0.554,0.0,2026-02,2026-02.xlsx,10186.0
493,Hyderabad,Surat,4707.0,4548.0,6.916,46.284,1.392,1.267,2026-02,2026-02.xlsx,9255.0
494,Hyderabad,Thiruvananthapuram,8647.0,9982.0,2.94,6.582,4.747,2.971,2026-02,2026-02.xlsx,18629.0
495,Hyderabad,Tiruchirappalli,4736.0,4735.0,1.764,1.501,7.564,0.0,2026-02,2026-02.xlsx,9471.0
496,Hyderabad,Tirupati,25534.0,24916.0,3.597,3.939,16.986,1.993,2026-02,2026-02.xlsx,50450.0
497,Hyderabad,Udaipur,11680.0,10968.0,2.469,0.125,0.0,0.0,2026-02,2026-02.xlsx,22648.0
498,Hyderabad,Vadodara,4577.0,4649.0,27.314,0.0,0.714,0.0,2026-02,2026-02.xlsx,9226.0
499,Hyderabad,Varanasi,18234.0,16160.0,3.091,23.162,1.694,0.195,2026-02,2026-02.xlsx,34394.0
500,Hyderabad,Vijaywada,12607.0,13058.0,8.251,0.978,8.19182,0.909,2026-02,2026-02.xlsx,25665.0
501,Hyderabad,Vishakhapatnam (Visakhapatnam),37229.0,36982.0,56.42,42.986,19.1195,0.0,2026-02,2026-02.xlsx,74211.0
502,Imphal,Jaipur,220.0,189.0,1.863,0.105,0.0,0.0,2026-02,2026-02.xlsx,409.0
503,Imphal,Kolkata,12185.0,11948.0,157.757,77.09996,11.819,2.27,2026-02,2026-02.xlsx,24133.0
504,Imphal,Mumbai,286.0,179.0,0.0,0.0,0.0,0.0,2026-02,2026-02.xlsx,465.0
505,Imphal,Shillong,772.0,599.0,0.0,0.0,0.0,0.0,2026-02,2026-02.xlsx,1371.0
506,Imphal,Tezu,426.0,342.0,0.0,0.0,0.0,0.0,2026-02,2026-02.xlsx,768.0
507,Indore,Jabalpur,1613.0,1602.0,0.0,0.0,0.0,0.0,2026-02,2026-02.xlsx,3215.0
508,Indore,Jaipur,4614.0,4437.0,0.11,0.438,0.05,0.0,2026-02,2026-02.xlsx,9051.0
509,Indore,Jammu,2604.0,1946.0,0.001,0.0,0.063,0.0,2026-02,2026-02.xlsx,4550.0
510,Indore,Kolkata,5265.0,4981.0,13.797,18.115,0.831,2.085,2026-02,2026-02.xlsx,10246.0
511,Indore,Lucknow,2005.0,1862.0,0.011,0.073,0.472,1.172,2026-02,2026-02.xlsx,3867.0
512,Indore,Mumbai,33715.0,35585.0,96.52,130.2450269,9.11503,12.623675,2026-02,2026-02.xlsx,69300.0
513,Indore,Nagpur,2479.0,2842.0,0.572,0.598,0.564,0.001,2026-02,2026-02.xlsx,5321.0
514,Indore,Nashik,566.0,485.0,0.0,0.0,0.0,0.0,2026-02,2026-02.xlsx,1051.0
515,Indore,Pune,11502.0,12295.0,1.397,29.196,0.914,0.477,2026-02,2026-02.xlsx,23797.0
516,Indore,Raipur,5053.0,5250.0,1.46,0.18,0.561,2.076,2026-02,2026-02.xlsx,10303.0
517,Indore,Rewa,1876.0,1622.0,0.0,0.0,0.0,0.0,2026-02,2026-02.xlsx,3498.0
518,Indore,Udaipur,1155.0,1047.0,0.0,0.0,0.0,0.0,2026-02,2026-02.xlsx,2202.0
519,Indore,Vishakhapatnam (Visakhapatnam),257.0,171.0,0.001,0.018,0.0,0.0,2026-02,2026-02.xlsx,428.0
520,Itanagar,Kolkata,3493.0,4118.0,0.014,1.433,0.0,0.0,2026-02,2026-02.xlsx,7611.0
521,Jabalpur,Jagdalpur,243.0,262.0,0.0,0.0,0.0,0.0,2026-02,2026-02.xlsx,505.0
522,Jabalpur,Mumbai,4793.0,4920.0,4.853,1.203,0.0,5.814,2026-02,2026-02.xlsx,9713.0
523,Jaipur,Jaisalmer,1572.0,1608.0,0.204,0.0,0.0,0.0,2026-02,2026-02.xlsx,3180.0
524,Jaipur,Jodhpur,1444.0,1330.0,0.0,0.0,0.0,0.0,2026-02,2026-02.xlsx,2774.0
525,Jaipur,Kochi,446.0,0.0,6.224,0.0,0.0,0.0,2026-02,2026-02.xlsx,446.0
526,Jaipur,Kolkata,17960.0,18172.0,137.931,64.854,1.833,3.517,2026-02,2026-02.xlsx,36132.0
527,Jaipur,Kullu,253.0,141.0,0.0,0.0,0.0,0.0,2026-02,2026-02.xlsx,394.0
528,Jaipur,Lucknow,2058.0,2002.0,0.021,0.053,0.0,1.013,2026-02,2026-02.xlsx,4060.0
529,Jaipur,Mumbai,53669.0,56539.0,173.26648,226.6890603,4.778,24.366815,2026-02,2026-02.xlsx,110208.0
530,Jaipur,Mumbai,4437.0,4578.0,28.825,1.478,0.171,0.0,2026-02,2026-02.xlsx,9015.0
531,Jaipur,Nagpur,727.0,683.0,0.122,0.067,0.0,0.0,2026-02,2026-02.xlsx,1410.0
532,Jaipur,Nashik,168.0,299.0,0.0,0.0,0.0,0.0,2026-02,2026-02.xlsx,467.0
533,Jaipur,Pune,9746.0,9882.0,90.391,43.813,0.0,1.24228,2026-02,2026-02.xlsx,19628.0
534,Jaipur,Surat,4308.0,4646.0,0.656,0.788,0.0,0.467,2026-02,2026-02.xlsx,8954.0
535,Jaipur,Udaipur,3657.0,3454.0,0.007,0.0,0.0,0.0,2026-02,2026-02.xlsx,7111.0
536,Jaisalmer,Mumbai,4491.0,4509.0,0.0,0.0,0.0,0.0,2026-02,2026-02.xlsx,9000.0
537,Jalgaon,Mumbai,750.0,730.0,0.0,0.0,0.0,0.0,2026-02,2026-02.xlsx,1480.0
538,Jalgaon,Pune,1526.0,1441.0,0.0,0.0,0.0,0.0,2026-02,2026-02.xlsx,2967.0
539,Jammu,Leh,4463.0,3117.0,2.3115,1.935,0.0,0.115,2026-02,2026-02.xlsx,7580.0
540,Jammu,Mumbai,3552.0,3719.0,0.0,7.758,0.0,1.633,2026-02,2026-02.xlsx,7271.0
541,Jammu,Srinagar,15079.0,11294.0,10.81577,0.21894,0.0,4.198,2026-02,2026-02.xlsx,26373.0
542,Jamnagar,Mumbai,4699.0,4715.0,0.051,2.778,0.0,0.0,2026-02,2026-02.xlsx,9414.0
543,Jamnagar,Surat,1014.0,1070.0,0.0,0.0,0.0,0.0,2026-02,2026-02.xlsx,2084.0
544,Jamshedpur,Kolkata,11.0,5.0,0.0,0.0,0.0,0.0,2026-02,2026-02.xlsx,16.0
545,Jeypore,Vishakhapatnam (Visakhapatnam),86.0,94.0,0.0,0.0,0.0,0.0,2026-02,2026-02.xlsx,180.0
546,Jharsuguda,Kolkata,1979.0,2028.0,0.0,0.036,0.0,0.0,2026-02,2026-02.xlsx,4007.0
547,Jharsuguda,Mumbai,4312.0,4594.0,0.0,0.045,0.0,0.0,2026-02,2026-02.xlsx,8906.0
548,Jodhpur,Mumbai,16437.0,17144.0,1.349,8.55,1.5521,10.273801,2026-02,2026-02.xlsx,33581.0
549,Jodhpur,Pune,4831.0,5236.0,2.738,0.17,0.451,0.0,2026-02,2026-02.xlsx,10067.0
550,Jorhat,Kolkata,5235.0,5535.0,2.012,3.722,0.0,0.0,2026-02,2026-02.xlsx,10770.0
551,Kandla,Mumbai,1448.0,1572.0,0.0,0.0,0.0,0.0,2026-02,2026-02.xlsx,3020.0
552,Kannur,Kochi,1108.0,1074.0,0.001,0.002,0.0,0.0,2026-02,2026-02.xlsx,2182.0
553,Kannur,Mumbai,3033.0,3117.0,0.446,1.18,0.0,0.468,2026-02,2026-02.xlsx,6150.0
554,Kannur,Thiruvananthapuram,2538.0,1753.0,0.0,0.0,0.0,0.0,2026-02,2026-02.xlsx,4291.0
555,Kanpur,Mumbai,4674.0,5025.0,0.902,8.799,0.0,5.694,2026-02,2026-02.xlsx,9699.0
556,Khajuraho,Varanasi,2461.0,2482.0,0.0,0.0,0.0,0.0,2026-02,2026-02.xlsx,4943.0
557,Kishangarh,Nagpur,1190.0,1529.0,0.0,0.0,0.0,0.0,2026-02,2026-02.xlsx,2719.0
558,Kishangarh,Pune,1515.0,1665.0,0.0,0.0,0.0,0.0,2026-02,2026-02.xlsx,3180.0
559,Kochi,Kozhikode,825.0,907.0,0.0,0.0,0.0,0.0,2026-02,2026-02.xlsx,1732.0
560,Kochi,Lucknow,100.0,0.0,0.798,0.0,0.0,0.0,2026-02,2026-02.xlsx,100.0
561,Kochi,Mumbai,50718.0,47094.0,96.6705,317.19874,27.142469,27.491535,2026-02,2026-02.xlsx,97812.0
562,Kochi,Mumbai,7263.0,6465.0,0.07,12.236,0.0,1.818,2026-02,2026-02.xlsx,13728.0
563,Kochi,Nagpur,17.0,0.0,0.0,0.0,0.0,0.0,2026-02,2026-02.xlsx,17.0
564,Kochi,Patna,323.0,219.0,1.161,0.19,0.0,0.0,2026-02,2026-02.xlsx,542.0
565,Kochi,Pune,9660.0,9210.0,23.11,61.603,0.09357,0.0,2026-02,2026-02.xlsx,18870.0
566,Kochi,Raipur,168.0,369.0,0.186,0.111,0.0,0.219,2026-02,2026-02.xlsx,537.0
567,Kochi,Salem,800.0,749.0,0.0,0.0,0.0,0.0,2026-02,2026-02.xlsx,1549.0
568,Kochi,Thiruvananthapuram,1714.0,1840.0,0.002,0.005,0.0,0.0,2026-02,2026-02.xlsx,3554.0
569,Kochi,Varanasi,478.0,782.0,0.0,0.022,0.0,0.0,2026-02,2026-02.xlsx,1260.0
570,Kolhapur,Mumbai,1726.0,1870.0,0.0,0.0,0.0,0.0,2026-02,2026-02.xlsx,3596.0
571,Kolhapur,Tirupati,186.0,473.0,0.0,0.0,0.0,0.0,2026-02,2026-02.xlsx,659.0
572,Kolkata,Lilabari,587.0,703.0,0.0,0.0,0.0,0.0,2026-02,2026-02.xlsx,1290.0
573,Kolkata,Lucknow,10142.0,10023.0,54.334,42.413,7.021,1.405,2026-02,2026-02.xlsx,20165.0
574,Kolkata,Mumbai,90489.0,94297.0,705.72041,1034.9884893,11.156025,34.648379,2026-02,2026-02.xlsx,184786.0
575,Kolkata,Nagpur,5547.0,4953.0,13.24,21.827,0.047,3.889,2026-02,2026-02.xlsx,10500.0
576,Kolkata,Patna,18135.0,14776.0,36.245,12.818,9.311,5.35,2026-02,2026-02.xlsx,32911.0
577,Kolkata,Port Blair,21023.0,21693.0,99.398,122.142,24.94377,0.0,2026-02,2026-02.xlsx,42716.0
578,Kolkata,Pune,20032.0,22094.0,85.6761,208.91199,4.15366,2.272,2026-02,2026-02.xlsx,42126.0
579,Kolkata,Purnea,2883.0,2431.0,0.0,0.0,0.0,0.0,2026-02,2026-02.xlsx,5314.0
580,Kolkata,Raipur,9240.0,9081.0,28.053,0.858,2.47,1.089,2026-02,2026-02.xlsx,18321.0
581,Kolkata,Ranchi,6663.0,6565.0,6.94,0.871,2.105,0.726,2026-02,2026-02.xlsx,13228.0
582,Kolkata,Rupsi,127.0,112.0,0.0,0.0,0.0,0.0,2026-02,2026-02.xlsx,239.0
583,Kolkata,Shillong,3130.0,2416.0,0.069,0.0,0.0,0.0,2026-02,2026-02.xlsx,5546.0
584,Kolkata,Silchar,9709.0,8896.0,36.982,0.104,2.027,0.0,2026-02,2026-02.xlsx,18605.0
585,Kolkata,Srinagar,1271.0,1036.0,1.105,4.185,0.06,0.0,2026-02,2026-02.xlsx,2307.0
586,Kolkata,Surat,6231.0,6387.0,26.255,61.701,0.0,0.617,2026-02,2026-02.xlsx,12618.0
587,Kolkata,Varanasi,10368.0,9590.0,2.763,21.351,2.564,0.0,2026-02,2026-02.xlsx,19958.0
588,Kolkata,Vishakhapatnam (Visakhapatnam),4830.0,4584.0,2.788,41.509,0.0,0.0,2026-02,2026-02.xlsx,9414.0
589,Kozhikode,Mumbai,5909.0,5355.0,0.036,5.78538,0.0,5.471,2026-02,2026-02.xlsx,11264.0
590,Kozhikode,Pune,0.0,9.0,0.0,0.0,0.0,0.0,2026-02,2026-02.xlsx,9.0
591,Kurnool,Vijaywada,288.0,318.0,0.0,0.009,0.0,0.0,2026-02,2026-02.xlsx,606.0
592,Kurnool,Vishakhapatnam (Visakhapatnam),265.0,279.0,0.0,0.0,0.0,0.0,2026-02,2026-02.xlsx,544.0
593,Leh,Srinagar,956.0,1091.0,0.3,4.6765,0.0,6.904782,2026-02,2026-02.xlsx,2047.0
594,Lucknow,Mumbai,29518.0,31645.0,36.6055,162.5442291,3.536,24.61542,2026-02,2026-02.xlsx,61163.0
595,Lucknow,Mumbai,4461.0,4612.0,0.021,1.369,0.0,0.0,2026-02,2026-02.xlsx,9073.0
596,Lucknow,Patna,3658.0,3618.0,2.694,0.077,3.646,1.275,2026-02,2026-02.xlsx,7276.0
597,Lucknow,Pune,9005.0,10156.0,60.506,83.318,1.092,0.738,2026-02,2026-02.xlsx,19161.0
598,Lucknow,Raipur,3091.0,3517.0,4.234,0.152,0.826,0.558,2026-02,2026-02.xlsx,6608.0
599,Lucknow,Ranchi,1112.0,1163.0,1.503,4.241,0.389,0.0,2026-02,2026-02.xlsx,2275.0
600,Lucknow,Varanasi,200.0,0.0,0.0,0.0,0.0,0.0,2026-02,2026-02.xlsx,200.0
601,Madurai,Mumbai,5579.0,5762.0,49.67,9.594,0.152,5.929,2026-02,2026-02.xlsx,11341.0
602,Malvan,Pune,1271.0,1308.0,0.0,0.0,0.0,0.0,2026-02,2026-02.xlsx,2579.0
603,Mangalore (Mangaluru),Mumbai,19082.0,18630.0,6.035,6.128,75.527,2.426,2026-02,2026-02.xlsx,37712.0
604,Mangalore (Mangaluru),Mumbai,3645.0,3628.0,0.0,0.0,1.818,0.0,2026-02,2026-02.xlsx,7273.0
605,Mangalore (Mangaluru),Thiruvananthapuram,635.0,952.0,0.007,0.0,0.0,0.0,2026-02,2026-02.xlsx,1587.0
606,Mumbai,Nagpur,31319.0,29690.0,130.5368382,109.108,50.029694,14.64186,2026-02,2026-02.xlsx,61009.0
607,Mumbai,Nanded,372.0,357.0,0.0,0.0,0.0,0.0,2026-02,2026-02.xlsx,729.0
608,Mumbai,Patna,17428.0,15173.0,126.9651623,17.24891,11.619191,4.241,2026-02,2026-02.xlsx,32601.0
609,Mumbai,Porbandar,654.0,555.0,0.0,0.0,0.0,0.0,2026-02,2026-02.xlsx,1209.0
610,Mumbai,Port Blair,4780.0,4763.0,12.308,6.246,1.655,0.0,2026-02,2026-02.xlsx,9543.0
611,Mumbai,Pune,25.0,0.0,0.0,0.0,0.0,0.0,2026-02,2026-02.xlsx,25.0
612,Mumbai,Raipur,14986.0,14555.0,85.791,35.422,13.368,2.67,2026-02,2026-02.xlsx,29541.0
613,Mumbai,Rajahmundry,1961.0,1857.0,0.333,7.013,0.0,0.0,2026-02,2026-02.xlsx,3818.0
614,Mumbai,Ranchi,9400.0,9010.0,22.672,12.119,5.146,0.426,2026-02,2026-02.xlsx,18410.0
615,Mumbai,Solapur,1006.0,1100.0,0.0,0.0,0.0,0.0,2026-02,2026-02.xlsx,2106.0
616,Mumbai,Srinagar,9988.0,9185.0,24.6229,14.923,3.9441,0.296,2026-02,2026-02.xlsx,19173.0
617,Mumbai,Thiruvananthapuram,13357.0,13627.0,29.11,14.099,5.779493,4.779378,2026-02,2026-02.xlsx,26984.0
618,Mumbai,Tiruchirappalli,2606.0,2459.0,0.094,0.0,0.0,0.0,2026-02,2026-02.xlsx,5065.0
619,Mumbai,Tirupati,4916.0,4851.0,0.154,0.749,2.67,0.092,2026-02,2026-02.xlsx,9767.0
620,Mumbai,Udaipur,27172.0,26734.0,19.3485,2.439,0.0,0.0,2026-02,2026-02.xlsx,53906.0
621,Mumbai,Vadodara,14435.0,15865.0,21.3945,0.0,4.802865,0.0,2026-02,2026-02.xlsx,30300.0
622,Mumbai,Varanasi,32615.0,30746.0,75.6817264,23.69478,6.38666,0.825,2026-02,2026-02.xlsx,63361.0
623,Mumbai,Vijaywada,5961.0,5782.0,37.1035419,3.109,6.210641,0.1073,2026-02,2026-02.xlsx,11743.0
624,Mumbai,Vishakhapatnam (Visakhapatnam),5692.0,5901.0,26.644,18.372,5.234,1.851,2026-02,2026-02.xlsx,11593.0
625,Mumbai,Nagpur,4043.0,4473.0,3.899,0.0,0.481,0.0,2026-02,2026-02.xlsx,8516.0
626,Mumbai,Vadodara,2919.0,3368.0,0.0,0.0,0.0,0.0,2026-02,2026-02.xlsx,6287.0
627,Mumbai,Varanasi,2210.0,2117.0,0.0,0.0,0.0,0.0,2026-02,2026-02.xlsx,4327.0
628,Nagpur,Pune,15035.0,16732.0,10.888,55.468,14.64,3.169,2026-02,2026-02.xlsx,31767.0
629,Nanded,Pune,1245.0,1194.0,0.0,0.0,0.0,0.0,2026-02,2026-02.xlsx,2439.0
630,Pasighat,Shillong,164.0,76.0,0.0,0.0,0.0,0.0,2026-02,2026-02.xlsx,240.0
631,Patna,Pune,4335.0,5104.0,1.939,21.817,1.212,0.794,2026-02,2026-02.xlsx,9439.0
632,Patna,Ranchi,2792.0,2900.0,0.016,0.395,1.787,0.0,2026-02,2026-02.xlsx,5692.0
633,Pondicherry (Puducherry),Rajahmundry,17.0,0.0,0.0,0.0,0.0,0.0,2026-02,2026-02.xlsx,17.0
634,Port Blair,Vishakhapatnam (Visakhapatnam),2242.0,2105.0,0.248,0.237,0.0,0.0,2026-02,2026-02.xlsx,4347.0
635,Pune,Raipur,5356.0,5535.0,12.527,15.088,0.521,0.601,2026-02,2026-02.xlsx,10891.0
636,Pune,Ranchi,6070.0,5378.0,66.471,36.459,0.297,0.255,2026-02,2026-02.xlsx,11448.0
637,Pune,Surat,2127.0,2327.0,4.929,10.006,0.142,0.032,2026-02,2026-02.xlsx,4454.0
638,Pune,Thiruvananthapuram,2140.0,2527.0,3.123,0.229,0.097,0.0,2026-02,2026-02.xlsx,4667.0
639,Pune,Vadodara,2712.0,2598.0,1.76,0.0,0.025,0.0,2026-02,2026-02.xlsx,5310.0
640,Pune,Varanasi,4431.0,3956.0,0.00648,0.05647,0.0,0.0,2026-02,2026-02.xlsx,8387.0
641,Raipur,Vishakhapatnam (Visakhapatnam),1358.0,1676.0,0.0,0.01,0.0,0.0,2026-02,2026-02.xlsx,3034.0
642,Rajahmundry,Tirupati,395.0,273.0,0.0,0.0,0.0,0.0,2026-02,2026-02.xlsx,668.0
643,Rajahmundry,Vishakhapatnam (Visakhapatnam),176.0,0.0,0.0,0.0,0.0,0.0,2026-02,2026-02.xlsx,176.0
644,Shivamogga,Tirupati,1677.0,1287.0,0.0,0.0,0.0,0.0,2026-02,2026-02.xlsx,2964.0
645,Thiruvananthapuram,Tiruchirappalli,818.0,936.0,0.0,0.0,0.0,0.0,2026-02,2026-02.xlsx,1754.0
646,Tirupati,Vijaywada,1215.0,1376.0,0.208,0.032,3.785,0.0,2026-02,2026-02.xlsx,2591.0
647,Tirupati,Vishakhapatnam (Visakhapatnam),1905.0,1854.0,0.004,0.0,0.0,0.133,2026-02,2026-02.xlsx,3759.0
648,Varanasi,Vishakhapatnam (Visakhapatnam),735.0,151.0,0.035,0.0,0.0,0.0,2026-02,2026-02.xlsx,886.0
649,Vijaywada,Vishakhapatnam (Visakhapatnam),5629.0,4347.0,0.0,0.335,0.0,0.105,2026-02,2026-02.xlsx,9976.0
1,Adampur,Ghaziabad,1701.0,2115.0,0.0,0.0,0.0,0.0,2026-03,2026-03.xlsx,3816.0
2,Adampur,Mumbai,4824.0,4948.0,0.0,0.057,0.0,0.0,2026-03,2026-03.xlsx,9772.0
3,Adampur,Nanded,430.0,0.0,0.0,0.0,0.0,0.0,2026-03,2026-03.xlsx,430.0
4,Agartala,Ahmedabad,0.0,385.0,0.0,0.567,0.0,0.0,2026-03,2026-03.xlsx,385.0
5,Agartala,Bagdogra,3258.0,3851.0,0.1,4.806,0.0,0.0614,2026-03,2026-03.xlsx,7109.0
6,Agartala,Bengaluru,3890.0,3883.0,9.63,11.462,0.0,0.644,2026-03,2026-03.xlsx,7773.0
7,Agartala,Chennai,617.0,674.0,0.001,0.828,0.0,0.0,2026-03,2026-03.xlsx,1291.0
8,Agartala,Delhi,6247.0,7398.0,3.494,34.16,1.183,2.093,2026-03,2026-03.xlsx,13645.0
9,Agartala,Dibrugarh,894.0,743.0,0.106,4.844,0.0,0.438,2026-03,2026-03.xlsx,1637.0
10,Agartala,Guwahati,7554.0,6916.0,9.608,49.124,1.896,4.37817,2026-03,2026-03.xlsx,14470.0
11,Agartala,Hyderabad,2920.0,3205.0,1.49,1.847,0.0,0.001,2026-03,2026-03.xlsx,6125.0
12,Agartala,Imphal,1664.0,1776.0,0.388,3.305,0.0,0.979,2026-03,2026-03.xlsx,3440.0
13,Agartala,Jaipur,17.0,11.0,0.0,0.0,0.0,0.0,2026-03,2026-03.xlsx,28.0
14,Agartala,Kolkata,33041.0,35797.0,29.234,176.143,5.435,2.625,2026-03,2026-03.xlsx,68838.0
15,Agartala,Lucknow,0.0,1.0,0.0,0.0,0.0,0.0,2026-03,2026-03.xlsx,1.0
16,Agartala,Mumbai,0.0,10.0,0.0,0.0,0.0,0.0,2026-03,2026-03.xlsx,10.0
17,Agartala,Silchar,576.0,390.0,0.091,0.0,0.0,0.0,2026-03,2026-03.xlsx,966.0
18,Agatti Island,Bengaluru,831.0,709.0,0.0,0.143,0.0,0.0,2026-03,2026-03.xlsx,1540.0
19,Agatti Island,"Goa (Mopa, North Goa)",1413.0,1711.0,0.0,0.0,0.0,0.0,2026-03,2026-03.xlsx,3124.0
20,Agatti Island,Kochi,3913.0,4484.0,0.0,0.025,0.0,0.0,2026-03,2026-03.xlsx,8397.0
21,Agatti Island,Kozhikode,64.0,120.0,0.0,0.0,0.0,0.0,2026-03,2026-03.xlsx,184.0
22,Agra,Ahmedabad,1665.0,1875.0,0.0,0.001,0.0,0.0,2026-03,2026-03.xlsx,3540.0
23,Agra,Bengaluru,5111.0,5020.0,0.722,3.844,0.0,0.0,2026-03,2026-03.xlsx,10131.0
24,Agra,Hyderabad,1593.0,1859.0,1.867,1.126,0.0,0.0,2026-03,2026-03.xlsx,3452.0
25,Agra,Mumbai,1839.0,2002.0,0.001,0.131,0.0,0.0,2026-03,2026-03.xlsx,3841.0
26,Agra,Mumbai,196.0,148.0,0.116,0.0,0.0,0.0,2026-03,2026-03.xlsx,344.0
27,Ahmedabad,Amritsar,4098.0,3953.0,0.353,0.0,0.0,0.0,2026-03,2026-03.xlsx,8051.0
28,Ahmedabad,Ayodhya,2281.0,1570.0,0.0,0.0,0.0,0.0,2026-03,2026-03.xlsx,3851.0
29,Ahmedabad,Bagdogra,6530.0,5079.0,9.818,13.85931,2.941,0.206,2026-03,2026-03.xlsx,11609.0
30,Ahmedabad,Belgaum,931.0,923.0,0.0,0.0,0.0,0.0,2026-03,2026-03.xlsx,1854.0
31,Ahmedabad,Bengaluru,52272.0,49599.0,553.72837,413.16028,2.512,5.77274,2026-03,2026-03.xlsx,101871.0
32,Ahmedabad,Bhopal,3880.0,3591.0,0.006,0.0,0.469,0.652,2026-03,2026-03.xlsx,7471.0
33,Ahmedabad,Bhubaneswar,4780.0,4882.0,26.135,14.525,5.086,0.851,2026-03,2026-03.xlsx,9662.0
34,Ahmedabad,Chandigarh,10564.0,9914.0,32.776,25.825,2.554,1.592,2026-03,2026-03.xlsx,20478.0
35,Ahmedabad,Chennai,21649.0,20503.0,255.35396,268.72788,1.361,4.907,2026-03,2026-03.xlsx,42152.0
36,Ahmedabad,Coimbatore,2793.0,3529.0,24.931,24.167,0.0,1.229,2026-03,2026-03.xlsx,6322.0
37,Ahmedabad,Dehradun,4998.0,5220.0,5.931,1.157,0.607,0.288,2026-03,2026-03.xlsx,10218.0
38,Ahmedabad,Delhi,106227.0,105431.0,1945.9144811,2023.770845,7.4071,21.630728,2026-03,2026-03.xlsx,211658.0
39,Ahmedabad,Dibrugarh,177.0,259.0,0.673,2.061,0.0,0.048,2026-03,2026-03.xlsx,436.0
40,Ahmedabad,Diu,2406.0,2621.0,0.217,0.0,0.0,0.0,2026-03,2026-03.xlsx,5027.0
41,Ahmedabad,Durgapur,220.0,202.0,0.167,3.57,0.0,0.0,2026-03,2026-03.xlsx,422.0
42,Ahmedabad,Ghaziabad,4195.0,3309.0,0.0,0.0,0.0,0.0,2026-03,2026-03.xlsx,7504.0
43,Ahmedabad,"Goa (Dabolim, South Goa)",14947.0,15201.0,7.441,4.66,0.0,0.082,2026-03,2026-03.xlsx,30148.0
44,Ahmedabad,"Goa (Mopa, North Goa)",7837.0,8695.0,5.147,3.918,0.0,0.027,2026-03,2026-03.xlsx,16532.0
45,Ahmedabad,Guwahati,5109.0,4605.0,29.41,8.605,1.338,0.012,2026-03,2026-03.xlsx,9714.0
46,Ahmedabad,Hyderabad,20222.0,18725.0,160.351,142.442,2.795,2.105,2026-03,2026-03.xlsx,38947.0
47,Ahmedabad,Indore,5750.0,5822.0,0.091,0.158,0.907,1.318,2026-03,2026-03.xlsx,11572.0
48,Ahmedabad,Jaipur,7153.0,6936.0,0.296,4.021,1.131,0.0,2026-03,2026-03.xlsx,14089.0
49,Ahmedabad,Jalgaon,253.0,292.0,0.0,0.0,0.0,0.0,2026-03,2026-03.xlsx,545.0
50,Ahmedabad,Jammu,2992.0,2814.0,3.425,0.0,0.0,0.0,2026-03,2026-03.xlsx,5806.0
51,Ahmedabad,Jamnagar,746.0,771.0,0.0,0.0,0.0,0.0,2026-03,2026-03.xlsx,1517.0
52,Ahmedabad,Jodhpur,1093.0,1523.0,0.0,0.0,0.0,0.0,2026-03,2026-03.xlsx,2616.0
53,Ahmedabad,Keshod,41.0,32.0,0.0,0.0,0.0,0.0,2026-03,2026-03.xlsx,73.0
54,Ahmedabad,Kishangarh,1599.0,1834.0,0.054,0.0,0.0,0.0,2026-03,2026-03.xlsx,3433.0
55,Ahmedabad,Kochi,4686.0,4505.0,44.048,17.62,0.949,2.424,2026-03,2026-03.xlsx,9191.0
56,Ahmedabad,Kolhapur,363.0,309.0,0.0,0.0,0.0,0.0,2026-03,2026-03.xlsx,672.0
57,Ahmedabad,Kolkata,28466.0,24360.0,270.78246,116.31257,3.528,5.52521,2026-03,2026-03.xlsx,52826.0
58,Ahmedabad,Lucknow,11453.0,10944.0,47.381,13.391,3.439,2.139,2026-03,2026-03.xlsx,22397.0
59,Ahmedabad,Mumbai,79102.0,75461.0,854.07297,852.2323253,19.8436,32.07116,2026-03,2026-03.xlsx,154563.0
60,Ahmedabad,Mumbai,5471.0,4692.0,8.554,37.652,0.73,0.494,2026-03,2026-03.xlsx,10163.0
61,Ahmedabad,Nagpur,4053.0,3877.0,0.002,0.085,0.891,4.222,2026-03,2026-03.xlsx,7930.0
62,Ahmedabad,Nanded,1534.0,1492.0,0.0,0.0,0.0,0.0,2026-03,2026-03.xlsx,3026.0
63,Ahmedabad,Nashik,2063.0,1980.0,0.006,0.0,0.0,0.0,2026-03,2026-03.xlsx,4043.0
64,Ahmedabad,Patna,5571.0,4527.0,40.786,2.615,3.572,2.101,2026-03,2026-03.xlsx,10098.0
65,Ahmedabad,Pune,25733.0,25990.0,120.19106,109.919,6.493,1.338,2026-03,2026-03.xlsx,51723.0
66,Ahmedabad,Purnea,2690.0,2235.0,0.0,0.0,0.0,0.0,2026-03,2026-03.xlsx,4925.0
67,Ahmedabad,Raipur,4462.0,4855.0,19.282,1.255,1.529,0.005,2026-03,2026-03.xlsx,9317.0
68,Ahmedabad,Ranchi,4756.0,4417.0,28.751,2.121,1.567,0.844,2026-03,2026-03.xlsx,9173.0
69,Ahmedabad,Srinagar,5520.0,3931.0,2.514,0.916,0.72,0.0,2026-03,2026-03.xlsx,9451.0
70,Ahmedabad,Varanasi,5095.0,5377.0,7.186,5.66,0.071,0.0,2026-03,2026-03.xlsx,10472.0
71,Ahmedabad,Vishakhapatnam (Visakhapatnam),289.0,23.0,1.344,2.571,0.0,0.0,2026-03,2026-03.xlsx,312.0
72,Aizawl,Delhi,6317.0,6808.0,19.755,22.996,0.0,2.526,2026-03,2026-03.xlsx,13125.0
73,Aizawl,Guwahati,5174.0,5482.0,0.739,8.792,4.195,13.799,2026-03,2026-03.xlsx,10656.0
74,Aizawl,Jaipur,141.0,0.0,0.0,0.0,0.0,0.0,2026-03,2026-03.xlsx,141.0
75,Aizawl,Kolkata,5676.0,5400.0,13.66,11.126,12.514,2.651,2026-03,2026-03.xlsx,11076.0
76,Aizawl,Lucknow,76.0,71.0,0.0,0.0,0.0,0.0,2026-03,2026-03.xlsx,147.0
77,Aizawl,Shillong,104.0,164.0,0.0,0.0,0.0,0.0,2026-03,2026-03.xlsx,268.0
78,Aizawl,Silchar,153.0,0.0,0.0,0.0,0.0,0.0,2026-03,2026-03.xlsx,153.0
79,Allahabad (Prayagraj),Bengaluru,3539.0,4000.0,0.004,0.71,1.488,0.677,2026-03,2026-03.xlsx,7539.0
80,Allahabad (Prayagraj),Bhubaneswar,1006.0,974.0,0.0,0.0,0.0,0.262,2026-03,2026-03.xlsx,1980.0
81,Allahabad (Prayagraj),Bilaspur,190.0,300.0,0.0,0.0,0.0,0.0,2026-03,2026-03.xlsx,490.0
82,Allahabad (Prayagraj),Delhi,4634.0,4610.0,0.26,1.969,0.0,15.59,2026-03,2026-03.xlsx,9244.0
83,Allahabad (Prayagraj),Hyderabad,1770.0,1678.0,0.001,0.223,0.854,0.297,2026-03,2026-03.xlsx,3448.0
84,Allahabad (Prayagraj),Mumbai,9730.0,11281.0,0.002,1.697,1.039,10.1392,2026-03,2026-03.xlsx,21011.0
85,Ambikapur,Bilaspur,0.0,28.0,0.0,0.0,0.0,0.0,2026-03,2026-03.xlsx,28.0
86,Ambikapur,Delhi,44.0,0.0,0.0,0.0,0.0,0.0,2026-03,2026-03.xlsx,44.0
87,Amravati,Mumbai,589.0,613.0,0.0,0.0,0.0,0.0,2026-03,2026-03.xlsx,1202.0
88,Amritsar,Bengaluru,5821.0,5244.0,14.328,2.52,0.0,1.8,2026-03,2026-03.xlsx,11065.0
89,Amritsar,Chennai,167.0,199.0,0.026,12.887,0.0,0.0,2026-03,2026-03.xlsx,366.0
90,Amritsar,Delhi,53654.0,53945.0,33.649,131.6655,0.0,0.05898,2026-03,2026-03.xlsx,107599.0
91,Amritsar,Guwahati,120.0,101.0,0.0,0.0,0.0,0.011,2026-03,2026-03.xlsx,221.0
92,Amritsar,Hyderabad,2035.0,2087.0,2.541,0.596,0.0,0.166,2026-03,2026-03.xlsx,4122.0
93,Amritsar,Kochi,7.0,71.0,0.0,0.002,0.0,0.0,2026-03,2026-03.xlsx,78.0
94,Amritsar,Kolkata,1895.0,1878.0,1.351,5.23,0.0,0.0,2026-03,2026-03.xlsx,3773.0
95,Amritsar,Kullu,243.0,153.0,0.0,0.0,0.0,0.0,2026-03,2026-03.xlsx,396.0
96,Amritsar,Mumbai,13197.0,14221.0,4.3555,19.5935,0.0,2.50655,2026-03,2026-03.xlsx,27418.0
97,Amritsar,Pune,5139.0,5077.0,5.756,1.848,0.0,0.005,2026-03,2026-03.xlsx,10216.0
98,Amritsar,Srinagar,4681.0,3666.0,0.0,0.001,0.015,0.0,2026-03,2026-03.xlsx,8347.0
99,Aurangabad,Bengaluru,1870.0,1960.0,0.0,1.978,0.0,0.029,2026-03,2026-03.xlsx,3830.0
100,Aurangabad,Coimbatore,60.0,69.0,0.0,0.0,0.0,0.0,2026-03,2026-03.xlsx,129.0
101,Aurangabad,Delhi,13465.0,13128.0,0.0,128.893,0.0,4.822697,2026-03,2026-03.xlsx,26593.0
102,Aurangabad,"Goa (Dabolim, South Goa)",788.0,819.0,0.0,0.012,0.0,0.0,2026-03,2026-03.xlsx,1607.0
103,Aurangabad,Hyderabad,2239.0,1536.0,0.0,0.134,0.0,1.226,2026-03,2026-03.xlsx,3775.0
104,Aurangabad,Mumbai,7551.0,7781.0,0.0,7.633,0.158,18.366,2026-03,2026-03.xlsx,15332.0
105,Aurangabad,Mumbai,170.0,191.0,0.0,0.071,0.0,0.0,2026-03,2026-03.xlsx,361.0
106,Ayodhya,Bengaluru,4974.0,4607.0,0.0,0.0,0.0,0.0,2026-03,2026-03.xlsx,9581.0
107,Ayodhya,Delhi,14440.0,14755.0,0.0,0.404,0.0,0.0,2026-03,2026-03.xlsx,29195.0
108,Ayodhya,Hisar,262.0,437.0,0.0,0.0,0.0,0.0,2026-03,2026-03.xlsx,699.0
109,Ayodhya,Hyderabad,2915.0,2872.0,0.0,0.0,0.0,0.0,2026-03,2026-03.xlsx,5787.0
110,Ayodhya,Mumbai,5079.0,5752.0,0.0,0.017,0.0,0.0,2026-03,2026-03.xlsx,10831.0
111,Ayodhya,Mumbai,483.0,429.0,0.0,0.0,0.0,0.0,2026-03,2026-03.xlsx,912.0
112,Ayodhya,Varanasi,0.0,0.0,0.0,0.0,0.0,0.0,2026-03,2026-03.xlsx,0.0
113,Bagdogra,Bengaluru,23714.0,24297.0,90.397,86.37917,1.54424,6.23245,2026-03,2026-03.xlsx,48011.0
114,Bagdogra,Bhubaneswar,755.0,817.0,0.0,0.003,0.0,0.143,2026-03,2026-03.xlsx,1572.0
115,Bagdogra,Chennai,4916.0,5824.0,16.27,8.65133,1.317,2.055,2026-03,2026-03.xlsx,10740.0
116,Bagdogra,Delhi,48571.0,53194.0,142.81589,359.25797,9.62122,17.49022,2026-03,2026-03.xlsx,101765.0
117,Bagdogra,Dibrugarh,5368.0,5233.0,0.664,0.038,0.0,0.0,2026-03,2026-03.xlsx,10601.0
118,Bagdogra,Durgapur,260.0,315.0,0.0,0.0,0.0,0.0,2026-03,2026-03.xlsx,575.0
119,Bagdogra,Guwahati,0.0,1745.0,0.0,3.37267,0.0,0.40439,2026-03,2026-03.xlsx,1745.0
120,Bagdogra,Hyderabad,13760.0,16099.0,30.972,17.082,0.739,0.955,2026-03,2026-03.xlsx,29859.0
121,Bagdogra,Imphal,2592.0,3145.0,13.287,0.0,0.1307,0.0,2026-03,2026-03.xlsx,5737.0
122,Bagdogra,Kolkata,24654.0,25957.0,38.902,17.36486,13.041,4.558,2026-03,2026-03.xlsx,50611.0
123,Bagdogra,Mumbai,21739.0,26368.0,49.07067,93.46104,1.6878,6.37787,2026-03,2026-03.xlsx,48107.0
124,Bagdogra,Mumbai,213.0,443.0,0.0,0.0,0.0,0.0,2026-03,2026-03.xlsx,656.0
125,Bareilly,Bengaluru,2248.0,2398.0,0.0,0.028,0.0,0.0,2026-03,2026-03.xlsx,4646.0
126,Bareilly,Mumbai,3229.0,3569.0,0.0,0.092,0.0,0.0,2026-03,2026-03.xlsx,6798.0
127,Bareilly,Mumbai,169.0,136.0,0.0,0.0,0.0,0.0,2026-03,2026-03.xlsx,305.0
128,Bathinda,Delhi,389.0,421.0,0.0,0.0,0.0,0.0,2026-03,2026-03.xlsx,810.0
129,Belgaum,Bengaluru,3793.0,3783.0,0.006,0.33,0.0,0.0,2026-03,2026-03.xlsx,7576.0
130,Belgaum,Delhi,5169.0,4432.0,0.151,2.189,0.0,0.0,2026-03,2026-03.xlsx,9601.0
131,Belgaum,Hyderabad,1648.0,1962.0,0.004,0.035,0.0,0.0,2026-03,2026-03.xlsx,3610.0
132,Belgaum,Jaipur,718.0,635.0,0.0,0.0,0.0,0.0,2026-03,2026-03.xlsx,1353.0
133,Belgaum,Mumbai,69.0,91.0,0.0,0.0,0.0,0.0,2026-03,2026-03.xlsx,160.0
134,Belgaum,Mumbai,38.0,54.0,0.0,0.0,0.0,0.0,2026-03,2026-03.xlsx,92.0
135,Bengaluru,Bhopal,11273.0,11153.0,36.724,11.317,5.671,1.926,2026-03,2026-03.xlsx,22426.0
136,Bengaluru,Bhubaneswar,36980.0,35849.0,189.22315,9.512,15.812718,7.466202,2026-03,2026-03.xlsx,72829.0
137,Bengaluru,Bidar,1178.0,1214.0,0.0,0.0,0.0,0.0,2026-03,2026-03.xlsx,2392.0
138,Bengaluru,Chandigarh,27351.0,27269.0,205.581,200.88,12.90292,1.518,2026-03,2026-03.xlsx,54620.0
139,Bengaluru,Chennai,60370.0,64355.0,540.03243,581.96778,36.774468,22.02608,2026-03,2026-03.xlsx,124725.0
140,Bengaluru,Coimbatore,17157.0,15944.0,32.337,31.352,8.567,3.53,2026-03,2026-03.xlsx,33101.0
141,Bengaluru,Darbhanga,925.0,1255.0,0.62,0.0,0.0,0.0,2026-03,2026-03.xlsx,2180.0
142,Bengaluru,Dehradun,9025.0,8829.0,9.375,7.618,4.07,0.938,2026-03,2026-03.xlsx,17854.0
143,Bengaluru,Delhi,212538.0,207345.0,4106.14139,5520.598905,20.1413,51.411,2026-03,2026-03.xlsx,419883.0
144,Bengaluru,Deoghar,5045.0,4702.0,0.037,0.0,0.0,0.0,2026-03,2026-03.xlsx,9747.0
145,Bengaluru,Dibrugarh,317.0,206.0,0.274,0.0,0.0,0.0,2026-03,2026-03.xlsx,523.0
146,Bengaluru,Durgapur,5781.0,5255.0,7.187,14.258,0.0,0.0,2026-03,2026-03.xlsx,11036.0
147,Bengaluru,Ghaziabad,9056.0,9250.0,0.094,0.0,0.0,0.0,2026-03,2026-03.xlsx,18306.0
148,Bengaluru,"Goa (Dabolim, South Goa)",38159.0,40089.0,44.448,49.175,2.61914,1.5003,2026-03,2026-03.xlsx,78248.0
149,Bengaluru,"Goa (Mopa, North Goa)",19672.0,18766.0,15.703,26.454,0.0,1.572,2026-03,2026-03.xlsx,38438.0
150,Bengaluru,Gorakhpur,11538.0,11549.0,50.55934,29.23164,1.89742,0.314,2026-03,2026-03.xlsx,23087.0
151,Bengaluru,Guwahati,29443.0,24591.0,195.97513,32.584,15.99956,4.79976,2026-03,2026-03.xlsx,54034.0
152,Bengaluru,Gwalior,4244.0,4410.0,0.0,0.0,0.0,0.0,2026-03,2026-03.xlsx,8654.0
153,Bengaluru,Hirasar (Rajkot),4558.0,4558.0,8.982,2.722,2.325,0.0,2026-03,2026-03.xlsx,9116.0
154,Bengaluru,Hubli,3684.0,3624.0,0.331,1.143,0.437,0.957,2026-03,2026-03.xlsx,7308.0
155,Bengaluru,Hyderabad,88956.0,84823.0,305.021,172.059,29.2821,38.462,2026-03,2026-03.xlsx,173779.0
156,Bengaluru,Imphal,640.0,433.0,2.61,10.639,0.064,0.0,2026-03,2026-03.xlsx,1073.0
157,Bengaluru,Indore,20917.0,21313.0,102.917,68.628,4.6265,1.534,2026-03,2026-03.xlsx,42230.0
158,Bengaluru,Jabalpur,4147.0,4126.0,0.263,0.02,8.765,0.0,2026-03,2026-03.xlsx,8273.0
159,Bengaluru,Jaipur,31463.0,29587.0,199.542,274.572,12.05322,1.872,2026-03,2026-03.xlsx,61050.0
160,Bengaluru,Jaisalmer,5023.0,5023.0,0.0,0.0,0.0,0.0,2026-03,2026-03.xlsx,10046.0
161,Bengaluru,Jammu,3398.0,2958.0,7.987,0.0,0.101,0.0,2026-03,2026-03.xlsx,6356.0
162,Bengaluru,Jharsuguda,4440.0,4389.0,0.126,0.0,0.0,0.0,2026-03,2026-03.xlsx,8829.0
163,Bengaluru,Jodhpur,9046.0,9043.0,2.593,15.597,3.0648,1.783,2026-03,2026-03.xlsx,18089.0
164,Bengaluru,Kannur,4882.0,4683.0,0.041,0.014,0.503,0.0,2026-03,2026-03.xlsx,9565.0
165,Bengaluru,Kanpur,2597.0,2563.0,1.509,0.449,0.0,0.0,2026-03,2026-03.xlsx,5160.0
166,Bengaluru,Kochi,53955.0,54251.0,140.735,93.248,22.35144,13.8847,2026-03,2026-03.xlsx,108206.0
167,Bengaluru,Kolhapur,1952.0,1702.0,0.008,0.151,0.0,0.0,2026-03,2026-03.xlsx,3654.0
168,Bengaluru,Kolkata,93499.0,87560.0,616.85548,748.90898,15.9183,20.879912,2026-03,2026-03.xlsx,181059.0
169,Bengaluru,Kozhikode,21567.0,19046.0,22.53,1.202,6.2188,0.0,2026-03,2026-03.xlsx,40613.0
170,Bengaluru,Kurnool,229.0,239.0,0.018,0.0,0.0,0.0,2026-03,2026-03.xlsx,468.0
171,Bengaluru,Lucknow,31930.0,32236.0,196.73569,114.092,19.15926,4.63,2026-03,2026-03.xlsx,64166.0
172,Bengaluru,Madurai,6512.0,6468.0,2.761,12.672,2.536,1.605,2026-03,2026-03.xlsx,12980.0
173,Bengaluru,Malvan,1649.0,1260.0,0.0,0.0,0.0,0.0,2026-03,2026-03.xlsx,2909.0
174,Bengaluru,Mangalore (Mangaluru),35743.0,34018.0,7.585,65.889,3.088,128.401,2026-03,2026-03.xlsx,69761.0
175,Bengaluru,Mumbai,151368.0,154238.0,1898.0939012,1947.9957464,12.01736,35.259724,2026-03,2026-03.xlsx,305606.0
176,Bengaluru,Mumbai,14815.0,15138.0,27.593,32.41,0.0,0.012,2026-03,2026-03.xlsx,29953.0
177,Bengaluru,Nagpur,23211.0,23517.0,42.23,32.667,4.5591,4.632,2026-03,2026-03.xlsx,46728.0
178,Bengaluru,Nanded,1331.0,1298.0,0.0,0.0,0.0,0.0,2026-03,2026-03.xlsx,2629.0
179,Bengaluru,Nashik,3698.0,3831.0,0.796,0.446,0.612,0.093,2026-03,2026-03.xlsx,7529.0
180,Bengaluru,Patna,31084.0,29044.0,112.70295,23.06986,21.628,1.427,2026-03,2026-03.xlsx,60128.0
181,Bengaluru,Pondicherry (Puducherry),1998.0,2230.0,0.052,0.0,0.0,0.0,2026-03,2026-03.xlsx,4228.0
182,Bengaluru,Port Blair,15175.0,16118.0,22.745,16.961,7.629435,0.788,2026-03,2026-03.xlsx,31293.0
183,Bengaluru,Pune,70682.0,68689.0,525.41299,243.7547,16.0998,3.921,2026-03,2026-03.xlsx,139371.0
184,Bengaluru,Raipur,10713.0,10719.0,47.212,2.551,5.621,1.119,2026-03,2026-03.xlsx,21432.0
185,Bengaluru,Rajahmundry,2193.0,2068.0,0.024,0.011,0.0,0.0,2026-03,2026-03.xlsx,4261.0
186,Bengaluru,Ranchi,20801.0,19506.0,95.435,43.095,9.07566,2.1884,2026-03,2026-03.xlsx,40307.0
187,Bengaluru,Salem,1402.0,1758.0,0.042,0.0,0.0,0.0,2026-03,2026-03.xlsx,3160.0
188,Bengaluru,Shirdi,5603.0,6262.0,0.459,0.362,0.0,0.0,2026-03,2026-03.xlsx,11865.0
189,Bengaluru,Shivamogga,1461.0,1647.0,0.046,0.0,0.0,0.0,2026-03,2026-03.xlsx,3108.0
190,Bengaluru,Silchar,466.0,353.0,0.866,0.003,0.0,0.0,2026-03,2026-03.xlsx,819.0
191,Bengaluru,Srinagar,8241.0,7062.0,11.814,4.478,0.6751,0.0,2026-03,2026-03.xlsx,15303.0
192,Bengaluru,Surat,13274.0,12400.0,89.338,96.095,2.4264,5.7017,2026-03,2026-03.xlsx,25674.0
193,Bengaluru,Thiruvananthapuram,28378.0,28855.0,31.125,8.43,11.8432,4.93,2026-03,2026-03.xlsx,57233.0
194,Bengaluru,Tiruchirappalli,7829.0,8066.0,0.599,0.001,3.77824,0.0,2026-03,2026-03.xlsx,15895.0
195,Bengaluru,Tirupati,2094.0,1972.0,0.001,0.023,1.27,0.0,2026-03,2026-03.xlsx,4066.0
196,Bengaluru,Tuticorin,1832.0,1848.0,0.094,0.0,0.0,0.0,2026-03,2026-03.xlsx,3680.0
197,Bengaluru,Udaipur,14575.0,14296.0,18.907,0.072,0.0,0.0,2026-03,2026-03.xlsx,28871.0
198,Bengaluru,Vadodara,4550.0,4019.0,28.811,0.0,4.046,0.0,2026-03,2026-03.xlsx,8569.0
199,Bengaluru,Varanasi,45980.0,44699.0,48.5695,54.7535,5.57411,3.1809,2026-03,2026-03.xlsx,90679.0
200,Bengaluru,Vidyanagar,1026.0,1072.0,0.0,0.0,0.0,0.0,2026-03,2026-03.xlsx,2098.0
201,Bengaluru,Vijaywada,10994.0,10963.0,2.436,0.802,6.85649,0.438,2026-03,2026-03.xlsx,21957.0
202,Bengaluru,Vishakhapatnam (Visakhapatnam),20686.0,19692.0,17.141,5.88,7.1121,0.793,2026-03,2026-03.xlsx,40378.0
203,Bhavnagar,Mumbai,238.0,203.0,0.0,0.0,0.0,0.0,2026-03,2026-03.xlsx,441.0
204,Bhopal,Delhi,25076.0,24271.0,24.8595,157.4084666,14.820749,28.261815,2026-03,2026-03.xlsx,49347.0
205,Bhopal,"Goa (Dabolim, South Goa)",5420.0,5435.0,0.0,2.116,0.0,5.766,2026-03,2026-03.xlsx,10855.0
206,Bhopal,Hyderabad,2188.0,2247.0,0.004,0.015,0.678,0.771,2026-03,2026-03.xlsx,4435.0
207,Bhopal,Indore,119.0,0.0,0.0,0.0,0.0,0.0,2026-03,2026-03.xlsx,119.0
208,Bhopal,Mumbai,15628.0,16488.0,14.676,54.26,3.70636,24.554258,2026-03,2026-03.xlsx,32116.0
209,Bhopal,Mumbai,254.0,289.0,0.023,0.0,0.0,0.504,2026-03,2026-03.xlsx,543.0
210,Bhopal,Pune,4344.0,4843.0,0.162,4.104,0.0,0.562,2026-03,2026-03.xlsx,9187.0
211,Bhopal,Raipur,1744.0,1976.0,0.0,0.002,1.143,0.0,2026-03,2026-03.xlsx,3720.0
212,Bhubaneswar,Chandigarh,1331.0,1417.0,0.013,2.964,0.237,0.0,2026-03,2026-03.xlsx,2748.0
213,Bhubaneswar,Chennai,6013.0,6931.0,3.299,38.511,1.357,8.691,2026-03,2026-03.xlsx,12944.0
214,Bhubaneswar,Dehradun,1806.0,1782.0,0.0,0.0,0.087,0.071,2026-03,2026-03.xlsx,3588.0
215,Bhubaneswar,Delhi,50360.0,50499.0,71.7623168,628.7586772,10.696064,58.395655,2026-03,2026-03.xlsx,100859.0
216,Bhubaneswar,Dimapur,124.0,63.0,0.0,0.035,0.0,0.0,2026-03,2026-03.xlsx,187.0
217,Bhubaneswar,Durgapur,662.0,678.0,0.0,0.0,0.0,0.0,2026-03,2026-03.xlsx,1340.0
218,Bhubaneswar,"Goa (Mopa, North Goa)",1876.0,1889.0,0.0,0.718,0.0,0.0,2026-03,2026-03.xlsx,3765.0
219,Bhubaneswar,Guwahati,5322.0,5015.0,2.483,2.473,0.733,0.881,2026-03,2026-03.xlsx,10337.0
220,Bhubaneswar,Hyderabad,18243.0,17954.0,7.019,58.616,4.576,11.011,2026-03,2026-03.xlsx,36197.0
221,Bhubaneswar,Indore,2444.0,2486.0,0.001,3.155,0.16,0.0,2026-03,2026-03.xlsx,4930.0
222,Bhubaneswar,Jammu,205.0,245.0,0.001,0.0,0.1,0.0,2026-03,2026-03.xlsx,450.0
223,Bhubaneswar,Jamshedpur,77.0,88.0,0.0,0.0,0.0,0.0,2026-03,2026-03.xlsx,165.0
224,Bhubaneswar,Jeypore,414.0,446.0,0.0,0.0,0.0,0.0,2026-03,2026-03.xlsx,860.0
225,Bhubaneswar,Jharsuguda,1059.0,1101.0,0.0,0.0,0.0,0.0,2026-03,2026-03.xlsx,2160.0
226,Bhubaneswar,Kochi,2650.0,2542.0,0.033,5.066,1.171024,0.0,2026-03,2026-03.xlsx,5192.0
227,Bhubaneswar,Kolkata,17539.0,16609.0,100.631,15.268,4.826,31.932,2026-03,2026-03.xlsx,34148.0
228,Bhubaneswar,Lucknow,2004.0,2472.0,1.311,1.973,0.717,0.478,2026-03,2026-03.xlsx,4476.0
229,Bhubaneswar,Mumbai,26892.0,27057.0,49.849,143.528,3.106,14.604295,2026-03,2026-03.xlsx,53949.0
230,Bhubaneswar,Patna,4037.0,3840.0,0.105,1.038,0.909,2.173,2026-03,2026-03.xlsx,7877.0
231,Bhubaneswar,Pune,4399.0,4155.0,2.766,0.0,0.840306,0.0,2026-03,2026-03.xlsx,8554.0
232,Bhubaneswar,Raipur,3481.0,2990.0,0.002,0.661,0.31,0.63,2026-03,2026-03.xlsx,6471.0
233,Bhubaneswar,Ranchi,1955.0,1807.0,0.005,0.001,0.499,0.481,2026-03,2026-03.xlsx,3762.0
234,Bhubaneswar,Rourkela,41.0,51.0,0.0,0.0,0.0,0.0,2026-03,2026-03.xlsx,92.0
235,Bhubaneswar,Utkela,168.0,201.0,0.0,0.0,0.0,0.0,2026-03,2026-03.xlsx,369.0
236,Bhubaneswar,Varanasi,1709.0,1830.0,0.0,0.0,0.041,0.0,2026-03,2026-03.xlsx,3539.0
237,Bhubaneswar,Vishakhapatnam (Visakhapatnam),1802.0,2104.0,0.0,0.0,1.886,0.0,2026-03,2026-03.xlsx,3906.0
238,Bhuj,Delhi,4511.0,4806.0,0.0,0.214,0.0,0.0,2026-03,2026-03.xlsx,9317.0
239,Bhuj,Mumbai,8327.0,8180.0,0.0,0.408,0.0,0.0,2026-03,2026-03.xlsx,16507.0
240,Bhuj,Surat,239.0,164.0,0.0,0.0,0.0,0.0,2026-03,2026-03.xlsx,403.0
241,Bikaner,Delhi,2035.0,2028.0,0.0,0.107,0.0,0.0,2026-03,2026-03.xlsx,4063.0
242,Bikaner,Jaipur,29.0,22.0,0.0,0.0,0.0,0.0,2026-03,2026-03.xlsx,51.0
243,Bilaspur,Delhi,309.0,475.0,0.0,0.0,0.0,0.0,2026-03,2026-03.xlsx,784.0
244,Bilaspur,Jabalpur,213.0,100.0,0.0,0.0,0.0,0.0,2026-03,2026-03.xlsx,313.0
245,Bilaspur,Kolkata,306.0,209.0,0.0,0.0,0.0,0.0,2026-03,2026-03.xlsx,515.0
246,Chandigarh,Chennai,6244.0,6239.0,59.929,44.871,0.075,9.869,2026-03,2026-03.xlsx,12483.0
247,Chandigarh,Delhi,41490.0,43146.0,95.477,123.514515,14.239361,26.500188,2026-03,2026-03.xlsx,84636.0
248,Chandigarh,Dharamsala,1347.0,1436.0,0.007,0.0,0.0,0.0,2026-03,2026-03.xlsx,2783.0
249,Chandigarh,"Goa (Dabolim, South Goa)",6273.0,6462.0,6.505,4.569,0.0,0.355,2026-03,2026-03.xlsx,12735.0
250,Chandigarh,"Goa (Mopa, North Goa)",4703.0,4562.0,1.02,1.123,0.0,0.0,2026-03,2026-03.xlsx,9265.0
251,Chandigarh,Guwahati,800.0,694.0,2.408,0.469,0.0,0.612,2026-03,2026-03.xlsx,1494.0
252,Chandigarh,Hisar,18.0,77.0,0.0,0.0,0.0,0.0,2026-03,2026-03.xlsx,95.0
253,Chandigarh,Hyderabad,11222.0,11511.0,69.426,47.96,1.263,7.185,2026-03,2026-03.xlsx,22733.0
254,Chandigarh,Indore,4855.0,4975.0,11.384,3.035,1.058,0.701,2026-03,2026-03.xlsx,9830.0
255,Chandigarh,Jaipur,5909.0,6347.0,0.007,0.053,0.0,0.0,2026-03,2026-03.xlsx,12256.0
256,Chandigarh,Jammu,72.0,39.0,0.0,0.0,0.0,0.0,2026-03,2026-03.xlsx,111.0
257,Chandigarh,Kochi,222.0,384.0,3.852,1.612,0.0,0.0,2026-03,2026-03.xlsx,606.0
258,Chandigarh,Kolkata,7281.0,6541.0,21.127,7.978,0.0,0.32,2026-03,2026-03.xlsx,13822.0
259,Chandigarh,Leh,2805.0,2124.0,4.403,0.9,12.036205,0.0,2026-03,2026-03.xlsx,4929.0
260,Chandigarh,Lucknow,5193.0,5415.0,8.551,0.36,0.411,3.347,2026-03,2026-03.xlsx,10608.0
261,Chandigarh,Mumbai,25544.0,26032.0,116.781,195.70831,4.158,19.343834,2026-03,2026-03.xlsx,51576.0
262,Chandigarh,Mumbai,433.0,409.0,0.0,1.063,0.0,0.0,2026-03,2026-03.xlsx,842.0
263,Chandigarh,Patna,3735.0,3843.0,3.206,0.12,0.0,1.367,2026-03,2026-03.xlsx,7578.0
264,Chandigarh,Pune,7227.0,6244.0,31.393,37.933,0.0,0.0,2026-03,2026-03.xlsx,13471.0
265,Chandigarh,Srinagar,7773.0,6500.0,0.478,3.31,0.554,0.0,2026-03,2026-03.xlsx,14273.0
266,Chandigarh,Udaipur,539.0,315.0,0.0,0.0,0.0,0.0,2026-03,2026-03.xlsx,854.0
267,Chennai,Coimbatore,30347.0,31947.0,35.404,27.213,2.373,11.85,2026-03,2026-03.xlsx,62294.0
268,Chennai,Cuddapah (Kadapa),449.0,651.0,0.01,0.0,0.0,0.0,2026-03,2026-03.xlsx,1100.0
269,Chennai,Dehradun,508.0,571.0,1.016,3.093,2.041,0.659,2026-03,2026-03.xlsx,1079.0
270,Chennai,Delhi,98968.0,99887.0,4411.243122,3938.055755,27.09933,34.867705,2026-03,2026-03.xlsx,198855.0
271,Chennai,Durgapur,4632.0,3529.0,1.125,6.619,0.0,0.0,2026-03,2026-03.xlsx,8161.0
272,Chennai,Ghaziabad,4230.0,4332.0,0.016,0.0,0.0,0.0,2026-03,2026-03.xlsx,8562.0
273,Chennai,"Goa (Dabolim, South Goa)",5629.0,5900.0,5.303,7.332,0.62,0.433,2026-03,2026-03.xlsx,11529.0
274,Chennai,"Goa (Mopa, North Goa)",4631.0,5007.0,13.733,16.763,0.027,0.7,2026-03,2026-03.xlsx,9638.0
275,Chennai,Guwahati,15820.0,13847.0,28.92,16.044,8.121,2.335,2026-03,2026-03.xlsx,29667.0
276,Chennai,Hyderabad,57126.0,57193.0,704.86559,623.8843,17.08,27.034,2026-03,2026-03.xlsx,114319.0
277,Chennai,Indore,5232.0,4975.0,76.457,28.081,7.849,1.275,2026-03,2026-03.xlsx,10207.0
278,Chennai,Jaipur,8383.0,8697.0,43.652,96.245,6.857,1.405,2026-03,2026-03.xlsx,17080.0
279,Chennai,Jaisalmer,0.0,13.0,0.0,0.0,0.0,0.0,2026-03,2026-03.xlsx,13.0
280,Chennai,Jammu,206.0,222.0,0.099,0.0,0.0,0.0,2026-03,2026-03.xlsx,428.0
281,Chennai,Kannur,1141.0,1053.0,0.019,0.0,0.0,0.0,2026-03,2026-03.xlsx,2194.0
282,Chennai,Kanpur,150.0,129.0,0.0,0.0,0.0,0.0,2026-03,2026-03.xlsx,279.0
283,Chennai,Kochi,26771.0,28744.0,50.19343,36.62561,14.533,8.781,2026-03,2026-03.xlsx,55515.0
284,Chennai,Kolkata,54005.0,45610.0,504.34977,170.6388,8.741,1.001,2026-03,2026-03.xlsx,99615.0
285,Chennai,Kozhikode,1839.0,2111.0,0.078,0.0,0.982,0.0,2026-03,2026-03.xlsx,3950.0
286,Chennai,Lucknow,4443.0,4366.0,39.053,15.586,11.774,2.132,2026-03,2026-03.xlsx,8809.0
287,Chennai,Madurai,22294.0,20656.0,12.408,59.802,16.6839,10.52065,2026-03,2026-03.xlsx,42950.0
288,Chennai,Mangalore (Mangaluru),1770.0,1848.0,0.1,0.01,0.153,1.456,2026-03,2026-03.xlsx,3618.0
289,Chennai,Mumbai,86904.0,89326.0,1018.3248009,720.6700387,28.27599,31.075974,2026-03,2026-03.xlsx,176230.0
290,Chennai,Mumbai,2876.0,3200.0,1.293,13.503,0.0,0.02,2026-03,2026-03.xlsx,6076.0
291,Chennai,Mysore,1949.0,1948.0,0.04,0.0,0.0,0.0,2026-03,2026-03.xlsx,3897.0
292,Chennai,Patna,5785.0,5084.0,24.72044,14.076,4.79,0.222,2026-03,2026-03.xlsx,10869.0
293,Chennai,Port Blair,22618.0,23488.0,134.705,144.149,39.22598,3.688,2026-03,2026-03.xlsx,46106.0
294,Chennai,Pune,34696.0,33851.0,530.32944,263.17978,5.075,3.365,2026-03,2026-03.xlsx,68547.0
295,Chennai,Raipur,5426.0,3385.0,15.785,12.638,2.075,1.086,2026-03,2026-03.xlsx,8811.0
296,Chennai,Rajahmundry,2084.0,1997.0,0.002,0.017,0.0,0.0,2026-03,2026-03.xlsx,4081.0
297,Chennai,Ranchi,5052.0,3987.0,56.303,10.378,2.133,0.319,2026-03,2026-03.xlsx,9039.0
298,Chennai,Salem,1622.0,1841.0,0.039,0.0,0.0,0.0,2026-03,2026-03.xlsx,3463.0
299,Chennai,Shirdi,4588.0,4513.0,0.237,0.0,0.0,0.0,2026-03,2026-03.xlsx,9101.0
300,Chennai,Shivamogga,735.0,832.0,0.0,2.864,0.0,0.0,2026-03,2026-03.xlsx,1567.0
301,Chennai,Surat,2561.0,2464.0,71.477,30.008,0.419,0.254,2026-03,2026-03.xlsx,5025.0
302,Chennai,Thiruvananthapuram,12583.0,14696.0,14.006,10.462,8.26,5.573,2026-03,2026-03.xlsx,27279.0
303,Chennai,Tiruchirappalli,9781.0,9106.0,2.806,2.476,0.212,0.0,2026-03,2026-03.xlsx,18887.0
304,Chennai,Tuticorin,8578.0,8203.0,1.546,5.463,0.0,0.0,2026-03,2026-03.xlsx,16781.0
305,Chennai,Vadodara,507.0,537.0,14.458,0.0,0.0,0.0,2026-03,2026-03.xlsx,1044.0
306,Chennai,Varanasi,6216.0,6287.0,4.973,22.486,4.67,0.261,2026-03,2026-03.xlsx,12503.0
307,Chennai,Vijaywada,3691.0,3959.0,1.149,1.061,0.0,0.0,2026-03,2026-03.xlsx,7650.0
308,Chennai,Vishakhapatnam (Visakhapatnam),15435.0,14311.0,50.143,14.893,7.909,1.679,2026-03,2026-03.xlsx,29746.0
309,Coimbatore,Delhi,18857.0,18664.0,288.417,197.604,6.214,5.518735,2026-03,2026-03.xlsx,37521.0
310,Coimbatore,Durgapur,141.0,120.0,0.323,0.0,0.0,0.0,2026-03,2026-03.xlsx,261.0
311,Coimbatore,"Goa (Dabolim, South Goa)",2054.0,2161.0,0.001,0.0,0.0,0.0,2026-03,2026-03.xlsx,4215.0
312,Coimbatore,Guwahati,411.0,540.0,1.708,0.006,1.118,0.0,2026-03,2026-03.xlsx,951.0
313,Coimbatore,Hyderabad,22820.0,21269.0,71.267,29.503,4.187,6.502,2026-03,2026-03.xlsx,44089.0
314,Coimbatore,Jaipur,268.0,282.0,1.773,0.737,0.0,0.0,2026-03,2026-03.xlsx,550.0
315,Coimbatore,Kolkata,0.0,292.0,0.0,1.796,0.0,0.0,2026-03,2026-03.xlsx,292.0
316,Coimbatore,Lucknow,20.0,0.0,0.0,0.0,0.0,0.0,2026-03,2026-03.xlsx,20.0
317,Coimbatore,Mumbai,19375.0,20225.0,165.6145,206.2058315,6.222,7.626391,2026-03,2026-03.xlsx,39600.0
318,Coimbatore,Mumbai,3070.0,3553.0,1.651,3.317,0.0,0.0,2026-03,2026-03.xlsx,6623.0
319,Coimbatore,Nashik,61.0,48.0,0.0,0.0,0.0,0.0,2026-03,2026-03.xlsx,109.0
320,Coimbatore,Pune,4931.0,4343.0,26.852,34.481,0.0,0.398,2026-03,2026-03.xlsx,9274.0
321,Coimbatore,Shirdi,362.0,503.0,0.0,0.0,0.0,0.0,2026-03,2026-03.xlsx,865.0
322,Coimbatore,Varanasi,17.0,0.0,0.0,0.0,0.0,0.0,2026-03,2026-03.xlsx,17.0
323,Coimbatore,Vishakhapatnam (Visakhapatnam),30.0,59.0,0.0,0.0,0.0,0.0,2026-03,2026-03.xlsx,89.0
324,Cooch Behar,Kolkata,17.0,20.0,0.0,0.0,0.0,0.0,2026-03,2026-03.xlsx,37.0
325,Cuddapah (Kadapa),Hyderabad,1781.0,1586.0,0.0,0.163,0.0,0.0,2026-03,2026-03.xlsx,3367.0
326,Cuddapah (Kadapa),Vijaywada,248.0,260.0,0.0,0.0,0.0,0.0,2026-03,2026-03.xlsx,508.0
327,Darbhanga,Delhi,14056.0,14097.0,1.56129,3.404,0.0,0.0,2026-03,2026-03.xlsx,28153.0
328,Darbhanga,Hyderabad,3427.0,3929.0,0.0,0.692,0.0,0.0,2026-03,2026-03.xlsx,7356.0
329,Darbhanga,Kolkata,1245.0,1282.0,0.0,0.02,0.0,0.0,2026-03,2026-03.xlsx,2527.0
330,Darbhanga,Mumbai,10355.0,11100.0,0.0,33.01274,0.0,0.0,2026-03,2026-03.xlsx,21455.0
331,Dehradun,Delhi,27243.0,27954.0,4.218,13.59,7.588,5.747,2026-03,2026-03.xlsx,55197.0
332,Dehradun,Guwahati,252.0,266.0,0.026,0.005,0.133,0.525,2026-03,2026-03.xlsx,518.0
333,Dehradun,Hyderabad,4604.0,4780.0,3.164,8.196,0.512,1.282,2026-03,2026-03.xlsx,9384.0
334,Dehradun,Indore,528.0,562.0,0.0,0.0,0.0,0.0,2026-03,2026-03.xlsx,1090.0
335,Dehradun,Jaipur,3363.0,2954.0,0.001,0.003,0.065,0.0,2026-03,2026-03.xlsx,6317.0
336,Dehradun,Kolkata,2808.0,2742.0,3.372,0.977,0.185,0.0,2026-03,2026-03.xlsx,5550.0
337,Dehradun,Kullu,136.0,103.0,0.0,0.0,0.0,0.0,2026-03,2026-03.xlsx,239.0
338,Dehradun,Lucknow,3885.0,3752.0,0.238,0.127,1.318,1.279,2026-03,2026-03.xlsx,7637.0
339,Dehradun,Mumbai,12689.0,12982.0,1.687,10.573,1.288,3.995,2026-03,2026-03.xlsx,25671.0
340,Dehradun,Mumbai,373.0,190.0,0.0,0.0,0.0,0.0,2026-03,2026-03.xlsx,563.0
341,Dehradun,Pithoragarh,42.0,27.0,0.0,0.0,0.0,0.0,2026-03,2026-03.xlsx,69.0
342,Dehradun,Pune,4431.0,4632.0,7.009,2.644,0.243,0.408,2026-03,2026-03.xlsx,9063.0
343,Delhi,Deoghar,10017.0,8987.0,0.199,0.0,0.0,0.0,2026-03,2026-03.xlsx,19004.0
344,Delhi,Dharamsala,6689.0,5408.0,0.046,0.0,0.0,0.0,2026-03,2026-03.xlsx,12097.0
345,Delhi,Dibrugarh,11397.0,9507.0,28.275,2.855,3.711,1.645,2026-03,2026-03.xlsx,20904.0
346,Delhi,Dimapur,5298.0,4741.0,7.659,24.623,2.631,6.753,2026-03,2026-03.xlsx,10039.0
347,Delhi,Durgapur,4775.0,4364.0,46.042,20.135,0.0,0.0,2026-03,2026-03.xlsx,9139.0
348,Delhi,Gaya,8791.0,9169.0,0.271,0.0,0.0,0.0,2026-03,2026-03.xlsx,17960.0
349,Delhi,"Goa (Dabolim, South Goa)",54108.0,55986.0,158.530235,116.9918333,5.077178,1.65879,2026-03,2026-03.xlsx,110094.0
350,Delhi,"Goa (Mopa, North Goa)",47075.0,48176.0,139.6188,88.41825,2.272,0.0,2026-03,2026-03.xlsx,95251.0
351,Delhi,Gorakhpur,17922.0,17474.0,57.80325,40.14634,8.488,0.1229,2026-03,2026-03.xlsx,35396.0
352,Delhi,Guwahati,74735.0,68274.0,960.7158432,116.42677,34.533431,11.4914,2026-03,2026-03.xlsx,143009.0
353,Delhi,Gwalior,3781.0,3816.0,0.078,0.0,0.0,0.0,2026-03,2026-03.xlsx,7597.0
354,Delhi,Hirasar (Rajkot),19496.0,19236.0,34.841,65.298,9.10195,7.524465,2026-03,2026-03.xlsx,38732.0
355,Delhi,Hisar,2.0,16.0,0.0,0.0,0.0,0.0,2026-03,2026-03.xlsx,18.0
356,Delhi,Hubli,4900.0,4256.0,5.743,1.319,1.735,0.474,2026-03,2026-03.xlsx,9156.0
357,Delhi,Hyderabad,135984.0,137411.0,2426.487575,1760.13274,31.12169,11.0082,2026-03,2026-03.xlsx,273395.0
358,Delhi,Imphal,15498.0,14761.0,99.104,91.886,9.174,10.282,2026-03,2026-03.xlsx,30259.0
359,Delhi,Indore,47430.0,48902.0,413.8318278,180.7448313,27.613849,5.64664,2026-03,2026-03.xlsx,96332.0
360,Delhi,Itanagar,5149.0,4687.0,4.132,0.266,0.0,0.0,2026-03,2026-03.xlsx,9836.0
361,Delhi,Jabalpur,8965.0,9366.0,2.281,3.883,12.416,0.0,2026-03,2026-03.xlsx,18331.0
362,Delhi,Jagdalpur,292.0,422.0,0.0,0.0,0.0,0.0,2026-03,2026-03.xlsx,714.0
363,Delhi,Jaipur,29005.0,30852.0,55.4666096,173.983,25.881721,14.051,2026-03,2026-03.xlsx,59857.0
364,Delhi,Jaisalmer,7599.0,8645.0,0.048,0.0,0.0,0.0,2026-03,2026-03.xlsx,16244.0
365,Delhi,Jammu,30149.0,28758.0,72.27963,8.42706,9.636467,0.0,2026-03,2026-03.xlsx,58907.0
366,Delhi,Jharsuguda,6011.0,5649.0,0.118,0.0,0.0,0.0,2026-03,2026-03.xlsx,11660.0
367,Delhi,Jodhpur,16942.0,16617.0,26.732,0.16,24.50694,6.955,2026-03,2026-03.xlsx,33559.0
368,Delhi,Jorhat,3104.0,2896.0,0.568,0.104,0.0,0.0,2026-03,2026-03.xlsx,6000.0
369,Delhi,Kannur,3827.0,3524.0,4.628,1.71,0.0,0.0,2026-03,2026-03.xlsx,7351.0
370,Delhi,Kanpur,4391.0,4679.0,0.841,0.073,13.181,0.0,2026-03,2026-03.xlsx,9070.0
371,Delhi,Khajuraho,2936.0,3185.0,0.03,0.0,0.0,0.0,2026-03,2026-03.xlsx,6121.0
372,Delhi,Kochi,40282.0,40592.0,500.4554034,378.648,21.970362,23.651944,2026-03,2026-03.xlsx,80874.0
373,Delhi,Kolkata,141291.0,133915.0,2139.7843157,2591.371229,53.498531,36.24127,2026-03,2026-03.xlsx,275206.0
374,Delhi,Kozhikode,5766.0,5814.0,12.103,0.613,0.999,0.0,2026-03,2026-03.xlsx,11580.0
375,Delhi,Kullu,666.0,369.0,0.0,0.0,0.0,0.0,2026-03,2026-03.xlsx,1035.0
376,Delhi,Leh,26002.0,17523.0,133.22976,21.31972,68.951293,20.406,2026-03,2026-03.xlsx,43525.0
377,Delhi,Lucknow,63802.0,60972.0,379.7134423,94.417,63.535324,14.618,2026-03,2026-03.xlsx,124774.0
378,Delhi,Madurai,5442.0,5303.0,26.871,88.671,1.874,1.76,2026-03,2026-03.xlsx,10745.0
379,Delhi,Mangalore (Mangaluru),12891.0,14116.0,62.555,5.921,0.006,43.533,2026-03,2026-03.xlsx,27007.0
380,Delhi,Mumbai,271231.0,271372.0,6587.885023,4896.981377,41.0287,139.103924,2026-03,2026-03.xlsx,542603.0
381,Delhi,Mumbai,26572.0,26903.0,140.836,44.972,0.494,0.0,2026-03,2026-03.xlsx,53475.0
382,Delhi,Nagpur,34846.0,34397.0,270.4455,66.086,16.35392,13.985,2026-03,2026-03.xlsx,69243.0
383,Delhi,Nashik,9537.0,9181.0,64.959,29.535,1.585,0.333,2026-03,2026-03.xlsx,18718.0
384,Delhi,Pantnagar,4452.0,4301.0,0.214,0.0,0.0,0.0,2026-03,2026-03.xlsx,8753.0
385,Delhi,Patna,68841.0,63896.0,409.9608239,43.24365,39.283112,15.973076,2026-03,2026-03.xlsx,132737.0
386,Delhi,Pithoragarh,347.0,197.0,0.0,0.0,0.0,0.0,2026-03,2026-03.xlsx,544.0
387,Delhi,Port Blair,8564.0,9018.0,95.1338629,17.3115,2.9792,4.81133,2026-03,2026-03.xlsx,17582.0
388,Delhi,Pune,128404.0,127288.0,1736.2630831,1227.8031114999999,18.717308,2.975655,2026-03,2026-03.xlsx,255692.0
389,Delhi,Purnea,5364.0,4827.0,0.224,0.0,0.0,0.0,2026-03,2026-03.xlsx,10191.0
390,Delhi,Raipur,36843.0,38328.0,311.6320328,20.392,17.5892,7.6697,2026-03,2026-03.xlsx,75171.0
391,Delhi,Rajahmundry,3448.0,4036.0,1.946,0.42,0.0,0.0,2026-03,2026-03.xlsx,7484.0
392,Delhi,Ranchi,37056.0,36056.0,490.456,112.916,25.541,10.751,2026-03,2026-03.xlsx,73112.0
393,Delhi,Rewa,726.0,836.0,0.0,0.0,0.0,0.0,2026-03,2026-03.xlsx,1562.0
394,Delhi,Shillong,778.0,621.0,0.0,0.0,0.0,0.0,2026-03,2026-03.xlsx,1399.0
395,Delhi,Shirdi,5164.0,5213.0,0.719,0.084,0.0,0.0,2026-03,2026-03.xlsx,10377.0
396,Delhi,Silchar,1510.0,1259.0,0.005,0.015,0.0,0.0,2026-03,2026-03.xlsx,2769.0
397,Delhi,Srinagar,83533.0,69805.0,552.3778511,170.67426,20.965044,31.513,2026-03,2026-03.xlsx,153338.0
398,Delhi,Surat,25487.0,24780.0,116.585,136.616,8.925,4.965,2026-03,2026-03.xlsx,50267.0
399,Delhi,Thiruvananthapuram,19702.0,19319.0,129.43154,97.2715,12.293381,7.529042,2026-03,2026-03.xlsx,39021.0
400,Delhi,Tiruchirappalli,4342.0,3534.0,1.569,0.142,0.0,0.0,2026-03,2026-03.xlsx,7876.0
401,Delhi,Tirupati,5089.0,4387.0,23.51,11.043,1.026,0.552,2026-03,2026-03.xlsx,9476.0
402,Delhi,Udaipur,38311.0,39963.0,38.15,0.072,0.0,0.0,2026-03,2026-03.xlsx,78274.0
403,Delhi,Vadodara,25196.0,27701.0,63.9955,0.0,5.88709,0.0,2026-03,2026-03.xlsx,52897.0
404,Delhi,Varanasi,47536.0,50362.0,164.6683497,33.66466,19.93431,3.141,2026-03,2026-03.xlsx,97898.0
405,Delhi,Vijaywada,12534.0,12395.0,76.899,50.109,8.60041,0.7176,2026-03,2026-03.xlsx,24929.0
406,Delhi,Vishakhapatnam (Visakhapatnam),19986.0,19756.0,101.728011,46.637,5.87495,1.966,2026-03,2026-03.xlsx,39742.0
407,Deoghar,Jaipur,155.0,0.0,0.0,0.0,0.0,0.0,2026-03,2026-03.xlsx,155.0
408,Deoghar,Kolkata,816.0,732.0,0.0,0.0,0.0,0.0,2026-03,2026-03.xlsx,1548.0
409,Deoghar,Mumbai,1983.0,2192.0,0.0,0.038,0.0,0.0,2026-03,2026-03.xlsx,4175.0
410,Dharamsala,Jaipur,24.0,47.0,0.0,0.0,0.0,0.0,2026-03,2026-03.xlsx,71.0
411,Dibrugarh,Guwahati,10503.0,10558.0,0.193,6.483,3.872,3.909,2026-03,2026-03.xlsx,21061.0
412,Dibrugarh,Kolkata,9160.0,10561.0,9.549,27.464,1.904,4.582,2026-03,2026-03.xlsx,19721.0
413,Dimapur,Guwahati,5983.0,4971.0,0.767,8.001,0.003,2.606623,2026-03,2026-03.xlsx,10954.0
414,Dimapur,Imphal,374.0,398.0,0.0,0.0,0.0,0.0,2026-03,2026-03.xlsx,772.0
415,Dimapur,Kolkata,4062.0,5252.0,21.006,24.534,4.958,1.978,2026-03,2026-03.xlsx,9314.0
416,Diu,"Goa (Mopa, North Goa)",562.0,605.0,0.0,0.0,0.0,0.0,2026-03,2026-03.xlsx,1167.0
417,Diu,Mumbai,1502.0,1378.0,0.0,0.0,0.0,0.0,2026-03,2026-03.xlsx,2880.0
418,Diu,Mumbai,149.0,106.0,0.0,0.0,0.0,0.0,2026-03,2026-03.xlsx,255.0
419,Diu,Surat,1817.0,1505.0,0.0,0.0,0.0,0.0,2026-03,2026-03.xlsx,3322.0
420,Durgapur,Hyderabad,5007.0,5746.0,6.602,0.57,0.0,0.0,2026-03,2026-03.xlsx,10753.0
421,Durgapur,Lucknow,2.0,0.0,0.0,0.0,0.0,0.0,2026-03,2026-03.xlsx,2.0
422,Durgapur,Mumbai,2200.0,2493.0,0.639,0.989,0.0,0.0,2026-03,2026-03.xlsx,4693.0
423,Durgapur,Mumbai,237.0,159.0,0.0,0.0,0.0,0.0,2026-03,2026-03.xlsx,396.0
424,Durgapur,Varanasi,186.0,241.0,0.0,0.0,0.0,0.0,2026-03,2026-03.xlsx,427.0
425,Gaya,Kolkata,5078.0,4241.0,0.0,0.005,0.0,0.0,2026-03,2026-03.xlsx,9319.0
426,Ghaziabad,Kolkata,5101.0,4890.0,0.0,0.0,0.0,0.0,2026-03,2026-03.xlsx,9991.0
427,Ghaziabad,Mumbai,7618.0,7984.0,0.0,0.0,0.0,0.0,2026-03,2026-03.xlsx,15602.0
428,Ghaziabad,Mumbai,355.0,212.0,0.0,0.0,0.0,0.0,2026-03,2026-03.xlsx,567.0
429,Ghaziabad,Nanded,2196.0,2637.0,0.0,0.0,0.0,0.0,2026-03,2026-03.xlsx,4833.0
430,Ghaziabad,Patna,3649.0,3517.0,0.0,0.0,0.0,0.0,2026-03,2026-03.xlsx,7166.0
431,Ghaziabad,Varanasi,3824.0,3839.0,0.0,0.0,0.0,0.0,2026-03,2026-03.xlsx,7663.0
432,"Goa (Dabolim, South Goa)",Hyderabad,17630.0,16951.0,27.057,13.299,0.298,6.128,2026-03,2026-03.xlsx,34581.0
433,"Goa (Dabolim, South Goa)",Indore,9088.0,9099.0,3.792,4.608,0.178,0.1021,2026-03,2026-03.xlsx,18187.0
434,"Goa (Dabolim, South Goa)",Kochi,4588.0,4137.0,17.866,7.005,0.226,0.0,2026-03,2026-03.xlsx,8725.0
435,"Goa (Dabolim, South Goa)",Kolkata,5574.0,5150.0,14.613,16.955,0.692,0.524,2026-03,2026-03.xlsx,10724.0
436,"Goa (Dabolim, South Goa)",Lucknow,5090.0,4804.0,9.388,27.378,0.295,0.059,2026-03,2026-03.xlsx,9894.0
437,"Goa (Dabolim, South Goa)",Mumbai,62127.0,61767.0,75.2043333,113.1356,11.000271,15.933859,2026-03,2026-03.xlsx,123894.0
438,"Goa (Dabolim, South Goa)",Mumbai,903.0,526.0,0.0,0.126,0.0,0.0,2026-03,2026-03.xlsx,1429.0
439,"Goa (Dabolim, South Goa)",Nashik,1238.0,1147.0,0.001,0.0,0.0,0.0,2026-03,2026-03.xlsx,2385.0
440,"Goa (Dabolim, South Goa)",Pune,3833.0,4218.0,7.105,0.926,0.0,0.0,2026-03,2026-03.xlsx,8051.0
441,"Goa (Dabolim, South Goa)",Raipur,6439.0,6040.0,6.486,0.003,0.333,0.0,2026-03,2026-03.xlsx,12479.0
442,"Goa (Dabolim, South Goa)",Surat,4918.0,4527.0,12.327,33.74,0.141,0.025,2026-03,2026-03.xlsx,9445.0
443,"Goa (Mopa, North Goa)",Hirasar (Rajkot),3933.0,3880.0,0.091,0.375,0.0,0.0,2026-03,2026-03.xlsx,7813.0
444,"Goa (Mopa, North Goa)",Hyderabad,40008.0,38868.0,29.416,14.055,0.0,0.0,2026-03,2026-03.xlsx,78876.0
445,"Goa (Mopa, North Goa)",Jaipur,5050.0,5142.0,3.419,27.443,0.0,0.0,2026-03,2026-03.xlsx,10192.0
446,"Goa (Mopa, North Goa)",Jalgaon,1775.0,1708.0,0.0,0.0,0.0,0.0,2026-03,2026-03.xlsx,3483.0
447,"Goa (Mopa, North Goa)",Kolkata,5401.0,5020.0,18.024,2.371,0.0,0.0,2026-03,2026-03.xlsx,10421.0
448,"Goa (Mopa, North Goa)",Mumbai,37872.0,36767.0,37.08913,67.99616,0.0,0.0,2026-03,2026-03.xlsx,74639.0
449,"Goa (Mopa, North Goa)",Mumbai,8482.0,7976.0,0.094,0.005,0.0,0.0,2026-03,2026-03.xlsx,16458.0
450,"Goa (Mopa, North Goa)",Nagpur,6238.0,6148.0,0.293,0.038,0.0,0.0,2026-03,2026-03.xlsx,12386.0
451,"Goa (Mopa, North Goa)",Nanded,50.0,66.0,0.0,0.0,0.0,0.0,2026-03,2026-03.xlsx,116.0
452,"Goa (Mopa, North Goa)",Pune,15783.0,13908.0,70.19379,15.65753,0.0,0.0,2026-03,2026-03.xlsx,29691.0
453,"Goa (Mopa, North Goa)",Shivamogga,1493.0,1194.0,0.0,0.0,0.0,0.0,2026-03,2026-03.xlsx,2687.0
454,"Goa (Mopa, North Goa)",Solapur,616.0,618.0,0.0,0.0,0.0,0.0,2026-03,2026-03.xlsx,1234.0
455,"Goa (Mopa, North Goa)",Surat,666.0,714.0,0.0,9.662,0.0,0.0,2026-03,2026-03.xlsx,1380.0
456,"Goa (Mopa, North Goa)",Vadodara,4464.0,4122.0,0.0,0.0,0.0,0.0,2026-03,2026-03.xlsx,8586.0
457,Gondia,Hyderabad,1287.0,1044.0,0.0,0.097,0.0,0.0,2026-03,2026-03.xlsx,2331.0
458,Gondia,Indore,288.0,239.0,0.0,0.0,0.0,0.0,2026-03,2026-03.xlsx,527.0
459,Gorakhpur,Hyderabad,3880.0,4339.0,0.0,2.528,0.0,0.748,2026-03,2026-03.xlsx,8219.0
460,Gorakhpur,Kolkata,2000.0,2165.0,0.0,0.0,0.0,0.0,2026-03,2026-03.xlsx,4165.0
461,Gorakhpur,Mumbai,7543.0,8273.0,0.0,9.6515,0.0,2.622,2026-03,2026-03.xlsx,15816.0
462,Gorakhpur,Mumbai,137.0,302.0,0.0,0.0,0.0,0.0,2026-03,2026-03.xlsx,439.0
463,Gorakhpur,Pune,0.0,105.0,0.0,0.0,0.0,0.0,2026-03,2026-03.xlsx,105.0
464,Guwahati,Hyderabad,14428.0,16353.0,21.292,65.499,1.830905,6.055,2026-03,2026-03.xlsx,30781.0
465,Guwahati,Imphal,19371.0,20056.0,76.24096,20.84043,11.41192,6.202,2026-03,2026-03.xlsx,39427.0
466,Guwahati,Itanagar,97.0,81.0,0.0,0.0,0.0,0.0,2026-03,2026-03.xlsx,178.0
467,Guwahati,Jaipur,6516.0,6777.0,2.716,25.755,1.5,0.516,2026-03,2026-03.xlsx,13293.0
468,Guwahati,Kochi,55.0,47.0,0.0,0.0,0.0,0.0,2026-03,2026-03.xlsx,102.0
469,Guwahati,Kolkata,42470.0,44859.0,205.90521,398.86569,11.215,11.178,2026-03,2026-03.xlsx,87329.0
470,Guwahati,Lucknow,3862.0,4273.0,5.242,4.017,3.002,1.264,2026-03,2026-03.xlsx,8135.0
471,Guwahati,Mumbai,16355.0,17873.0,42.50732,126.71884,5.1677,21.25331,2026-03,2026-03.xlsx,34228.0
472,Guwahati,Pasighat,34.0,67.0,0.0,0.0,0.0,0.0,2026-03,2026-03.xlsx,101.0
473,Guwahati,Patna,0.0,133.0,0.0,0.0,0.0,0.0,2026-03,2026-03.xlsx,133.0
474,Guwahati,Pune,5914.0,6715.0,2.217,19.028,1.127,0.666,2026-03,2026-03.xlsx,12629.0
475,Guwahati,Rupsi,152.0,89.0,0.0,0.0,0.0,0.0,2026-03,2026-03.xlsx,241.0
476,Guwahati,Shillong,0.0,0.0,0.0,0.0,0.0,0.0,2026-03,2026-03.xlsx,0.0
477,Guwahati,Silchar,6497.0,6322.0,13.269,0.201,9.388,0.0,2026-03,2026-03.xlsx,12819.0
478,Guwahati,Tezu,209.0,224.0,0.0,0.0,0.0,0.0,2026-03,2026-03.xlsx,433.0
479,Gwalior,Mumbai,4151.0,4623.0,0.0,0.238,0.0,0.0,2026-03,2026-03.xlsx,8774.0
480,Hirasar (Rajkot),Hyderabad,3842.0,3908.0,2.407,1.723,0.0,1.456,2026-03,2026-03.xlsx,7750.0
481,Hirasar (Rajkot),Mumbai,23079.0,22885.0,31.9385,27.902,6.133834,13.567594,2026-03,2026-03.xlsx,45964.0
482,Hirasar (Rajkot),Mumbai,232.0,279.0,0.0,0.0,0.0,0.0,2026-03,2026-03.xlsx,511.0
483,Hirasar (Rajkot),Pune,2179.0,2463.0,3.642,4.092,0.0,0.0,2026-03,2026-03.xlsx,4642.0
484,Hisar,Jaipur,102.0,52.0,0.0,0.0,0.0,0.0,2026-03,2026-03.xlsx,154.0
485,Hubli,Hyderabad,2237.0,1942.0,0.032,0.06,0.746,0.37,2026-03,2026-03.xlsx,4179.0
486,Hubli,Mumbai,4081.0,3694.0,0.307,0.782,0.761,6.707,2026-03,2026-03.xlsx,7775.0
487,Hubli,Mumbai,184.0,244.0,0.0,0.0,0.0,1.047,2026-03,2026-03.xlsx,428.0
488,Hubli,Pune,907.0,1158.0,0.085,0.0,0.0,0.251,2026-03,2026-03.xlsx,2065.0
489,Hyderabad,Indore,15291.0,15730.0,66.701,27.773,6.036,2.492,2026-03,2026-03.xlsx,31021.0
490,Hyderabad,Jabalpur,2013.0,2107.0,0.018,0.0,0.113,0.0,2026-03,2026-03.xlsx,4120.0
491,Hyderabad,Jagdalpur,2010.0,1866.0,0.103,0.0,0.0,0.0,2026-03,2026-03.xlsx,3876.0
492,Hyderabad,Jaipur,16144.0,15344.0,65.822,155.213,3.749,1.253,2026-03,2026-03.xlsx,31488.0
493,Hyderabad,Jalgaon,1554.0,1596.0,0.0,0.0,0.0,0.0,2026-03,2026-03.xlsx,3150.0
494,Hyderabad,Jammu,2428.0,1624.0,5.692,0.0,0.514,0.0,2026-03,2026-03.xlsx,4052.0
495,Hyderabad,Jharsuguda,1387.0,1396.0,0.0,0.0,0.0,0.0,2026-03,2026-03.xlsx,2783.0
496,Hyderabad,Jodhpur,5248.0,5201.0,1.924,0.0,0.928,0.563,2026-03,2026-03.xlsx,10449.0
497,Hyderabad,Kannur,2011.0,1731.0,0.035,0.019,1.284,0.0,2026-03,2026-03.xlsx,3742.0
498,Hyderabad,Kanpur,2376.0,2795.0,0.254,0.856,0.0,0.0,2026-03,2026-03.xlsx,5171.0
499,Hyderabad,Kochi,27020.0,28970.0,50.224,46.356,11.724,11.285,2026-03,2026-03.xlsx,55990.0
500,Hyderabad,Kolhapur,2034.0,2554.0,1.531,1.445,0.0,0.0,2026-03,2026-03.xlsx,4588.0
501,Hyderabad,Kolkata,43631.0,37482.0,213.72986,211.37457,11.421,1.814,2026-03,2026-03.xlsx,81113.0
502,Hyderabad,Kozhikode,4152.0,5336.0,1.493,0.0,2.71,0.0,2026-03,2026-03.xlsx,9488.0
503,Hyderabad,Lucknow,17371.0,16596.0,54.885,29.407,6.285,1.474,2026-03,2026-03.xlsx,33967.0
504,Hyderabad,Madurai,9714.0,9746.0,10.528,116.019,7.872,1.062,2026-03,2026-03.xlsx,19460.0
505,Hyderabad,Malvan,1400.0,1331.0,0.0,0.0,0.0,0.0,2026-03,2026-03.xlsx,2731.0
506,Hyderabad,Mangalore (Mangaluru),4256.0,4280.0,0.08,0.002,2.013,0.934,2026-03,2026-03.xlsx,8536.0
507,Hyderabad,Mumbai,81034.0,86714.0,626.8788819,1065.5818828,21.712599,36.490004,2026-03,2026-03.xlsx,167748.0
508,Hyderabad,Mumbai,4577.0,5260.0,2.146,8.086,1.551,0.0,2026-03,2026-03.xlsx,9837.0
509,Hyderabad,Mysore,1992.0,1904.0,0.069,0.0,0.0,0.0,2026-03,2026-03.xlsx,3896.0
510,Hyderabad,Nagpur,4167.0,4220.0,0.071,0.018,0.674,0.0,2026-03,2026-03.xlsx,8387.0
511,Hyderabad,Nanded,1424.0,1421.0,0.0,0.0,0.0,0.0,2026-03,2026-03.xlsx,2845.0
512,Hyderabad,Nashik,2679.0,2830.0,0.116,0.017,0.177,0.202,2026-03,2026-03.xlsx,5509.0
513,Hyderabad,Patna,15104.0,13792.0,54.06272,9.802,8.369,2.314,2026-03,2026-03.xlsx,28896.0
514,Hyderabad,Pondicherry (Puducherry),2059.0,2085.0,0.013,0.0,0.0,0.0,2026-03,2026-03.xlsx,4144.0
515,Hyderabad,Port Blair,5853.0,6898.0,44.493,13.661,5.008,0.0,2026-03,2026-03.xlsx,12751.0
516,Hyderabad,Pune,28431.0,28713.0,79.107,76.89,5.329,4.03,2026-03,2026-03.xlsx,57144.0
517,Hyderabad,Purnea,5260.0,4293.0,0.017,0.0,0.0,0.0,2026-03,2026-03.xlsx,9553.0
518,Hyderabad,Raipur,8665.0,9531.0,16.45,0.396,15.342,1.142,2026-03,2026-03.xlsx,18196.0
519,Hyderabad,Rajahmundry,10408.0,10223.0,0.153,0.149,0.0,0.0,2026-03,2026-03.xlsx,20631.0
520,Hyderabad,Ranchi,16830.0,15084.0,34.487,9.76,3.078,3.027,2026-03,2026-03.xlsx,31914.0
521,Hyderabad,Salem,1028.0,1061.0,0.034,0.0,0.0,0.0,2026-03,2026-03.xlsx,2089.0
522,Hyderabad,Shirdi,7206.0,6844.0,0.163,10.51,0.0,0.0,2026-03,2026-03.xlsx,14050.0
523,Hyderabad,Shivamogga,3672.0,3512.0,2.864,0.0,0.0,0.0,2026-03,2026-03.xlsx,7184.0
524,Hyderabad,Srinagar,6035.0,4548.0,3.416,1.081,0.847,0.06,2026-03,2026-03.xlsx,10583.0
525,Hyderabad,Surat,4312.0,4509.0,19.809,46.975,1.288,1.404,2026-03,2026-03.xlsx,8821.0
526,Hyderabad,Thiruvananthapuram,8810.0,10446.0,5.81,6.007,5.738,3.153,2026-03,2026-03.xlsx,19256.0
527,Hyderabad,Tiruchirappalli,4669.0,4545.0,1.59,0.287,9.681,0.0,2026-03,2026-03.xlsx,9214.0
528,Hyderabad,Tirupati,26645.0,25395.0,4.281,1.639,18.084,2.015,2026-03,2026-03.xlsx,52040.0
529,Hyderabad,Udaipur,10593.0,10371.0,3.895,0.233,0.0,0.0,2026-03,2026-03.xlsx,20964.0
530,Hyderabad,Vadodara,4419.0,4094.0,45.797,0.0,0.805,0.0,2026-03,2026-03.xlsx,8513.0
531,Hyderabad,Varanasi,17956.0,17825.0,6.284,23.628,1.546,0.198,2026-03,2026-03.xlsx,35781.0
532,Hyderabad,Vijaywada,12670.0,12714.0,5.175,1.409,9.835207,1.575,2026-03,2026-03.xlsx,25384.0
533,Hyderabad,Vishakhapatnam (Visakhapatnam),42071.0,41756.0,44.539,99.974,21.336,0.283,2026-03,2026-03.xlsx,83827.0
534,Imphal,Jaipur,325.0,345.0,0.875,0.228,0.0,0.0,2026-03,2026-03.xlsx,670.0
535,Imphal,Kolkata,12833.0,15321.0,90.839,75.87794,10.47,0.966,2026-03,2026-03.xlsx,28154.0
536,Imphal,Mumbai,456.0,287.0,0.0,0.0,0.0,0.0,2026-03,2026-03.xlsx,743.0
537,Imphal,Shillong,832.0,750.0,0.0,0.0,0.0,0.0,2026-03,2026-03.xlsx,1582.0
538,Imphal,Tezu,204.0,197.0,0.0,0.0,0.0,0.0,2026-03,2026-03.xlsx,401.0
539,Indore,Jabalpur,1431.0,1512.0,0.0,0.0,0.0,0.0,2026-03,2026-03.xlsx,2943.0
540,Indore,Jaipur,4327.0,3993.0,0.06,0.096,0.0,0.0,2026-03,2026-03.xlsx,8320.0
541,Indore,Jammu,2475.0,2080.0,0.102,0.0,0.143,0.0,2026-03,2026-03.xlsx,4555.0
542,Indore,Kishangarh,0.0,11.0,0.0,0.0,0.0,0.0,2026-03,2026-03.xlsx,11.0
543,Indore,Kolkata,5561.0,5317.0,28.44,20.376,0.738,2.121,2026-03,2026-03.xlsx,10878.0
544,Indore,Lucknow,2194.0,2081.0,0.02,0.191,0.598,1.287,2026-03,2026-03.xlsx,4275.0
545,Indore,Mumbai,33706.0,34257.0,116.0185,109.8085,8.185801,14.398027,2026-03,2026-03.xlsx,67963.0
546,Indore,Mumbai,720.0,314.0,0.124,1.501,0.0,0.0,2026-03,2026-03.xlsx,1034.0
547,Indore,Nagpur,2463.0,2655.0,0.673,0.646,0.505,0.0,2026-03,2026-03.xlsx,5118.0
548,Indore,Nashik,492.0,486.0,0.001,0.0,0.0,0.0,2026-03,2026-03.xlsx,978.0
549,Indore,Pune,12053.0,12242.0,28.533,56.063,1.19284,0.543,2026-03,2026-03.xlsx,24295.0
550,Indore,Raipur,5074.0,5203.0,1.79,0.012,0.691,1.979,2026-03,2026-03.xlsx,10277.0
551,Indore,Rewa,1531.0,1453.0,0.0,0.0,0.0,0.0,2026-03,2026-03.xlsx,2984.0
552,Indore,Udaipur,1077.0,942.0,0.0,0.001,0.0,0.0,2026-03,2026-03.xlsx,2019.0
553,Indore,Vishakhapatnam (Visakhapatnam),180.0,194.0,0.0,0.017,0.0,0.0,2026-03,2026-03.xlsx,374.0
554,Itanagar,Kolkata,3877.0,5063.0,0.003,1.234,0.0,0.0,2026-03,2026-03.xlsx,8940.0
555,Jabalpur,Jagdalpur,149.0,199.0,0.0,0.0,0.0,0.0,2026-03,2026-03.xlsx,348.0
556,Jabalpur,Mumbai,4344.0,4636.0,3.745,1.639,0.0,7.087,2026-03,2026-03.xlsx,8980.0
557,Jabalpur,Mumbai,348.0,268.0,0.0,0.0,0.0,0.0,2026-03,2026-03.xlsx,616.0
558,Jagdalpur,Raipur,146.0,142.0,0.0,0.0,0.0,0.0,2026-03,2026-03.xlsx,288.0
559,Jaipur,Jaisalmer,1154.0,1079.0,0.0,0.0,0.0,0.0,2026-03,2026-03.xlsx,2233.0
560,Jaipur,Jodhpur,1278.0,1010.0,0.009,0.0,0.0,0.0,2026-03,2026-03.xlsx,2288.0
561,Jaipur,Kochi,686.0,47.0,2.229,0.0,0.0,0.0,2026-03,2026-03.xlsx,733.0
562,Jaipur,Kolkata,17983.0,18227.0,138.255,54.83,2.506,3.279,2026-03,2026-03.xlsx,36210.0
563,Jaipur,Kullu,240.0,141.0,0.0,0.0,0.0,0.0,2026-03,2026-03.xlsx,381.0
564,Jaipur,Lucknow,2184.0,2154.0,0.005,0.026,0.0,1.032,2026-03,2026-03.xlsx,4338.0
565,Jaipur,Mumbai,54123.0,55516.0,260.5010419,305.9927442,5.869,25.482324,2026-03,2026-03.xlsx,109639.0
566,Jaipur,Mumbai,4810.0,4170.0,12.934,6.447,0.032,0.0,2026-03,2026-03.xlsx,8980.0
567,Jaipur,Nagpur,737.0,707.0,0.004,0.014,0.0,0.0,2026-03,2026-03.xlsx,1444.0
568,Jaipur,Nashik,207.0,279.0,0.0,0.0,0.0,0.0,2026-03,2026-03.xlsx,486.0
569,Jaipur,Pune,10590.0,10031.0,93.37,13.53,0.0,1.54326,2026-03,2026-03.xlsx,20621.0
570,Jaipur,Surat,4407.0,4227.0,3.721,0.555,0.0,0.606,2026-03,2026-03.xlsx,8634.0
571,Jaipur,Udaipur,3391.0,3618.0,0.0,0.001,0.0,0.0,2026-03,2026-03.xlsx,7009.0
572,Jaisalmer,Mumbai,3295.0,3234.0,0.0,0.0,0.0,0.0,2026-03,2026-03.xlsx,6529.0
573,Jalgaon,Mumbai,577.0,501.0,0.0,0.0,0.0,0.0,2026-03,2026-03.xlsx,1078.0
574,Jalgaon,Pune,1808.0,1743.0,0.0,0.0,0.0,0.0,2026-03,2026-03.xlsx,3551.0
575,Jammu,Leh,4075.0,2564.0,3.5855,0.0,0.0,0.106,2026-03,2026-03.xlsx,6639.0
576,Jammu,Mumbai,3386.0,3659.0,0.0,7.938,0.0,1.537,2026-03,2026-03.xlsx,7045.0
577,Jammu,Mumbai,93.0,105.0,0.0,0.0,0.0,0.0,2026-03,2026-03.xlsx,198.0
578,Jammu,Srinagar,15570.0,9924.0,6.09504,3.82706,0.0,3.265,2026-03,2026-03.xlsx,25494.0
579,Jamnagar,Mumbai,4323.0,4692.0,0.0,3.818,0.0,0.0,2026-03,2026-03.xlsx,9015.0
580,Jamnagar,Surat,985.0,1056.0,0.0,0.0,0.0,0.0,2026-03,2026-03.xlsx,2041.0
581,Jamshedpur,Kolkata,14.0,17.0,0.0,0.0,0.0,0.0,2026-03,2026-03.xlsx,31.0
582,Jeypore,Vishakhapatnam (Visakhapatnam),94.0,102.0,0.0,0.0,0.0,0.0,2026-03,2026-03.xlsx,196.0
583,Jharsuguda,Kolkata,2100.0,2054.0,0.0,0.003,0.0,0.0,2026-03,2026-03.xlsx,4154.0
584,Jharsuguda,Mumbai,4032.0,4421.0,0.0,0.008,0.0,0.0,2026-03,2026-03.xlsx,8453.0
585,Jharsuguda,Mumbai,213.0,332.0,0.0,0.0,0.0,0.0,2026-03,2026-03.xlsx,545.0
586,Jodhpur,Mumbai,15527.0,16693.0,0.002,9.257,1.23,8.000439,2026-03,2026-03.xlsx,32220.0
587,Jodhpur,Pune,3577.0,3477.0,3.705,0.492,0.322,0.0,2026-03,2026-03.xlsx,7054.0
588,Jorhat,Kolkata,5728.0,6608.0,1.19,4.287,0.0,0.0,2026-03,2026-03.xlsx,12336.0
589,Kandla,Mumbai,982.0,1166.0,0.0,0.0,0.0,0.0,2026-03,2026-03.xlsx,2148.0
590,Kannur,Kochi,888.0,710.0,0.01,0.008,0.0,0.0,2026-03,2026-03.xlsx,1598.0
591,Kannur,Mumbai,2693.0,3199.0,0.712,2.057,0.0,1.128,2026-03,2026-03.xlsx,5892.0
592,Kannur,Mumbai,28.0,76.0,0.0,0.0,0.0,0.0,2026-03,2026-03.xlsx,104.0
593,Kannur,Thiruvananthapuram,2418.0,994.0,0.0,0.0,0.0,0.0,2026-03,2026-03.xlsx,3412.0
594,Kanpur,Mumbai,5683.0,5438.0,1.005,8.882,0.0,5.401,2026-03,2026-03.xlsx,11121.0
595,Khajuraho,Mumbai,0.0,18.0,0.0,0.0,0.0,0.0,2026-03,2026-03.xlsx,18.0
596,Khajuraho,Varanasi,2179.0,1525.0,0.0,0.0,0.0,0.0,2026-03,2026-03.xlsx,3704.0
597,Kishangarh,Nagpur,1194.0,1383.0,0.0,0.0,0.0,0.0,2026-03,2026-03.xlsx,2577.0
598,Kishangarh,Pune,1381.0,1764.0,0.0,0.0,0.0,0.0,2026-03,2026-03.xlsx,3145.0
599,Kochi,Kozhikode,866.0,905.0,0.0,0.0,0.0,0.0,2026-03,2026-03.xlsx,1771.0
600,Kochi,Lucknow,303.0,0.0,0.806,0.0,0.0,0.0,2026-03,2026-03.xlsx,303.0
601,Kochi,Mumbai,48389.0,48270.0,115.9635,345.88164,21.927411,27.212678,2026-03,2026-03.xlsx,96659.0
602,Kochi,Mumbai,8470.0,7893.0,0.86,4.796,0.0,1.463,2026-03,2026-03.xlsx,16363.0
603,Kochi,Patna,322.0,333.0,1.736,0.234,0.0,0.0,2026-03,2026-03.xlsx,655.0
604,Kochi,Pune,9791.0,9054.0,20.288,7.088,0.0,0.0,2026-03,2026-03.xlsx,18845.0
605,Kochi,Raipur,344.0,497.0,0.251,0.006,0.0,0.235,2026-03,2026-03.xlsx,841.0
606,Kochi,Salem,359.0,385.0,0.0,0.0,0.0,0.0,2026-03,2026-03.xlsx,744.0
607,Kochi,Thiruvananthapuram,1664.0,1703.0,0.012,0.0,0.0,0.0,2026-03,2026-03.xlsx,3367.0
608,Kochi,Vadodara,14.0,22.0,0.0,0.0,0.0,0.0,2026-03,2026-03.xlsx,36.0
609,Kochi,Varanasi,705.0,821.0,0.0,0.064,0.0,0.0,2026-03,2026-03.xlsx,1526.0
610,Kolhapur,Mumbai,1985.0,2029.0,0.0,0.0,0.0,0.0,2026-03,2026-03.xlsx,4014.0
611,Kolhapur,Mumbai,268.0,245.0,0.076,0.116,0.0,0.0,2026-03,2026-03.xlsx,513.0
612,Kolhapur,Tirupati,228.0,451.0,0.0,0.0,0.0,0.0,2026-03,2026-03.xlsx,679.0
613,Kolkata,Lilabari,673.0,625.0,0.0,0.0,0.0,0.0,2026-03,2026-03.xlsx,1298.0
614,Kolkata,Lucknow,10304.0,11083.0,57.707,37.007,2.893,1.622,2026-03,2026-03.xlsx,21387.0
615,Kolkata,Mumbai,84207.0,95735.0,688.073691,1060.5180254,8.86879,39.002775,2026-03,2026-03.xlsx,179942.0
616,Kolkata,Mumbai,649.0,722.0,0.05,2.05,0.0,0.0,2026-03,2026-03.xlsx,1371.0
617,Kolkata,Nagpur,5422.0,5369.0,10.686,15.561,0.043,4.274,2026-03,2026-03.xlsx,10791.0
618,Kolkata,Patna,15484.0,15725.0,30.906,6.08,28.984,6.549,2026-03,2026-03.xlsx,31209.0
619,Kolkata,Port Blair,21091.0,22864.0,85.513,124.775,25.63144,0.0,2026-03,2026-03.xlsx,43955.0
620,Kolkata,Pune,20407.0,23606.0,95.7515,174.252,3.29464,2.483,2026-03,2026-03.xlsx,44013.0
621,Kolkata,Purnea,3101.0,2690.0,0.01,0.0,0.0,0.0,2026-03,2026-03.xlsx,5791.0
622,Kolkata,Raipur,11114.0,12785.0,21.05,1.373,2.056,1.3,2026-03,2026-03.xlsx,23899.0
623,Kolkata,Ranchi,6574.0,6816.0,3.176,0.738,5.983,0.806,2026-03,2026-03.xlsx,13390.0
624,Kolkata,Rupsi,270.0,189.0,0.0,0.0,0.0,0.0,2026-03,2026-03.xlsx,459.0
625,Kolkata,Shillong,3595.0,2513.0,0.151,0.0,0.0,0.0,2026-03,2026-03.xlsx,6108.0
626,Kolkata,Silchar,10817.0,9003.0,41.342,0.121,0.482,0.0,2026-03,2026-03.xlsx,19820.0
627,Kolkata,Srinagar,2223.0,1218.0,1.373,3.485,0.0,0.039,2026-03,2026-03.xlsx,3441.0
628,Kolkata,Surat,6100.0,5899.0,23.99,73.673,0.0,0.576,2026-03,2026-03.xlsx,11999.0
629,Kolkata,Udaipur,0.0,93.0,0.0,0.0,0.0,0.0,2026-03,2026-03.xlsx,93.0
630,Kolkata,Varanasi,10315.0,11089.0,5.289,12.744,2.973,0.0,2026-03,2026-03.xlsx,21404.0
631,Kolkata,Vishakhapatnam (Visakhapatnam),4900.0,5351.0,1.351,46.141,0.0,0.0,2026-03,2026-03.xlsx,10251.0
632,Kozhikode,Mumbai,4666.0,5137.0,0.025,6.679,0.0,3.766,2026-03,2026-03.xlsx,9803.0
633,Kurnool,Vijaywada,221.0,261.0,0.0,0.0,0.0,0.0,2026-03,2026-03.xlsx,482.0
634,Kurnool,Vishakhapatnam (Visakhapatnam),282.0,268.0,0.0,0.016,0.0,0.0,2026-03,2026-03.xlsx,550.0
635,Leh,Mumbai,122.0,368.0,0.0,0.004,0.0,0.0,2026-03,2026-03.xlsx,490.0
636,Leh,Srinagar,567.0,630.0,0.0,1.124,0.0,0.0,2026-03,2026-03.xlsx,1197.0
637,Lucknow,Mumbai,28910.0,31095.0,45.049,192.9366615,4.125,32.79162,2026-03,2026-03.xlsx,60005.0
638,Lucknow,Mumbai,5573.0,6393.0,0.045,9.203,0.0,0.0,2026-03,2026-03.xlsx,11966.0
639,Lucknow,Patna,2787.0,2854.0,2.086,0.16,1.793,1.227,2026-03,2026-03.xlsx,5641.0
640,Lucknow,Pune,9744.0,10766.0,58.685,94.127,1.173,0.801,2026-03,2026-03.xlsx,20510.0
641,Lucknow,Raipur,2476.0,2945.0,6.095,0.1,0.867,0.657,2026-03,2026-03.xlsx,5421.0
642,Lucknow,Ranchi,1191.0,1336.0,1.501,5.491,0.496,0.002,2026-03,2026-03.xlsx,2527.0
643,Madurai,Mumbai,4743.0,5778.0,27.695,9.779,0.0,5.934,2026-03,2026-03.xlsx,10521.0
644,Madurai,Mumbai,390.0,418.0,3.323,0.0,0.0,0.0,2026-03,2026-03.xlsx,808.0
645,Malvan,Pune,1414.0,1566.0,0.0,0.0,0.0,0.0,2026-03,2026-03.xlsx,2980.0
646,Mangalore (Mangaluru),Mumbai,17274.0,17806.0,5.725,15.07,80.883,4.38849,2026-03,2026-03.xlsx,35080.0
647,Mangalore (Mangaluru),Mumbai,4328.0,4234.0,0.0,0.0,1.463,0.0,2026-03,2026-03.xlsx,8562.0
648,Mangalore (Mangaluru),Thiruvananthapuram,662.0,780.0,0.002,0.0,0.0,0.0,2026-03,2026-03.xlsx,1442.0
649,Mumbai,Nagpur,29829.0,28713.0,137.1259,98.322,48.828709,17.007886,2026-03,2026-03.xlsx,58542.0
650,Mumbai,Nanded,444.0,481.0,0.0,0.0,0.0,0.0,2026-03,2026-03.xlsx,925.0
651,Mumbai,Patna,17626.0,15811.0,160.3188917,23.3515,13.69797,3.9183,2026-03,2026-03.xlsx,33437.0
652,Mumbai,Porbandar,471.0,452.0,0.0,0.0,0.0,0.0,2026-03,2026-03.xlsx,923.0
653,Mumbai,Port Blair,4505.0,4872.0,13.54,8.967,1.996,0.0,2026-03,2026-03.xlsx,9377.0
654,Mumbai,Raipur,15055.0,14356.0,92.488,32.927,17.369,2.958,2026-03,2026-03.xlsx,29411.0
655,Mumbai,Rajahmundry,2075.0,1703.0,0.606,15.791,0.0,0.0,2026-03,2026-03.xlsx,3778.0
656,Mumbai,Ranchi,10181.0,9564.0,67.991,27.922,8.006847,1.637,2026-03,2026-03.xlsx,19745.0
657,Mumbai,Solapur,775.0,801.0,0.0,0.0,0.0,0.0,2026-03,2026-03.xlsx,1576.0
658,Mumbai,Srinagar,10381.0,8634.0,58.216424,13.946,2.9851,0.0,2026-03,2026-03.xlsx,19015.0
659,Mumbai,Thiruvananthapuram,14132.0,13771.0,35.4035,9.884,7.334661,4.785069,2026-03,2026-03.xlsx,27903.0
660,Mumbai,Tiruchirappalli,2256.0,1906.0,0.128,0.0,0.143,0.0,2026-03,2026-03.xlsx,4162.0
661,Mumbai,Tirupati,4587.0,4453.0,1.265,0.059,2.559,0.05,2026-03,2026-03.xlsx,9040.0
662,Mumbai,Udaipur,27958.0,27924.0,22.3175,3.29,0.0,0.0,2026-03,2026-03.xlsx,55882.0
663,Mumbai,Vadodara,12411.0,14952.0,39.433056,0.0,4.864666,0.0,2026-03,2026-03.xlsx,27363.0
664,Mumbai,Varanasi,33421.0,31439.0,80.3786242,27.68972,7.75603,0.843,2026-03,2026-03.xlsx,64860.0
665,Mumbai,Vijaywada,6371.0,6126.0,43.2781338,7.0785,7.931168,0.1345,2026-03,2026-03.xlsx,12497.0
666,Mumbai,Vishakhapatnam (Visakhapatnam),5727.0,5650.0,19.997,32.722,6.067,1.539,2026-03,2026-03.xlsx,11377.0
667,Mumbai,Nagpur,3056.0,4042.0,12.605,0.098,0.73,0.0,2026-03,2026-03.xlsx,7098.0
668,Mumbai,Patna,277.0,370.0,0.853,0.06,0.0,0.0,2026-03,2026-03.xlsx,647.0
669,Mumbai,Raipur,200.0,253.0,1.323,0.0,0.0,0.0,2026-03,2026-03.xlsx,453.0
670,Mumbai,Srinagar,658.0,610.0,0.0,0.0,0.0,0.0,2026-03,2026-03.xlsx,1268.0
671,Mumbai,Thiruvananthapuram,249.0,475.0,0.0,0.0,0.0,0.0,2026-03,2026-03.xlsx,724.0
672,Mumbai,Tirupati,310.0,349.0,0.0,0.0,0.0,0.0,2026-03,2026-03.xlsx,659.0
673,Mumbai,Vadodara,1895.0,2394.0,1.665,0.0,0.0,0.0,2026-03,2026-03.xlsx,4289.0
674,Mumbai,Varanasi,6116.0,6056.0,0.0,0.0,0.0,0.0,2026-03,2026-03.xlsx,12172.0
675,Mumbai,Vishakhapatnam (Visakhapatnam),335.0,371.0,0.0,0.266,0.0,0.0,2026-03,2026-03.xlsx,706.0
676,Nagpur,Nanded,32.0,29.0,0.0,0.0,0.0,0.0,2026-03,2026-03.xlsx,61.0
677,Nagpur,Pune,14163.0,15279.0,15.726,33.661,13.206,3.903,2026-03,2026-03.xlsx,29442.0
678,Nanded,Pune,1356.0,1255.0,0.0,0.0,0.0,0.0,2026-03,2026-03.xlsx,2611.0
679,Pasighat,Shillong,14.0,7.0,0.0,0.0,0.0,0.0,2026-03,2026-03.xlsx,21.0
680,Patna,Pune,4677.0,5163.0,3.523,22.771,1.163,1.048,2026-03,2026-03.xlsx,9840.0
681,Patna,Ranchi,2759.0,2758.0,0.304,3.013,1.495,0.0,2026-03,2026-03.xlsx,5517.0
682,Pondicherry (Puducherry),Rajahmundry,33.0,1.0,0.0,0.0,0.0,0.0,2026-03,2026-03.xlsx,34.0
683,Port Blair,Vishakhapatnam (Visakhapatnam),2415.0,2495.0,0.207,0.9,0.0,0.0,2026-03,2026-03.xlsx,4910.0
684,Pune,Raipur,4854.0,5176.0,18.452,6.825,1.005,0.882,2026-03,2026-03.xlsx,10030.0
685,Pune,Ranchi,5904.0,5750.0,54.798,34.6,0.33,0.264,2026-03,2026-03.xlsx,11654.0
686,Pune,Surat,2031.0,2140.0,15.829,14.874,0.217,0.0,2026-03,2026-03.xlsx,4171.0
687,Pune,Thiruvananthapuram,1760.0,2183.0,3.697,0.131,0.125,0.0,2026-03,2026-03.xlsx,3943.0
688,Pune,Vadodara,2280.0,2062.0,0.449,0.0,0.01,0.0,2026-03,2026-03.xlsx,4342.0
689,Pune,Varanasi,4448.0,4449.0,0.249,2.097,0.016,0.0,2026-03,2026-03.xlsx,8897.0
690,Raipur,Rewa,232.0,242.0,0.0,0.0,0.0,0.0,2026-03,2026-03.xlsx,474.0
691,Raipur,Vishakhapatnam (Visakhapatnam),1368.0,1301.0,0.002,0.001,0.0,0.0,2026-03,2026-03.xlsx,2669.0
692,Rajahmundry,Tirupati,310.0,214.0,0.0,0.0,0.0,0.0,2026-03,2026-03.xlsx,524.0
693,Shivamogga,Tirupati,1572.0,903.0,0.0,0.0,0.0,0.0,2026-03,2026-03.xlsx,2475.0
694,Thiruvananthapuram,Tiruchirappalli,596.0,535.0,0.0,0.0,0.0,0.0,2026-03,2026-03.xlsx,1131.0
695,Tirupati,Vijaywada,1153.0,1550.0,0.142,0.026,4.581,0.0,2026-03,2026-03.xlsx,2703.0
696,Tirupati,Vishakhapatnam (Visakhapatnam),1977.0,2056.0,0.001,0.0,0.0,0.16,2026-03,2026-03.xlsx,4033.0
697,Varanasi,Vishakhapatnam (Visakhapatnam),521.0,474.0,0.122,0.026,0.0,0.0,2026-03,2026-03.xlsx,995.0
698,Vijaywada,Vishakhapatnam (Visakhapatnam),5228.0,4549.0,0.127,0.656,0.0,0.549,2026-03,2026-03.xlsx,9777.0
1,Adampur,Ghaziabad,1318.0,1511.0,0.0,0.0,0.0,0.0,2026-04,2026-04.xlsx,2829.0
2,Adampur,Mumbai,4436.0,4475.0,0.0,0.691,0.0,0.0,2026-04,2026-04.xlsx,8911.0
3,Adampur,Nanded,212.0,0.0,0.0,0.0,0.0,0.0,2026-04,2026-04.xlsx,212.0
4,Agartala,Bagdogra,2653.0,2452.0,0.0,0.0,0.0,0.0,2026-04,2026-04.xlsx,5105.0
5,Agartala,Bengaluru,3244.0,3768.0,30.394,11.418,0.0,2.464,2026-04,2026-04.xlsx,7012.0
6,Agartala,Delhi,4808.0,7748.0,3.144,42.389,1.21,7.577,2026-04,2026-04.xlsx,12556.0
7,Agartala,Dibrugarh,786.0,304.0,0.832,0.168,0.0,0.0,2026-04,2026-04.xlsx,1090.0
8,Agartala,Guwahati,11473.0,12073.0,6.019,80.386,2.226,7.61261,2026-04,2026-04.xlsx,23546.0
9,Agartala,Hyderabad,2564.0,3791.0,0.127,3.655,0.0,0.001,2026-04,2026-04.xlsx,6355.0
10,Agartala,Imphal,1122.0,1118.0,0.046,1.475,0.0,0.009,2026-04,2026-04.xlsx,2240.0
11,Agartala,Jaipur,106.0,103.0,0.0,0.035,0.0,0.0,2026-04,2026-04.xlsx,209.0
12,Agartala,Kolkata,34338.0,35846.0,36.33151,551.54035,4.872,0.52,2026-04,2026-04.xlsx,70184.0
13,Agartala,Silchar,481.0,344.0,0.0,0.0,0.0,0.0,2026-04,2026-04.xlsx,825.0
14,Agatti Island,Bengaluru,756.0,781.0,0.0,0.105,0.0,0.0,2026-04,2026-04.xlsx,1537.0
15,Agatti Island,"Goa (Mopa, North Goa)",1466.0,1769.0,0.0,0.0,0.0,0.0,2026-04,2026-04.xlsx,3235.0
16,Agatti Island,Kochi,4427.0,5540.0,0.0,0.1,0.0,0.0,2026-04,2026-04.xlsx,9967.0
17,Agra,Bengaluru,4887.0,5203.0,7.465,5.989,0.0,0.0,2026-04,2026-04.xlsx,10090.0
18,Agra,Hyderabad,2297.0,2723.0,2.662,1.102,0.0,0.0,2026-04,2026-04.xlsx,5020.0
19,Agra,Mumbai,1627.0,2072.0,2.399,0.209,0.0,0.0,2026-04,2026-04.xlsx,3699.0
20,Ahmedabad,Amritsar,2045.0,1863.0,1.377,1.796,0.0,0.0,2026-04,2026-04.xlsx,3908.0
21,Ahmedabad,Ayodhya,5176.0,3388.0,0.0,0.0,0.0,0.0,2026-04,2026-04.xlsx,8564.0
22,Ahmedabad,Bagdogra,6775.0,5762.0,3.084,15.61115,0.0,0.215,2026-04,2026-04.xlsx,12537.0
23,Ahmedabad,Belgaum,867.0,1270.0,0.0,0.0,0.0,0.0,2026-04,2026-04.xlsx,2137.0
24,Ahmedabad,Bengaluru,56688.0,65023.0,482.96959,445.87196,4.679,7.21328,2026-04,2026-04.xlsx,121711.0
25,Ahmedabad,Bhopal,2086.0,2101.0,0.215,0.0,2.125,0.741,2026-04,2026-04.xlsx,4187.0
26,Ahmedabad,Bhubaneswar,4925.0,4577.0,23.493,3.338,3.027,0.872,2026-04,2026-04.xlsx,9502.0
27,Ahmedabad,Chandigarh,9534.0,9406.0,33.649,27.95,1.989,1.457,2026-04,2026-04.xlsx,18940.0
28,Ahmedabad,Chennai,18460.0,22028.0,224.27647,251.33792,1.44,5.799,2026-04,2026-04.xlsx,40488.0
29,Ahmedabad,Coimbatore,1614.0,657.0,9.895,7.456,0.0,0.038,2026-04,2026-04.xlsx,2271.0
30,Ahmedabad,Dehradun,4739.0,4706.0,7.98,0.658,1.845,0.468,2026-04,2026-04.xlsx,9445.0
31,Ahmedabad,Delhi,103303.0,95011.0,1539.3046,1467.03029,13.5673,42.376351,2026-04,2026-04.xlsx,198314.0
32,Ahmedabad,Dibrugarh,141.0,260.0,1.271,5.54,0.0,0.031,2026-04,2026-04.xlsx,401.0
33,Ahmedabad,Diu,1727.0,1837.0,0.115,0.0,0.0,0.0,2026-04,2026-04.xlsx,3564.0
34,Ahmedabad,"Goa (Dabolim, South Goa)",7144.0,7513.0,4.994,8.214,0.0,0.245,2026-04,2026-04.xlsx,14657.0
35,Ahmedabad,"Goa (Mopa, North Goa)",5066.0,5104.0,12.643,6.769,0.0,0.265,2026-04,2026-04.xlsx,10170.0
36,Ahmedabad,Guwahati,5108.0,4719.0,20.598,11.276,0.689,0.022,2026-04,2026-04.xlsx,9827.0
37,Ahmedabad,Hyderabad,24673.0,26242.0,153.44711,148.75104,4.287,2.909,2026-04,2026-04.xlsx,50915.0
38,Ahmedabad,Indore,5140.0,5051.0,0.375,0.019,1.155,1.347,2026-04,2026-04.xlsx,10191.0
39,Ahmedabad,Jaipur,7560.0,6595.0,0.584,10.481,1.224,0.0,2026-04,2026-04.xlsx,14155.0
40,Ahmedabad,Jalgaon,584.0,575.0,0.0,0.0,0.0,0.0,2026-04,2026-04.xlsx,1159.0
41,Ahmedabad,Jammu,2813.0,1698.0,3.007,0.0,0.0,0.0,2026-04,2026-04.xlsx,4511.0
42,Ahmedabad,Jamnagar,555.0,654.0,0.0,0.0,0.0,0.0,2026-04,2026-04.xlsx,1209.0
43,Ahmedabad,Jodhpur,139.0,133.0,0.0,0.0,0.0,0.0,2026-04,2026-04.xlsx,272.0
44,Ahmedabad,Keshod,72.0,80.0,0.0,0.0,0.0,0.0,2026-04,2026-04.xlsx,152.0
45,Ahmedabad,Kishangarh,1753.0,1734.0,0.244,0.0,0.0,0.0,2026-04,2026-04.xlsx,3487.0
46,Ahmedabad,Kochi,4918.0,4472.0,36.988,10.562,0.992,2.7,2026-04,2026-04.xlsx,9390.0
47,Ahmedabad,Kolhapur,456.0,498.0,0.0,0.0,0.0,0.0,2026-04,2026-04.xlsx,954.0
48,Ahmedabad,Kolkata,25910.0,20447.0,223.17124,131.62126,3.074,4.58912,2026-04,2026-04.xlsx,46357.0
49,Ahmedabad,Lucknow,8974.0,7896.0,43.055,12.595,2.973,1.639,2026-04,2026-04.xlsx,16870.0
50,Ahmedabad,Mumbai,71846.0,75417.0,825.39475,811.3604796,17.4845,38.98763,2026-04,2026-04.xlsx,147263.0
51,Ahmedabad,Mumbai,7542.0,7372.0,3.919,4.684,0.04,0.0,2026-04,2026-04.xlsx,14914.0
52,Ahmedabad,Nagpur,3835.0,3968.0,0.007,0.054,1.806,3.598,2026-04,2026-04.xlsx,7803.0
53,Ahmedabad,Nanded,1721.0,1600.0,0.0,0.0,0.0,0.0,2026-04,2026-04.xlsx,3321.0
54,Ahmedabad,Nashik,2051.0,1920.0,0.003,0.0,0.0,0.0,2026-04,2026-04.xlsx,3971.0
55,Ahmedabad,Patna,5164.0,3981.0,39.555,6.157,4.357,2.118,2026-04,2026-04.xlsx,9145.0
56,Ahmedabad,Pune,23129.0,24289.0,108.181,140.81299,4.815,1.944,2026-04,2026-04.xlsx,47418.0
57,Ahmedabad,Purnea,2574.0,2470.0,0.0,0.0,0.0,0.0,2026-04,2026-04.xlsx,5044.0
58,Ahmedabad,Raipur,5018.0,4826.0,49.113,0.117,1.467,0.474,2026-04,2026-04.xlsx,9844.0
59,Ahmedabad,Ranchi,4974.0,3635.0,19.392,1.502,1.487,0.815,2026-04,2026-04.xlsx,8609.0
60,Ahmedabad,Srinagar,4684.0,3891.0,0.847,0.986,0.951,0.0,2026-04,2026-04.xlsx,8575.0
61,Ahmedabad,Surat,4.0,0.0,0.0,0.0,0.0,0.0,2026-04,2026-04.xlsx,4.0
62,Ahmedabad,Vadodara,0.0,137.0,0.0,0.0,0.0,0.0,2026-04,2026-04.xlsx,137.0
63,Ahmedabad,Varanasi,9097.0,6625.0,11.34159,6.17006,1.908,0.0,2026-04,2026-04.xlsx,15722.0
64,Ahmedabad,Vishakhapatnam (Visakhapatnam),207.0,293.0,1.428,15.293,0.0,0.0,2026-04,2026-04.xlsx,500.0
65,Aizawl,Delhi,5462.0,5854.0,16.673,19.945,0.011,3.367,2026-04,2026-04.xlsx,11316.0
66,Aizawl,Guwahati,4395.0,4387.0,0.526,7.663,4.577,11.413,2026-04,2026-04.xlsx,8782.0
67,Aizawl,Kolkata,5057.0,4964.0,8.906,10.762,11.653,3.923,2026-04,2026-04.xlsx,10021.0
68,Aizawl,Lucknow,74.0,45.0,0.0,0.0,0.0,0.0,2026-04,2026-04.xlsx,119.0
69,Aizawl,Shillong,139.0,133.0,0.0,0.0,0.0,0.0,2026-04,2026-04.xlsx,272.0
70,Allahabad (Prayagraj),Bengaluru,2114.0,2781.0,0.004,0.312,0.647,0.552,2026-04,2026-04.xlsx,4895.0
71,Allahabad (Prayagraj),Bhubaneswar,838.0,938.0,0.0,0.0,0.0,0.233,2026-04,2026-04.xlsx,1776.0
72,Allahabad (Prayagraj),Bilaspur,165.0,166.0,0.0,0.0,0.0,0.0,2026-04,2026-04.xlsx,331.0
73,Allahabad (Prayagraj),Delhi,3824.0,4502.0,0.008,1.815,0.0,17.641,2026-04,2026-04.xlsx,8326.0
74,Allahabad (Prayagraj),Hyderabad,2003.0,2707.0,0.002,0.211,1.057,0.581,2026-04,2026-04.xlsx,4710.0
75,Allahabad (Prayagraj),Mumbai,8792.0,11105.0,0.008,2.202,1.36,5.866,2026-04,2026-04.xlsx,19897.0
76,Ambikapur,Bilaspur,309.0,295.0,0.0,0.0,0.0,0.0,2026-04,2026-04.xlsx,604.0
77,Ambikapur,Delhi,158.0,268.0,0.0,0.0,0.0,0.0,2026-04,2026-04.xlsx,426.0
78,Ambikapur,Kolkata,186.0,96.0,0.0,0.0,0.0,0.0,2026-04,2026-04.xlsx,282.0
79,Amravati,Mumbai,621.0,588.0,0.0,0.0,0.0,0.0,2026-04,2026-04.xlsx,1209.0
80,Amritsar,Bengaluru,5667.0,6243.0,30.616,3.224,0.0,2.696,2026-04,2026-04.xlsx,11910.0
81,Amritsar,Delhi,48471.0,41089.0,30.9925,57.85313,0.0,0.05,2026-04,2026-04.xlsx,89560.0
82,Amritsar,Guwahati,42.0,145.0,0.0,0.0,0.0,0.006,2026-04,2026-04.xlsx,187.0
83,Amritsar,Kochi,462.0,576.0,0.126,0.758,0.0,0.0,2026-04,2026-04.xlsx,1038.0
84,Amritsar,Kolkata,2140.0,1650.0,0.713,8.549,0.0,0.0,2026-04,2026-04.xlsx,3790.0
85,Amritsar,Mumbai,12018.0,13516.0,1.393,23.37,0.0,2.18495,2026-04,2026-04.xlsx,25534.0
86,Amritsar,Pune,4354.0,4347.0,0.125,0.806,0.0,0.001,2026-04,2026-04.xlsx,8701.0
87,Amritsar,Srinagar,4136.0,4217.0,0.0,0.587,0.0,0.0,2026-04,2026-04.xlsx,8353.0
88,Aurangabad,Bengaluru,2069.0,2259.0,0.0,1.648,0.0,0.361,2026-04,2026-04.xlsx,4328.0
89,Aurangabad,Delhi,13868.0,12263.0,0.0,131.3595,0.097,2.4975,2026-04,2026-04.xlsx,26131.0
90,Aurangabad,"Goa (Dabolim, South Goa)",690.0,833.0,0.0,0.001,0.0,0.0,2026-04,2026-04.xlsx,1523.0
91,Aurangabad,Hyderabad,2548.0,2195.0,0.0,0.207,0.0,1.224,2026-04,2026-04.xlsx,4743.0
92,Aurangabad,Mumbai,3573.0,3286.0,0.0,2.532,0.366,21.63,2026-04,2026-04.xlsx,6859.0
93,Aurangabad,Mumbai,2198.0,2596.0,0.0,0.69,0.0,0.0,2026-04,2026-04.xlsx,4794.0
94,Ayodhya,Bengaluru,4954.0,6280.0,0.0,0.004,0.0,0.0,2026-04,2026-04.xlsx,11234.0
95,Ayodhya,Delhi,14188.0,16328.0,17.3455,0.731,0.0,0.0,2026-04,2026-04.xlsx,30516.0
96,Ayodhya,Hisar,191.0,304.0,0.0,0.0,0.0,0.0,2026-04,2026-04.xlsx,495.0
97,Ayodhya,Hyderabad,2326.0,3079.0,0.0,0.007,0.0,0.0,2026-04,2026-04.xlsx,5405.0
98,Ayodhya,Mumbai,4173.0,5950.0,0.0,0.0,0.0,0.0,2026-04,2026-04.xlsx,10123.0
99,Bagdogra,Bengaluru,22623.0,22491.0,82.79729,105.921494,0.18783,3.9088,2026-04,2026-04.xlsx,45114.0
100,Bagdogra,Chennai,5399.0,7945.0,16.33232,13.60057,1.151,0.966,2026-04,2026-04.xlsx,13344.0
101,Bagdogra,Delhi,52210.0,64259.0,131.14564,230.701413,4.331,3.637,2026-04,2026-04.xlsx,116469.0
102,Bagdogra,Dibrugarh,5000.0,4916.0,0.121,0.0,0.0,0.0,2026-04,2026-04.xlsx,9916.0
103,Bagdogra,Guwahati,0.0,2074.0,0.0,3.77078,0.0,0.44563,2026-04,2026-04.xlsx,2074.0
104,Bagdogra,Hyderabad,11339.0,15769.0,22.781,13.489,0.827,3.927,2026-04,2026-04.xlsx,27108.0
105,Bagdogra,Imphal,1992.0,3411.0,0.0,0.0,0.0,0.0,2026-04,2026-04.xlsx,5403.0
106,Bagdogra,Kolkata,29051.0,30339.0,67.95345,94.03399,7.107,3.194,2026-04,2026-04.xlsx,59390.0
107,Bagdogra,Mumbai,24252.0,29430.0,43.77978,84.43106,1.473,4.1267,2026-04,2026-04.xlsx,53682.0
108,Bagdogra,Mumbai,3234.0,5171.0,0.686,1.125,0.0,0.0,2026-04,2026-04.xlsx,8405.0
109,Bagdogra,Ranchi,6.0,0.0,0.0,0.0,0.0,0.0,2026-04,2026-04.xlsx,6.0
110,Bareilly,Bengaluru,2158.0,2295.0,0.0,0.254,0.0,0.0,2026-04,2026-04.xlsx,4453.0
111,Bareilly,Mumbai,2253.0,2706.0,0.0,0.005,0.0,0.0,2026-04,2026-04.xlsx,4959.0
112,Bathinda,Delhi,286.0,268.0,0.0,0.0,0.0,0.0,2026-04,2026-04.xlsx,554.0
113,Belgaum,Bengaluru,3748.0,3751.0,0.033,0.256,0.0,0.0,2026-04,2026-04.xlsx,7499.0
114,Belgaum,Delhi,5108.0,3905.0,0.319,2.578,0.0,0.0,2026-04,2026-04.xlsx,9013.0
115,Belgaum,Hyderabad,1566.0,1867.0,0.012,0.01,0.0,0.0,2026-04,2026-04.xlsx,3433.0
116,Belgaum,Jaipur,671.0,493.0,0.0,0.0,0.0,0.0,2026-04,2026-04.xlsx,1164.0
117,Belgaum,Mumbai,1009.0,1025.0,0.0,0.0,0.0,0.0,2026-04,2026-04.xlsx,2034.0
118,Belgaum,Mumbai,1010.0,827.0,0.0,0.0,0.0,0.0,2026-04,2026-04.xlsx,1837.0
119,Bengaluru,Bhopal,11992.0,10583.0,26.026,9.018,5.982,6.824,2026-04,2026-04.xlsx,22575.0
120,Bengaluru,Bhubaneswar,40618.0,35720.0,167.81953,35.520262,15.13681,0.0,2026-04,2026-04.xlsx,76338.0
121,Bengaluru,Bidar,664.0,572.0,0.0,0.0,0.0,0.0,2026-04,2026-04.xlsx,1236.0
122,Bengaluru,Chandigarh,26559.0,25856.0,223.32037,298.856,5.408,0.079,2026-04,2026-04.xlsx,52415.0
123,Bengaluru,Chennai,63733.0,55764.0,609.35027,577.98953,44.365,19.544,2026-04,2026-04.xlsx,119497.0
124,Bengaluru,Coimbatore,19204.0,19090.0,30.66,19.464,15.889,3.268,2026-04,2026-04.xlsx,38294.0
125,Bengaluru,Darbhanga,5661.0,4618.0,1.869,0.0,0.0,0.0,2026-04,2026-04.xlsx,10279.0
126,Bengaluru,Dehradun,13860.0,10896.0,13.359,8.286,5.353,0.899,2026-04,2026-04.xlsx,24756.0
127,Bengaluru,Delhi,224585.0,199794.0,3246.96606,3522.87829,16.78359,108.576862,2026-04,2026-04.xlsx,424379.0
128,Bengaluru,Deoghar,6192.0,4178.0,0.319,0.0,0.0,0.0,2026-04,2026-04.xlsx,10370.0
129,Bengaluru,Dibrugarh,527.0,479.0,0.305,0.001,0.0,0.0,2026-04,2026-04.xlsx,1006.0
130,Bengaluru,Durgapur,5391.0,4287.0,3.951,15.543,0.0,0.0,2026-04,2026-04.xlsx,9678.0
131,Bengaluru,Ghaziabad,5345.0,4230.0,0.047,0.0,0.0,0.0,2026-04,2026-04.xlsx,9575.0
132,Bengaluru,"Goa (Dabolim, South Goa)",44361.0,44572.0,36.03955,32.187,1.171,3.682,2026-04,2026-04.xlsx,88933.0
133,Bengaluru,"Goa (Mopa, North Goa)",18926.0,18853.0,7.116,60.5159,0.0,1.222,2026-04,2026-04.xlsx,37779.0
134,Bengaluru,Gorakhpur,10308.0,9743.0,90.44563,19.96241,3.80453,1.751,2026-04,2026-04.xlsx,20051.0
135,Bengaluru,Guwahati,32511.0,28571.0,195.87905,84.56332,9.2782,4.04104,2026-04,2026-04.xlsx,61082.0
136,Bengaluru,Gwalior,2009.0,1907.0,0.0,0.0,0.0,0.0,2026-04,2026-04.xlsx,3916.0
137,Bengaluru,Hirasar (Rajkot),4490.0,3680.0,9.12,7.071,2.587,0.0,2026-04,2026-04.xlsx,8170.0
138,Bengaluru,Hubli,3995.0,4005.0,0.647,0.781,0.729,1.145,2026-04,2026-04.xlsx,8000.0
139,Bengaluru,Hyderabad,86017.0,83081.0,334.00854,228.288,16.406,19.566,2026-04,2026-04.xlsx,169098.0
140,Bengaluru,Imphal,572.0,631.0,2.751,7.23,0.145,0.0,2026-04,2026-04.xlsx,1203.0
141,Bengaluru,Indore,20117.0,18790.0,90.578,110.353,2.922,4.714,2026-04,2026-04.xlsx,38907.0
142,Bengaluru,Jabalpur,5112.0,4294.0,0.625,0.086,11.159,0.0,2026-04,2026-04.xlsx,9406.0
143,Bengaluru,Jaipur,33591.0,29140.0,201.09253,306.636,8.354,2.288,2026-04,2026-04.xlsx,62731.0
144,Bengaluru,Jammu,2901.0,2422.0,1.553,0.114,0.079,0.0,2026-04,2026-04.xlsx,5323.0
145,Bengaluru,Jharsuguda,5422.0,4945.0,0.276,0.0,0.0,0.0,2026-04,2026-04.xlsx,10367.0
146,Bengaluru,Jodhpur,183.0,183.0,0.013,0.0,0.048,0.0,2026-04,2026-04.xlsx,366.0
147,Bengaluru,Kannur,6837.0,5943.0,0.6824,1.017,0.014,0.0,2026-04,2026-04.xlsx,12780.0
148,Bengaluru,Kanpur,2960.0,2727.0,3.333,0.4,0.158,0.0,2026-04,2026-04.xlsx,5687.0
149,Bengaluru,Kochi,56379.0,54888.0,149.704327,62.637,36.521,12.001,2026-04,2026-04.xlsx,111267.0
150,Bengaluru,Kolhapur,2053.0,1867.0,0.173,1.191,0.0,0.0,2026-04,2026-04.xlsx,3920.0
151,Bengaluru,Kolkata,98071.0,86575.0,557.4163,531.14302,14.13067,4.80203,2026-04,2026-04.xlsx,184646.0
152,Bengaluru,Kozhikode,21877.0,21265.0,15.67763,0.154,1.771,0.0,2026-04,2026-04.xlsx,43142.0
153,Bengaluru,Kurnool,157.0,198.0,0.237,0.0,0.0,0.0,2026-04,2026-04.xlsx,355.0
154,Bengaluru,Lucknow,45121.0,37764.0,174.367,125.28695,13.98407,3.725,2026-04,2026-04.xlsx,82885.0
155,Bengaluru,Madurai,8101.0,7679.0,3.112,6.827,3.151,1.285,2026-04,2026-04.xlsx,15780.0
156,Bengaluru,Malvan,1196.0,1005.0,0.0,0.0,0.0,0.0,2026-04,2026-04.xlsx,2201.0
157,Bengaluru,Mangalore (Mangaluru),35809.0,35075.0,9.1462,22.037,7.213,117.462,2026-04,2026-04.xlsx,70884.0
158,Bengaluru,Mumbai,157540.0,153215.0,1494.1080241,1522.1732759,13.09596,34.465306,2026-04,2026-04.xlsx,310755.0
159,Bengaluru,Mumbai,24753.0,21649.0,7.716,100.0027,0.466,0.0,2026-04,2026-04.xlsx,46402.0
160,Bengaluru,Nagpur,25545.0,20934.0,77.42354,34.13585,4.069,5.616,2026-04,2026-04.xlsx,46479.0
161,Bengaluru,Nanded,1675.0,1439.0,0.0,0.0,0.0,0.0,2026-04,2026-04.xlsx,3114.0
162,Bengaluru,Nashik,4442.0,4220.0,0.203,1.009,0.62,0.129,2026-04,2026-04.xlsx,8662.0
163,Bengaluru,Patna,34282.0,24195.0,132.725335,28.97721,13.692,1.591,2026-04,2026-04.xlsx,58477.0
164,Bengaluru,Pondicherry (Puducherry),1627.0,1878.0,0.192,0.0,0.0,0.0,2026-04,2026-04.xlsx,3505.0
165,Bengaluru,Port Blair,10955.0,11930.0,86.25448,26.425,0.748,0.0,2026-04,2026-04.xlsx,22885.0
166,Bengaluru,Pune,78382.0,74799.0,522.12473,320.53684,9.89962,4.025,2026-04,2026-04.xlsx,153181.0
167,Bengaluru,Raipur,12825.0,9753.0,43.999,4.571,4.561,1.49,2026-04,2026-04.xlsx,22578.0
168,Bengaluru,Rajahmundry,1983.0,1915.0,0.041,0.0,0.0,0.0,2026-04,2026-04.xlsx,3898.0
169,Bengaluru,Ranchi,20321.0,17781.0,109.28684,108.8131,2.52,1.612,2026-04,2026-04.xlsx,38102.0
170,Bengaluru,Salem,1750.0,1890.0,0.189,0.0,0.0,0.0,2026-04,2026-04.xlsx,3640.0
171,Bengaluru,Shirdi,6134.0,5887.0,0.155,3.069,0.0,0.0,2026-04,2026-04.xlsx,12021.0
172,Bengaluru,Shivamogga,1316.0,1524.0,0.051,0.0,0.0,0.0,2026-04,2026-04.xlsx,2840.0
173,Bengaluru,Silchar,377.0,594.0,0.356,0.002,0.0,0.0,2026-04,2026-04.xlsx,971.0
174,Bengaluru,Srinagar,10080.0,9546.0,7.7135,6.755,1.024,0.39,2026-04,2026-04.xlsx,19626.0
175,Bengaluru,Surat,13548.0,11586.0,84.7968,161.3864,2.221,2.988,2026-04,2026-04.xlsx,25134.0
176,Bengaluru,Thiruvananthapuram,33469.0,31045.0,29.0264,36.483,14.027,4.364,2026-04,2026-04.xlsx,64514.0
177,Bengaluru,Tiruchirappalli,9229.0,8510.0,1.1376,0.011,1.44,0.0,2026-04,2026-04.xlsx,17739.0
178,Bengaluru,Tirupati,2029.0,2073.0,0.077,0.001,1.176,0.0,2026-04,2026-04.xlsx,4102.0
179,Bengaluru,Tuticorin,1993.0,1855.0,0.05,0.0,0.0,0.0,2026-04,2026-04.xlsx,3848.0
180,Bengaluru,Udaipur,6209.0,6081.0,21.242,0.009,0.0,0.0,2026-04,2026-04.xlsx,12290.0
181,Bengaluru,Vadodara,4711.0,3916.0,40.578,0.0,4.622,0.0,2026-04,2026-04.xlsx,8627.0
182,Bengaluru,Varanasi,41073.0,31973.0,52.0215,92.6253,4.59996,0.23,2026-04,2026-04.xlsx,73046.0
183,Bengaluru,Vidyanagar,927.0,999.0,0.0,0.0,0.0,0.0,2026-04,2026-04.xlsx,1926.0
184,Bengaluru,Vijaywada,12029.0,12129.0,15.133676,0.06,2.385,0.327,2026-04,2026-04.xlsx,24158.0
185,Bengaluru,Vishakhapatnam (Visakhapatnam),22078.0,20242.0,101.88685,19.481,6.856,0.945,2026-04,2026-04.xlsx,42320.0
186,Bhavnagar,Mumbai,2352.0,2153.0,0.0,0.0,0.0,0.0,2026-04,2026-04.xlsx,4505.0
187,Bhopal,Delhi,28345.0,24989.0,15.1215,100.4672326,15.91682,30.625311,2026-04,2026-04.xlsx,53334.0
188,Bhopal,Hyderabad,4002.0,3719.0,0.0,0.372,0.806,2.861,2026-04,2026-04.xlsx,7721.0
189,Bhopal,Mumbai,13219.0,14996.0,10.231,45.2755,4.06741,23.378342,2026-04,2026-04.xlsx,28215.0
190,Bhopal,Mumbai,2199.0,4658.0,0.373,1.786,0.0,0.0,2026-04,2026-04.xlsx,6857.0
191,Bhopal,Pune,3511.0,4697.0,0.0,1.616,0.0,1.038,2026-04,2026-04.xlsx,8208.0
192,Bhopal,Raipur,2039.0,2027.0,0.0,0.001,1.17,0.0,2026-04,2026-04.xlsx,4066.0
193,Bhubaneswar,Chandigarh,1431.0,1235.0,0.043,18.007,0.19,0.0,2026-04,2026-04.xlsx,2666.0
194,Bhubaneswar,Chennai,6423.0,9658.0,5.519,29.88,1.469,6.032,2026-04,2026-04.xlsx,16081.0
195,Bhubaneswar,Delhi,47250.0,49427.0,57.6216842,416.6214783,3.656382,56.573277,2026-04,2026-04.xlsx,96677.0
196,Bhubaneswar,Dimapur,116.0,54.0,0.0,2.043,0.0,0.0,2026-04,2026-04.xlsx,170.0
197,Bhubaneswar,Guwahati,4853.0,5089.0,36.04,8.432,0.832,0.908,2026-04,2026-04.xlsx,9942.0
198,Bhubaneswar,Hyderabad,18023.0,22499.0,4.969,47.29,3.824,23.755,2026-04,2026-04.xlsx,40522.0
199,Bhubaneswar,Jaipur,0.0,183.0,0.0,0.0,0.0,0.0,2026-04,2026-04.xlsx,183.0
200,Bhubaneswar,Jamshedpur,69.0,65.0,0.0,0.0,0.0,0.0,2026-04,2026-04.xlsx,134.0
201,Bhubaneswar,Jeypore,391.0,458.0,0.0,0.0,0.0,0.0,2026-04,2026-04.xlsx,849.0
202,Bhubaneswar,Jharsuguda,371.0,434.0,0.0,0.0,0.0,0.0,2026-04,2026-04.xlsx,805.0
203,Bhubaneswar,Kochi,449.0,994.0,0.116,0.868,0.0,0.0,2026-04,2026-04.xlsx,1443.0
204,Bhubaneswar,Kolkata,15423.0,13748.0,52.912,17.934,5.999,14.863,2026-04,2026-04.xlsx,29171.0
205,Bhubaneswar,Lucknow,2270.0,2443.0,1.864,2.375,0.485,0.765,2026-04,2026-04.xlsx,4713.0
206,Bhubaneswar,Mumbai,22037.0,26139.0,51.432,151.414886,3.083,5.899,2026-04,2026-04.xlsx,48176.0
207,Bhubaneswar,Patna,3721.0,3098.0,0.235,0.047,0.827,2.033,2026-04,2026-04.xlsx,6819.0
208,Bhubaneswar,Pune,4359.0,4449.0,1.100696,17.61044,0.0,0.0,2026-04,2026-04.xlsx,8808.0
209,Bhubaneswar,Raipur,2810.0,2800.0,0.187,0.175,0.441,0.556,2026-04,2026-04.xlsx,5610.0
210,Bhubaneswar,Ranchi,913.0,872.0,0.007,0.0,0.345,0.221,2026-04,2026-04.xlsx,1785.0
211,Bhubaneswar,Rourkela,48.0,44.0,0.0,0.0,0.0,0.0,2026-04,2026-04.xlsx,92.0
212,Bhubaneswar,Srinagar,0.0,4.0,0.0,0.0,0.0,0.0,2026-04,2026-04.xlsx,4.0
213,Bhubaneswar,Utkela,144.0,217.0,0.0,0.0,0.0,0.0,2026-04,2026-04.xlsx,361.0
214,Bhubaneswar,Varanasi,1254.0,1262.0,0.008,0.007,0.033,0.0,2026-04,2026-04.xlsx,2516.0
215,Bhubaneswar,Vishakhapatnam (Visakhapatnam),460.0,779.0,0.0,0.0,0.893,0.0,2026-04,2026-04.xlsx,1239.0
216,Bhuj,Delhi,4748.0,4715.0,0.0,0.068,0.0,0.0,2026-04,2026-04.xlsx,9463.0
217,Bhuj,Mumbai,8131.0,8288.0,0.0,0.7215,0.0,0.0,2026-04,2026-04.xlsx,16419.0
218,Bhuj,Surat,165.0,220.0,0.0,0.0,0.0,0.0,2026-04,2026-04.xlsx,385.0
219,Bikaner,Delhi,2038.0,2190.0,0.0,0.444,0.0,0.0,2026-04,2026-04.xlsx,4228.0
220,Bilaspur,Delhi,428.0,333.0,0.0,0.0,0.0,0.0,2026-04,2026-04.xlsx,761.0
221,Bilaspur,Kolkata,216.0,65.0,0.0,0.0,0.0,0.0,2026-04,2026-04.xlsx,281.0
222,Chandigarh,Chennai,5773.0,6058.0,41.798,42.792,0.677,12.341,2026-04,2026-04.xlsx,11831.0
223,Chandigarh,Dehradun,0.0,0.0,0.0,0.0,0.0,0.0,2026-04,2026-04.xlsx,0.0
224,Chandigarh,Delhi,37598.0,37969.0,153.2392207,52.8275283,11.186,15.4339,2026-04,2026-04.xlsx,75567.0
225,Chandigarh,Dharamsala,749.0,980.0,0.0,0.0,0.0,0.0,2026-04,2026-04.xlsx,1729.0
226,Chandigarh,"Goa (Dabolim, South Goa)",4907.0,5091.0,9.096,2.893,0.0,0.186,2026-04,2026-04.xlsx,9998.0
227,Chandigarh,Guwahati,997.0,1000.0,5.673,1.106,0.0,0.594,2026-04,2026-04.xlsx,1997.0
228,Chandigarh,Hisar,24.0,47.0,0.0,0.0,0.0,0.0,2026-04,2026-04.xlsx,71.0
229,Chandigarh,Hyderabad,12105.0,13085.0,91.472,37.944,1.23,3.531,2026-04,2026-04.xlsx,25190.0
230,Chandigarh,Indore,4045.0,4247.0,54.725,2.017,1.002,0.691,2026-04,2026-04.xlsx,8292.0
231,Chandigarh,Jaipur,4748.0,5225.0,0.001,0.037,0.0,0.0,2026-04,2026-04.xlsx,9973.0
232,Chandigarh,Jammu,1443.0,1251.0,0.0,0.0,0.0,0.0,2026-04,2026-04.xlsx,2694.0
233,Chandigarh,Kolkata,4820.0,3967.0,21.783,7.795,0.045,0.276,2026-04,2026-04.xlsx,8787.0
234,Chandigarh,Leh,920.0,833.0,1.979,0.169,6.361,0.0,2026-04,2026-04.xlsx,1753.0
235,Chandigarh,Lucknow,4088.0,4213.0,14.713,0.299,0.0,3.204,2026-04,2026-04.xlsx,8301.0
236,Chandigarh,Mumbai,27155.0,28640.0,107.1402793,136.6390233,4.04,22.417992,2026-04,2026-04.xlsx,55795.0
237,Chandigarh,Mumbai,4536.0,4584.0,0.042,14.944,0.0,0.0,2026-04,2026-04.xlsx,9120.0
238,Chandigarh,Patna,3942.0,3369.0,5.067,0.029,0.0,1.081,2026-04,2026-04.xlsx,7311.0
239,Chandigarh,Pune,6364.0,6329.0,28.346,40.732,0.0,0.0,2026-04,2026-04.xlsx,12693.0
240,Chandigarh,Srinagar,9803.0,11150.0,1.184,2.255,0.548,0.634,2026-04,2026-04.xlsx,20953.0
241,Chandigarh,Udaipur,788.0,607.0,0.001,0.0,0.0,0.0,2026-04,2026-04.xlsx,1395.0
242,Chennai,Coimbatore,33069.0,34427.0,78.012,27.559,3.087,10.019,2026-04,2026-04.xlsx,67496.0
243,Chennai,Cuddapah (Kadapa),274.0,456.0,0.0,0.0,0.0,0.0,2026-04,2026-04.xlsx,730.0
244,Chennai,Dehradun,819.0,950.0,0.754,28.652,1.94,0.579,2026-04,2026-04.xlsx,1769.0
245,Chennai,Delhi,89989.0,81310.0,1624.3122669,1280.9891447,33.48521,33.121784,2026-04,2026-04.xlsx,171299.0
246,Chennai,Durgapur,4362.0,2274.0,1.154,4.323,0.0,0.0,2026-04,2026-04.xlsx,6636.0
247,Chennai,Ghaziabad,4614.0,4108.0,0.0,0.0,0.0,0.0,2026-04,2026-04.xlsx,8722.0
248,Chennai,"Goa (Dabolim, South Goa)",5504.0,5748.0,4.944,4.338,0.766,0.455,2026-04,2026-04.xlsx,11252.0
249,Chennai,"Goa (Mopa, North Goa)",5620.0,5399.0,10.306,35.047,0.265,0.33,2026-04,2026-04.xlsx,11019.0
250,Chennai,Guwahati,15728.0,13839.0,65.56315,42.74886,6.082,2.993,2026-04,2026-04.xlsx,29567.0
251,Chennai,Hyderabad,51011.0,51839.0,538.3688,487.26776,11.316,26.455,2026-04,2026-04.xlsx,102850.0
252,Chennai,Indore,4950.0,4456.0,70.249,22.215,6.032,1.101,2026-04,2026-04.xlsx,9406.0
253,Chennai,Jaipur,6534.0,6087.0,27.345,61.255,6.173,1.835,2026-04,2026-04.xlsx,12621.0
254,Chennai,Kannur,1243.0,1173.0,0.002,0.001,0.0,0.0,2026-04,2026-04.xlsx,2416.0
255,Chennai,Kochi,24191.0,21567.0,49.973,20.385,16.29,7.914,2026-04,2026-04.xlsx,45758.0
256,Chennai,Kolkata,63974.0,44881.0,324.27667,228.08982,7.5,4.186,2026-04,2026-04.xlsx,108855.0
257,Chennai,Kozhikode,2245.0,2066.0,0.024,0.005,0.348,0.0,2026-04,2026-04.xlsx,4311.0
258,Chennai,Lucknow,4205.0,3669.0,35.514,12.644,8.55,1.41,2026-04,2026-04.xlsx,7874.0
259,Chennai,Madurai,19410.0,17502.0,18.648,15.0335,15.52863,9.79707,2026-04,2026-04.xlsx,36912.0
260,Chennai,Mangalore (Mangaluru),1749.0,1833.0,0.064,0.001,0.73,0.0,2026-04,2026-04.xlsx,3582.0
261,Chennai,Mumbai,84714.0,87284.0,830.9320919,580.637181,24.218585,24.717163,2026-04,2026-04.xlsx,171998.0
262,Chennai,Mumbai,4982.0,4334.0,9.932,59.488,0.0,0.688,2026-04,2026-04.xlsx,9316.0
263,Chennai,Mysore,1837.0,1785.0,0.06,0.0,0.0,0.0,2026-04,2026-04.xlsx,3622.0
264,Chennai,Patna,8781.0,6012.0,22.88649,13.61882,5.397,0.19,2026-04,2026-04.xlsx,14793.0
265,Chennai,Port Blair,17126.0,18770.0,143.60311,146.752,34.50932,7.758,2026-04,2026-04.xlsx,35896.0
266,Chennai,Pune,30313.0,30718.0,537.26857,279.004,6.33,4.069,2026-04,2026-04.xlsx,61031.0
267,Chennai,Raipur,5029.0,3069.0,20.988,12.612,2.16,0.99,2026-04,2026-04.xlsx,8098.0
268,Chennai,Rajahmundry,1938.0,1678.0,0.003,0.0,0.0,0.0,2026-04,2026-04.xlsx,3616.0
269,Chennai,Ranchi,6192.0,3482.0,27.079,10.904,2.143,0.259,2026-04,2026-04.xlsx,9674.0
270,Chennai,Salem,1467.0,1717.0,0.132,0.0,0.0,0.0,2026-04,2026-04.xlsx,3184.0
271,Chennai,Shirdi,4623.0,4740.0,3.126,0.015,0.0,0.0,2026-04,2026-04.xlsx,9363.0
272,Chennai,Shivamogga,802.0,787.0,2.47248,2.429,0.0,0.0,2026-04,2026-04.xlsx,1589.0
273,Chennai,Surat,1862.0,2037.0,56.369,30.78,0.211,0.355,2026-04,2026-04.xlsx,3899.0
274,Chennai,Thiruvananthapuram,12415.0,12822.0,14.524,3.748,7.843,4.855,2026-04,2026-04.xlsx,25237.0
275,Chennai,Tiruchirappalli,10460.0,10368.0,5.918,0.101,0.125,0.0,2026-04,2026-04.xlsx,20828.0
276,Chennai,Tuticorin,8365.0,8285.0,3.51,1.611,0.0,0.0,2026-04,2026-04.xlsx,16650.0
277,Chennai,Varanasi,6653.0,4755.0,4.055,26.535,3.189,0.0,2026-04,2026-04.xlsx,11408.0
278,Chennai,Vijaywada,3082.0,3414.0,1.623,1.54,0.0,0.0,2026-04,2026-04.xlsx,6496.0
279,Chennai,Vishakhapatnam (Visakhapatnam),13132.0,10248.0,42.56,14.055,7.926,1.787,2026-04,2026-04.xlsx,23380.0
280,Coimbatore,Delhi,18524.0,17397.0,196.226,196.0335,6.122,5.07657,2026-04,2026-04.xlsx,35921.0
281,Coimbatore,"Goa (Dabolim, South Goa)",2185.0,2044.0,0.001,0.0,0.0,0.0,2026-04,2026-04.xlsx,4229.0
282,Coimbatore,Guwahati,544.0,469.0,3.529,0.188,1.238,0.0,2026-04,2026-04.xlsx,1013.0
283,Coimbatore,Hyderabad,20818.0,20927.0,82.187,27.072,4.976,6.458,2026-04,2026-04.xlsx,41745.0
284,Coimbatore,Mumbai,20027.0,21081.0,89.2675,131.8370001,5.98286,7.280957,2026-04,2026-04.xlsx,41108.0
285,Coimbatore,Mumbai,3355.0,2783.0,9.712,19.748,0.0,0.127,2026-04,2026-04.xlsx,6138.0
286,Coimbatore,Pune,4439.0,4462.0,49.392,18.148,0.046,0.398,2026-04,2026-04.xlsx,8901.0
287,Coimbatore,Shirdi,476.0,421.0,0.003,0.0,0.0,0.0,2026-04,2026-04.xlsx,897.0
288,Coimbatore,Varanasi,147.0,0.0,0.0,0.0,0.0,0.0,2026-04,2026-04.xlsx,147.0
289,Coimbatore,Vishakhapatnam (Visakhapatnam),328.0,552.0,0.322,0.001,0.0,0.0,2026-04,2026-04.xlsx,880.0
290,Cooch Behar,Kolkata,14.0,17.0,0.0,0.0,0.0,0.0,2026-04,2026-04.xlsx,31.0
291,Cuddapah (Kadapa),Hyderabad,1784.0,1655.0,0.0,0.319,0.0,0.0,2026-04,2026-04.xlsx,3439.0
292,Cuddapah (Kadapa),Vijaywada,200.0,194.0,0.0,0.0,0.0,0.0,2026-04,2026-04.xlsx,394.0
293,Darbhanga,Delhi,13896.0,14333.0,2.95458,4.1555,0.0,0.0,2026-04,2026-04.xlsx,28229.0
294,Darbhanga,Hyderabad,3187.0,4403.0,0.0,0.226,0.0,0.0,2026-04,2026-04.xlsx,7590.0
295,Darbhanga,Kolkata,996.0,1105.0,0.0,0.006,0.0,0.0,2026-04,2026-04.xlsx,2101.0
296,Darbhanga,Mumbai,11471.0,13238.0,0.0,31.96302,0.0,0.0,2026-04,2026-04.xlsx,24709.0
297,Dehradun,Delhi,26201.0,28122.0,21.085,4.854,6.36,3.191,2026-04,2026-04.xlsx,54323.0
298,Dehradun,Guwahati,227.0,276.0,0.05,0.0,0.238,0.386,2026-04,2026-04.xlsx,503.0
299,Dehradun,Hyderabad,4416.0,6115.0,3.858,5.303,0.444,0.813,2026-04,2026-04.xlsx,10531.0
300,Dehradun,Jaipur,2176.0,1905.0,0.0,0.011,0.065,0.0,2026-04,2026-04.xlsx,4081.0
301,Dehradun,Kolkata,2394.0,2211.0,3.293,1.103,0.165,0.0,2026-04,2026-04.xlsx,4605.0
302,Dehradun,Kullu,197.0,118.0,0.0,0.0,0.0,0.0,2026-04,2026-04.xlsx,315.0
303,Dehradun,Lucknow,3353.0,3089.0,1.049,0.296,0.999,1.643,2026-04,2026-04.xlsx,6442.0
304,Dehradun,Mumbai,11179.0,12364.0,5.713,10.7295558,0.759,7.356,2026-04,2026-04.xlsx,23543.0
305,Dehradun,Mumbai,3899.0,3103.0,1.463,0.164,0.0,0.398,2026-04,2026-04.xlsx,7002.0
306,Dehradun,Pithoragarh,322.0,289.0,0.0,0.0,0.0,0.0,2026-04,2026-04.xlsx,611.0
307,Dehradun,Pune,3881.0,4169.0,0.14,1.836,0.206,0.342,2026-04,2026-04.xlsx,8050.0
308,Dehradun,Ranchi,0.0,152.0,0.0,0.0,0.0,0.0,2026-04,2026-04.xlsx,152.0
309,Delhi,Deoghar,10797.0,7546.0,0.297,0.0,0.0,0.0,2026-04,2026-04.xlsx,18343.0
310,Delhi,Dharamsala,5866.0,4551.0,0.085,0.0,0.0,0.0,2026-04,2026-04.xlsx,10417.0
311,Delhi,Dibrugarh,15335.0,12747.0,25.934,3.464,5.021,1.299,2026-04,2026-04.xlsx,28082.0
312,Delhi,Dimapur,5182.0,4860.0,7.859,33.008,7.397,7.01,2026-04,2026-04.xlsx,10042.0
313,Delhi,Durgapur,6172.0,3914.0,25.876,29.279,0.0,0.0,2026-04,2026-04.xlsx,10086.0
314,Delhi,Gaya,5016.0,4321.0,0.074,0.0,0.0,0.0,2026-04,2026-04.xlsx,9337.0
315,Delhi,"Goa (Dabolim, South Goa)",44044.0,50987.0,131.6464,83.96006,5.45597,2.41726,2026-04,2026-04.xlsx,95031.0
316,Delhi,"Goa (Mopa, North Goa)",49113.0,52761.0,119.77598,72.1432033,1.544,0.0,2026-04,2026-04.xlsx,101874.0
317,Delhi,Gorakhpur,19153.0,16948.0,41.17441,78.21223,14.512,1.87823,2026-04,2026-04.xlsx,36101.0
318,Delhi,Guwahati,69975.0,64102.0,436.6631739,154.5895041,31.6357,8.25103,2026-04,2026-04.xlsx,134077.0
319,Delhi,Gwalior,1781.0,1750.0,0.088,0.0,0.0,0.0,2026-04,2026-04.xlsx,3531.0
320,Delhi,Hirasar (Rajkot),15385.0,16743.0,33.263,73.889,12.9955,9.968441,2026-04,2026-04.xlsx,32128.0
321,Delhi,Hisar,28.0,65.0,0.0,0.0,0.0,0.0,2026-04,2026-04.xlsx,93.0
322,Delhi,Hubli,4575.0,4123.0,7.395,2.83,1.196,0.609,2026-04,2026-04.xlsx,8698.0
323,Delhi,Hyderabad,129206.0,139106.0,1306.5267741,821.8703528,106.247593,15.0669,2026-04,2026-04.xlsx,268312.0
324,Delhi,Imphal,13594.0,12950.0,65.5768,70.223,6.742,7.414,2026-04,2026-04.xlsx,26544.0
325,Delhi,Indore,46939.0,53272.0,295.7539826,165.82514,34.153,0.862343,2026-04,2026-04.xlsx,100211.0
326,Delhi,Itanagar,5318.0,5053.0,2.338,1.229,0.0,0.0,2026-04,2026-04.xlsx,10371.0
327,Delhi,Jabalpur,8676.0,8535.0,4.461,7.9,33.28,0.073,2026-04,2026-04.xlsx,17211.0
328,Delhi,Jagdalpur,266.0,438.0,0.0,0.0,0.0,0.0,2026-04,2026-04.xlsx,704.0
329,Delhi,Jaipur,31319.0,30445.0,40.644278,124.9374021,31.23423,14.932,2026-04,2026-04.xlsx,61764.0
330,Delhi,Jammu,35987.0,32518.0,60.049656,15.030139,13.024,0.0,2026-04,2026-04.xlsx,68505.0
331,Delhi,Jharsuguda,5885.0,5630.0,0.107,0.0,0.0,0.0,2026-04,2026-04.xlsx,11515.0
332,Delhi,Jodhpur,1020.0,1040.0,0.1665,0.005,0.0,0.0,2026-04,2026-04.xlsx,2060.0
333,Delhi,Jorhat,2952.0,2618.0,0.446,0.0,0.0,0.0,2026-04,2026-04.xlsx,5570.0
334,Delhi,Kannur,6001.0,5212.0,2.804,3.205,0.154,0.0,2026-04,2026-04.xlsx,11213.0
335,Delhi,Kanpur,4973.0,4441.0,0.371,0.089,9.386,0.0,2026-04,2026-04.xlsx,9414.0
336,Delhi,Khajuraho,439.0,437.0,0.002,0.0,0.0,0.0,2026-04,2026-04.xlsx,876.0
337,Delhi,Kochi,40339.0,39404.0,335.3688999,193.954,33.349797,23.28428,2026-04,2026-04.xlsx,79743.0
338,Delhi,Kolkata,133200.0,112277.0,1746.8423421,1799.0807001,57.05471,33.52846,2026-04,2026-04.xlsx,245477.0
339,Delhi,Kozhikode,5187.0,5158.0,8.925,1.182,0.534,0.0,2026-04,2026-04.xlsx,10345.0
340,Delhi,Kullu,534.0,349.0,0.0,0.0,0.0,0.0,2026-04,2026-04.xlsx,883.0
341,Delhi,Leh,49374.0,38228.0,123.44006,13.07121,16.38343,21.0502,2026-04,2026-04.xlsx,87602.0
342,Delhi,Lucknow,68705.0,54053.0,247.2088273,127.604,54.67036,12.584,2026-04,2026-04.xlsx,122758.0
343,Delhi,Madurai,4454.0,4580.0,30.335,69.685,3.726,1.238,2026-04,2026-04.xlsx,9034.0
344,Delhi,Mangalore (Mangaluru),8976.0,9041.0,19.107,4.421,0.176,33.895,2026-04,2026-04.xlsx,18017.0
345,Delhi,Mumbai,239956.0,272282.0,3715.736913,3048.702568,42.281,114.775797,2026-04,2026-04.xlsx,512238.0
346,Delhi,Mumbai,28076.0,31825.0,100.883,129.71031,1.045,0.0,2026-04,2026-04.xlsx,59901.0
347,Delhi,Nagpur,29794.0,32596.0,205.892,51.356,13.61658,13.06131,2026-04,2026-04.xlsx,62390.0
348,Delhi,Nashik,5257.0,5704.0,32.142,31.998,0.736,0.0,2026-04,2026-04.xlsx,10961.0
349,Delhi,Pantnagar,3809.0,3191.0,0.275,0.0,0.0,0.0,2026-04,2026-04.xlsx,7000.0
350,Delhi,Patna,72943.0,57876.0,441.3565472,46.302257,74.740987,17.13311,2026-04,2026-04.xlsx,130819.0
351,Delhi,Pithoragarh,465.0,256.0,0.0,0.0,0.0,0.0,2026-04,2026-04.xlsx,721.0
352,Delhi,Port Blair,3845.0,4645.0,51.8293782,12.1155,2.1958,7.05432,2026-04,2026-04.xlsx,8490.0
353,Delhi,Pune,115625.0,125007.0,1366.326429,1309.253851,10.95077,3.88409,2026-04,2026-04.xlsx,240632.0
354,Delhi,Purnea,4501.0,3728.0,0.186,0.0,0.0,0.0,2026-04,2026-04.xlsx,8229.0
355,Delhi,Raipur,34717.0,36504.0,262.8355001,23.645,57.989573,7.66013,2026-04,2026-04.xlsx,71221.0
356,Delhi,Rajahmundry,1810.0,2272.0,0.962,0.342,0.0,0.0,2026-04,2026-04.xlsx,4082.0
357,Delhi,Ranchi,36107.0,32943.0,233.993,48.6244,13.427,6.299,2026-04,2026-04.xlsx,69050.0
358,Delhi,Rewa,834.0,703.0,0.0,0.0,0.0,0.0,2026-04,2026-04.xlsx,1537.0
359,Delhi,Shillong,552.0,410.0,0.0,0.0,0.0,0.0,2026-04,2026-04.xlsx,962.0
360,Delhi,Shirdi,5470.0,6447.0,0.284,1.752,0.0,0.0,2026-04,2026-04.xlsx,11917.0
361,Delhi,Silchar,1479.0,1438.0,0.553,0.0,0.0,0.0,2026-04,2026-04.xlsx,2917.0
362,Delhi,Srinagar,83384.0,80838.0,303.331093,148.29373,17.240231,27.697,2026-04,2026-04.xlsx,164222.0
363,Delhi,Surat,25991.0,30267.0,128.9385,261.2138,10.003,5.344,2026-04,2026-04.xlsx,56258.0
364,Delhi,Thiruvananthapuram,17686.0,18356.0,113.199405,43.645,12.642632,4.64583,2026-04,2026-04.xlsx,36042.0
365,Delhi,Tiruchirappalli,2494.0,1965.0,0.406,0.601,0.0,0.0,2026-04,2026-04.xlsx,4459.0
366,Delhi,Tirupati,2340.0,2287.0,1.236,3.892,2.081,0.375,2026-04,2026-04.xlsx,4627.0
367,Delhi,Udaipur,20899.0,21111.0,17.4005,0.148,0.383,0.0,2026-04,2026-04.xlsx,42010.0
368,Delhi,Vadodara,20011.0,24930.0,93.677,0.0,14.6169,0.0,2026-04,2026-04.xlsx,44941.0
369,Delhi,Varanasi,38478.0,33169.0,130.884875,40.7603,26.33324,3.591,2026-04,2026-04.xlsx,71647.0
370,Delhi,Vijaywada,9354.0,10176.0,71.558,46.9185,38.41951,1.0265,2026-04,2026-04.xlsx,19530.0
371,Delhi,Vishakhapatnam (Visakhapatnam),19589.0,19413.0,87.452,63.444,30.21318,2.133,2026-04,2026-04.xlsx,39002.0
372,Deoghar,Kolkata,676.0,576.0,0.0,0.0,0.0,0.0,2026-04,2026-04.xlsx,1252.0
373,Deoghar,Mumbai,1574.0,2184.0,0.0,0.0,0.0,0.0,2026-04,2026-04.xlsx,3758.0
374,Dibrugarh,Guwahati,9609.0,10671.0,0.133,0.803,6.346,9.523,2026-04,2026-04.xlsx,20280.0
375,Dibrugarh,Kolkata,9543.0,9166.0,26.818,28.45,1.771,3.196,2026-04,2026-04.xlsx,18709.0
376,Dimapur,Guwahati,3597.0,4994.0,2.268,1.187,0.0,0.0,2026-04,2026-04.xlsx,8591.0
377,Dimapur,Imphal,395.0,477.0,0.0,0.0,0.0,0.0,2026-04,2026-04.xlsx,872.0
378,Dimapur,Kolkata,4986.0,4450.0,23.27,25.396,6.079,1.295,2026-04,2026-04.xlsx,9436.0
379,Diu,"Goa (Mopa, North Goa)",598.0,662.0,0.0,0.0,0.0,0.0,2026-04,2026-04.xlsx,1260.0
380,Diu,Keshod,33.0,33.0,0.0,0.0,0.0,0.0,2026-04,2026-04.xlsx,66.0
381,Diu,Mumbai,515.0,600.0,0.0,0.0,0.0,0.0,2026-04,2026-04.xlsx,1115.0
382,Diu,Mumbai,1354.0,1211.0,0.0,0.0,0.0,0.0,2026-04,2026-04.xlsx,2565.0
383,Diu,Surat,1426.0,1182.0,0.0,0.0,0.0,0.0,2026-04,2026-04.xlsx,2608.0
384,Durgapur,Hyderabad,3771.0,6153.0,6.311,0.845,0.0,0.0,2026-04,2026-04.xlsx,9924.0
385,Durgapur,Kolkata,0.0,135.0,0.0,0.0,0.0,0.0,2026-04,2026-04.xlsx,135.0
386,Durgapur,Mumbai,1881.0,3150.0,0.132,0.931,0.0,0.0,2026-04,2026-04.xlsx,5031.0
387,Gaya,Kolkata,3178.0,2855.0,0.0,0.382,0.0,0.0,2026-04,2026-04.xlsx,6033.0
388,Ghaziabad,Kishangarh,80.0,88.0,0.0,0.0,0.0,0.0,2026-04,2026-04.xlsx,168.0
389,Ghaziabad,Kolkata,4436.0,3609.0,0.0,0.0,0.0,0.0,2026-04,2026-04.xlsx,8045.0
390,Ghaziabad,Mumbai,2932.0,4026.0,0.0,0.0,0.0,0.0,2026-04,2026-04.xlsx,6958.0
391,Ghaziabad,Nanded,2334.0,2497.0,0.0,0.0,0.0,0.0,2026-04,2026-04.xlsx,4831.0
392,Ghaziabad,Varanasi,3996.0,2767.0,0.0,0.0,0.0,0.0,2026-04,2026-04.xlsx,6763.0
393,"Goa (Dabolim, South Goa)",Hyderabad,20786.0,21118.0,34.386,6.019,0.399,0.327,2026-04,2026-04.xlsx,41904.0
394,"Goa (Dabolim, South Goa)",Indore,5565.0,5315.0,0.937,1.235,0.112,0.0,2026-04,2026-04.xlsx,10880.0
395,"Goa (Dabolim, South Goa)",Kochi,5550.0,5628.0,7.812,0.924,0.279,0.0,2026-04,2026-04.xlsx,11178.0
396,"Goa (Dabolim, South Goa)",Kolkata,6469.0,5799.0,7.904,4.538,0.85,0.21,2026-04,2026-04.xlsx,12268.0
397,"Goa (Dabolim, South Goa)",Lucknow,5148.0,4316.0,4.179,13.861,0.502,0.003,2026-04,2026-04.xlsx,9464.0
398,"Goa (Dabolim, South Goa)",Mumbai,52093.0,52428.0,58.7047665,70.9464838,0.5271,14.90847,2026-04,2026-04.xlsx,104521.0
399,"Goa (Dabolim, South Goa)",Mumbai,6412.0,7167.0,2.674,2.863,0.0,0.0,2026-04,2026-04.xlsx,13579.0
400,"Goa (Dabolim, South Goa)",Nashik,1150.0,1013.0,0.0,0.0,0.0,0.0,2026-04,2026-04.xlsx,2163.0
401,"Goa (Dabolim, South Goa)",Pune,4248.0,4242.0,0.335,1.444,0.054,0.041,2026-04,2026-04.xlsx,8490.0
402,"Goa (Dabolim, South Goa)",Raipur,6253.0,5723.0,4.892,0.0,0.297,0.0,2026-04,2026-04.xlsx,11976.0
403,"Goa (Dabolim, South Goa)",Surat,5885.0,5386.0,1.75,31.423,0.076,0.02,2026-04,2026-04.xlsx,11271.0
404,"Goa (Mopa, North Goa)",Hyderabad,28695.0,26723.0,14.188,21.121,0.0,0.0,2026-04,2026-04.xlsx,55418.0
405,"Goa (Mopa, North Goa)",Jaipur,5332.0,4953.0,0.805,29.416,0.0,0.0,2026-04,2026-04.xlsx,10285.0
406,"Goa (Mopa, North Goa)",Jalgaon,1669.0,1561.0,0.0,0.0,0.0,0.0,2026-04,2026-04.xlsx,3230.0
407,"Goa (Mopa, North Goa)",Kolhapur,68.0,0.0,0.0,0.0,0.0,0.0,2026-04,2026-04.xlsx,68.0
408,"Goa (Mopa, North Goa)",Kolkata,6538.0,5194.0,22.909,2.074,0.0,0.0,2026-04,2026-04.xlsx,11732.0
409,"Goa (Mopa, North Goa)",Mumbai,29508.0,29139.0,29.12918,17.013,0.0,0.0,2026-04,2026-04.xlsx,58647.0
410,"Goa (Mopa, North Goa)",Mumbai,14253.0,14517.0,0.457,17.187,0.0,0.191,2026-04,2026-04.xlsx,28770.0
411,"Goa (Mopa, North Goa)",Nagpur,4822.0,3449.0,0.0,0.039,0.0,0.0,2026-04,2026-04.xlsx,8271.0
412,"Goa (Mopa, North Goa)",Nanded,1378.0,1479.0,0.0,0.0,0.0,0.0,2026-04,2026-04.xlsx,2857.0
413,"Goa (Mopa, North Goa)",Porbandar,0.0,1.0,0.0,0.0,0.0,0.0,2026-04,2026-04.xlsx,1.0
414,"Goa (Mopa, North Goa)",Pune,12977.0,12593.0,58.1398,30.32331,0.0,0.0,2026-04,2026-04.xlsx,25570.0
415,"Goa (Mopa, North Goa)",Shivamogga,1519.0,1582.0,0.0,0.0,0.0,0.0,2026-04,2026-04.xlsx,3101.0
416,"Goa (Mopa, North Goa)",Solapur,806.0,762.0,0.0,0.0,0.0,0.0,2026-04,2026-04.xlsx,1568.0
417,Gondia,Hyderabad,928.0,894.0,0.0,0.17,0.0,0.0,2026-04,2026-04.xlsx,1822.0
418,Gondia,Indore,32.0,25.0,0.0,0.0,0.0,0.0,2026-04,2026-04.xlsx,57.0
419,Gorakhpur,Hyderabad,5142.0,6003.0,0.0,1.443,0.0,0.503,2026-04,2026-04.xlsx,11145.0
420,Gorakhpur,Kolkata,3557.0,4742.0,0.0,0.024,0.0,0.0,2026-04,2026-04.xlsx,8299.0
421,Gorakhpur,Mumbai,8689.0,11444.0,0.0,11.0718,0.0,1.808,2026-04,2026-04.xlsx,20133.0
422,Gorakhpur,Mumbai,2159.0,4852.0,0.0,0.0,0.0,0.0,2026-04,2026-04.xlsx,7011.0
423,Guwahati,Hyderabad,11637.0,11974.0,18.079,39.757,1.717,12.222,2026-04,2026-04.xlsx,23611.0
424,Guwahati,Imphal,15415.0,16176.0,43.389,13.706,3.192,4.661,2026-04,2026-04.xlsx,31591.0
425,Guwahati,Itanagar,32.0,36.0,0.0,0.0,0.0,0.0,2026-04,2026-04.xlsx,68.0
426,Guwahati,Jaipur,9730.0,10141.0,3.688,20.032,1.478,0.66,2026-04,2026-04.xlsx,19871.0
427,Guwahati,Kochi,722.0,822.0,1.254,1.218,0.0,0.0,2026-04,2026-04.xlsx,1544.0
428,Guwahati,Kolkata,38346.0,37289.0,166.99802,602.88318,7.691,9.87,2026-04,2026-04.xlsx,75635.0
429,Guwahati,Lucknow,4020.0,4019.0,2.947,2.752,2.98,3.557,2026-04,2026-04.xlsx,8039.0
430,Guwahati,Mumbai,16609.0,17389.0,53.20799,113.41935,5.04742,15.8569,2026-04,2026-04.xlsx,33998.0
431,Guwahati,Pasighat,62.0,106.0,0.0,0.0,0.0,0.0,2026-04,2026-04.xlsx,168.0
432,Guwahati,Pune,4891.0,5092.0,4.508,20.521,1.053,0.539,2026-04,2026-04.xlsx,9983.0
433,Guwahati,Rupsi,109.0,78.0,0.0,0.0,0.0,0.0,2026-04,2026-04.xlsx,187.0
434,Guwahati,Shillong,0.0,0.0,0.0,0.0,0.0,0.0,2026-04,2026-04.xlsx,0.0
435,Guwahati,Silchar,5358.0,5912.0,15.669,0.035,7.403,0.0,2026-04,2026-04.xlsx,11270.0
436,Guwahati,Tezu,274.0,272.0,0.0,0.0,0.0,0.0,2026-04,2026-04.xlsx,546.0
437,Guwahati,Thiruvananthapuram,2.0,0.0,0.0,0.0,0.0,0.0,2026-04,2026-04.xlsx,2.0
438,Gwalior,Mumbai,4409.0,5154.0,0.0,0.099,0.0,0.0,2026-04,2026-04.xlsx,9563.0
439,Hirasar (Rajkot),Hyderabad,2511.0,3819.0,2.07,1.862,0.0,0.753,2026-04,2026-04.xlsx,6330.0
440,Hirasar (Rajkot),Mumbai,17523.0,19464.0,32.7435,15.4705,7.20957,12.468558,2026-04,2026-04.xlsx,36987.0
441,Hirasar (Rajkot),Mumbai,3173.0,3357.0,0.024,0.33,0.0,0.0,2026-04,2026-04.xlsx,6530.0
442,Hirasar (Rajkot),Pune,2435.0,2645.0,2.298,0.641,0.0,0.0,2026-04,2026-04.xlsx,5080.0
443,Hisar,Jaipur,18.0,24.0,0.0,0.0,0.0,0.0,2026-04,2026-04.xlsx,42.0
444,Hubli,Hyderabad,2842.0,2692.0,0.27,0.043,1.633,5.03,2026-04,2026-04.xlsx,5534.0
445,Hubli,Mumbai,2243.0,2811.0,0.0,0.177,0.0,0.798,2026-04,2026-04.xlsx,5054.0
446,Hubli,Pune,901.0,868.0,0.811,0.0,0.0,0.397,2026-04,2026-04.xlsx,1769.0
447,Hyderabad,Indore,12340.0,11151.0,46.529,26.405,6.078,5.401,2026-04,2026-04.xlsx,23491.0
448,Hyderabad,Jabalpur,1992.0,2022.0,0.021,0.0,0.33,0.0,2026-04,2026-04.xlsx,4014.0
449,Hyderabad,Jagdalpur,2173.0,2093.0,0.296,0.0,0.0,0.0,2026-04,2026-04.xlsx,4266.0
450,Hyderabad,Jaipur,18771.0,15363.0,77.578,159.604,4.881,1.886,2026-04,2026-04.xlsx,34134.0
451,Hyderabad,Jalgaon,1565.0,1388.0,0.0,0.0,0.0,0.0,2026-04,2026-04.xlsx,2953.0
452,Hyderabad,Jammu,2677.0,2126.0,5.614,0.0,0.31,0.0,2026-04,2026-04.xlsx,4803.0
453,Hyderabad,Jharsuguda,575.0,571.0,0.0,0.0,0.0,0.0,2026-04,2026-04.xlsx,1146.0
454,Hyderabad,Jodhpur,546.0,542.0,0.001,0.0,0.0,0.0,2026-04,2026-04.xlsx,1088.0
455,Hyderabad,Kannur,1304.0,1249.0,0.0,0.0,0.007,0.0,2026-04,2026-04.xlsx,2553.0
456,Hyderabad,Kanpur,2785.0,1920.0,0.001,0.0,0.0,0.0,2026-04,2026-04.xlsx,4705.0
457,Hyderabad,Kochi,31453.0,29432.0,38.664,31.491,10.328,10.516,2026-04,2026-04.xlsx,60885.0
458,Hyderabad,Kolhapur,2029.0,1736.0,0.584,0.042,0.0,0.0,2026-04,2026-04.xlsx,3765.0
459,Hyderabad,Kolkata,47925.0,36573.0,188.93891,259.04754,32.669,11.905,2026-04,2026-04.xlsx,84498.0
460,Hyderabad,Kozhikode,5160.0,4985.0,2.077,0.003,3.181,0.0,2026-04,2026-04.xlsx,10145.0
461,Hyderabad,Lucknow,14046.0,11526.0,52.477,19.457,3.607,3.477,2026-04,2026-04.xlsx,25572.0
462,Hyderabad,Madurai,7473.0,7518.0,11.297,133.107,7.997,3.827,2026-04,2026-04.xlsx,14991.0
463,Hyderabad,Malvan,1374.0,1442.0,0.0,0.0,0.0,0.0,2026-04,2026-04.xlsx,2816.0
464,Hyderabad,Mangalore (Mangaluru),4326.0,4179.0,0.057,0.001,1.212,0.0,2026-04,2026-04.xlsx,8505.0
465,Hyderabad,Mumbai,82670.0,84982.0,707.3255,887.113632,21.0415,39.271434,2026-04,2026-04.xlsx,167652.0
466,Hyderabad,Mumbai,7589.0,8064.0,1.235,47.403,0.088,6.436,2026-04,2026-04.xlsx,15653.0
467,Hyderabad,Mysore,1944.0,1747.0,0.223,0.0,0.0,0.0,2026-04,2026-04.xlsx,3691.0
468,Hyderabad,Nagpur,5217.0,5167.0,0.424,0.088,1.148,0.0,2026-04,2026-04.xlsx,10384.0
469,Hyderabad,Nanded,1320.0,1509.0,0.0,0.0,0.0,0.0,2026-04,2026-04.xlsx,2829.0
470,Hyderabad,Nashik,2444.0,2681.0,0.04,0.015,0.227,0.088,2026-04,2026-04.xlsx,5125.0
471,Hyderabad,Patna,18441.0,12980.0,43.89129,5.081,8.51,2.307,2026-04,2026-04.xlsx,31421.0
472,Hyderabad,Pondicherry (Puducherry),1937.0,1883.0,0.017,0.0,0.0,0.0,2026-04,2026-04.xlsx,3820.0
473,Hyderabad,Port Blair,5847.0,6883.0,41.445,11.09,3.968,1.027,2026-04,2026-04.xlsx,12730.0
474,Hyderabad,Pune,28714.0,33506.0,101.571,121.22942,6.018,4.137,2026-04,2026-04.xlsx,62220.0
475,Hyderabad,Purnea,4643.0,3895.0,0.0,0.0,0.0,0.0,2026-04,2026-04.xlsx,8538.0
476,Hyderabad,Raipur,14039.0,12426.0,15.615,1.658,12.853,1.372,2026-04,2026-04.xlsx,26465.0
477,Hyderabad,Rajahmundry,12863.0,12313.0,0.722,1.196,0.0,0.0,2026-04,2026-04.xlsx,25176.0
478,Hyderabad,Ranchi,11581.0,8303.0,32.157,4.679,10.223,3.019,2026-04,2026-04.xlsx,19884.0
479,Hyderabad,Salem,1085.0,1034.0,0.0,0.0,0.0,0.0,2026-04,2026-04.xlsx,2119.0
480,Hyderabad,Shirdi,4879.0,5292.0,0.085,3.29,0.0,0.0,2026-04,2026-04.xlsx,10171.0
481,Hyderabad,Shivamogga,4062.0,3761.0,2.429,2.47248,0.0,0.0,2026-04,2026-04.xlsx,7823.0
482,Hyderabad,Solapur,220.0,255.0,0.0,0.0,0.0,0.0,2026-04,2026-04.xlsx,475.0
483,Hyderabad,Srinagar,5586.0,5266.0,2.448,0.643,0.789,0.0,2026-04,2026-04.xlsx,10852.0
484,Hyderabad,Surat,3824.0,3383.0,26.112,47.294,1.553,1.47,2026-04,2026-04.xlsx,7207.0
485,Hyderabad,Thiruvananthapuram,9900.0,10143.0,2.363,3.208,5.495,2.571,2026-04,2026-04.xlsx,20043.0
486,Hyderabad,Tiruchirappalli,3966.0,4325.0,4.038,0.068,6.746,0.0,2026-04,2026-04.xlsx,8291.0
487,Hyderabad,Tirupati,20639.0,19670.0,6.336,16.283,32.864803,2.228,2026-04,2026-04.xlsx,40309.0
488,Hyderabad,Udaipur,5986.0,6248.0,2.354,0.021,0.0,0.0,2026-04,2026-04.xlsx,12234.0
489,Hyderabad,Vadodara,4969.0,4840.0,64.862,0.0,0.887,0.0,2026-04,2026-04.xlsx,9809.0
490,Hyderabad,Varanasi,19188.0,14950.0,3.285,25.582,0.924,2.473,2026-04,2026-04.xlsx,34138.0
491,Hyderabad,Vijaywada,15214.0,15534.0,14.974967,2.569,16.95,1.757,2026-04,2026-04.xlsx,30748.0
492,Hyderabad,Vishakhapatnam (Visakhapatnam),44000.0,40417.0,39.514,79.899,10.671,2.753,2026-04,2026-04.xlsx,84417.0
493,Imphal,Jaipur,192.0,202.0,1.736,0.138,0.0,0.0,2026-04,2026-04.xlsx,394.0
494,Imphal,Kolkata,13181.0,11252.0,66.034,53.66837,7.661,2.672,2026-04,2026-04.xlsx,24433.0
495,Imphal,Mumbai,154.0,80.0,0.0,0.0,0.0,0.0,2026-04,2026-04.xlsx,234.0
496,Imphal,Shillong,734.0,527.0,0.0,0.0,0.0,0.0,2026-04,2026-04.xlsx,1261.0
497,Imphal,Tezu,323.0,223.0,0.0,0.0,0.0,0.0,2026-04,2026-04.xlsx,546.0
498,Indore,Jabalpur,1922.0,1557.0,0.001,0.0,0.0,0.0,2026-04,2026-04.xlsx,3479.0
499,Indore,Jaipur,3424.0,3213.0,0.099,0.076,0.545,0.0,2026-04,2026-04.xlsx,6637.0
500,Indore,Kolkata,5299.0,4550.0,16.558,22.303,0.868,2.743,2026-04,2026-04.xlsx,9849.0
501,Indore,Lucknow,2169.0,1999.0,0.011,0.075,0.549,1.154,2026-04,2026-04.xlsx,4168.0
502,Indore,Mumbai,26899.0,29222.0,105.3035,104.3705,7.99074,11.90814,2026-04,2026-04.xlsx,56121.0
503,Indore,Mumbai,4455.0,4891.0,0.017,11.188,0.0,0.0,2026-04,2026-04.xlsx,9346.0
504,Indore,Nagpur,1471.0,1486.0,0.42,0.404,0.379,0.003,2026-04,2026-04.xlsx,2957.0
505,Indore,Pune,12149.0,15286.0,18.57874,23.469,0.0,0.783,2026-04,2026-04.xlsx,27435.0
506,Indore,Raipur,4800.0,4207.0,3.403,0.002,0.787,1.67,2026-04,2026-04.xlsx,9007.0
507,Indore,Rewa,1617.0,1166.0,0.241,0.0,0.0,0.0,2026-04,2026-04.xlsx,2783.0
508,Itanagar,Kolkata,4714.0,4579.0,0.22,1.469,0.0,0.0,2026-04,2026-04.xlsx,9293.0
509,Jabalpur,Mumbai,3644.0,4725.0,0.017,0.045,0.0,0.0,2026-04,2026-04.xlsx,8369.0
510,Jagdalpur,Raipur,152.0,107.0,0.0,0.0,0.0,0.0,2026-04,2026-04.xlsx,259.0
511,Jaipur,Kochi,864.0,546.0,4.974,0.015,0.0,0.0,2026-04,2026-04.xlsx,1410.0
512,Jaipur,Kolkata,15992.0,14251.0,111.63,56.954,2.331,3.812,2026-04,2026-04.xlsx,30243.0
513,Jaipur,Kullu,565.0,178.0,0.0,0.0,0.0,0.0,2026-04,2026-04.xlsx,743.0
514,Jaipur,Lucknow,3575.0,2913.0,0.126,0.167,0.0,1.162,2026-04,2026-04.xlsx,6488.0
515,Jaipur,Mumbai,36789.0,41463.0,242.4830556,279.9395544,7.52,22.141897,2026-04,2026-04.xlsx,78252.0
516,Jaipur,Mumbai,7195.0,9158.0,18.586,7.762,0.0,0.0,2026-04,2026-04.xlsx,16353.0
517,Jaipur,Nagpur,579.0,618.0,0.035,0.01,0.0,0.0,2026-04,2026-04.xlsx,1197.0
518,Jaipur,Pune,9862.0,10215.0,67.016,36.17772,0.0,0.0,2026-04,2026-04.xlsx,20077.0
519,Jaipur,Surat,4199.0,4955.0,6.243,1.836,0.0,0.761,2026-04,2026-04.xlsx,9154.0
520,Jaipur,Udaipur,2835.0,3067.0,0.0,0.015,0.0,0.0,2026-04,2026-04.xlsx,5902.0
521,Jaipur,Vadodara,0.0,172.0,0.0,0.0,0.0,0.0,2026-04,2026-04.xlsx,172.0
522,Jalgaon,Mumbai,479.0,376.0,0.0,0.0,0.0,0.0,2026-04,2026-04.xlsx,855.0
523,Jalgaon,Pune,1528.0,1607.0,0.0,0.0,0.0,0.0,2026-04,2026-04.xlsx,3135.0
524,Jammu,Leh,1393.0,1429.0,4.97,0.021,0.0,0.225,2026-04,2026-04.xlsx,2822.0
525,Jammu,Mumbai,298.0,0.0,0.368,0.0,0.0,0.0,2026-04,2026-04.xlsx,298.0
526,Jammu,Mumbai,1919.0,2900.0,0.111,1.72,0.0,0.0,2026-04,2026-04.xlsx,4819.0
527,Jammu,Srinagar,14061.0,11279.0,0.005,11.907,0.0,3.199,2026-04,2026-04.xlsx,25340.0
528,Jamnagar,Mumbai,5930.0,6678.0,0.0,10.9315,0.0,0.0,2026-04,2026-04.xlsx,12608.0
529,Jamnagar,Surat,820.0,1035.0,0.0,0.0,0.0,0.0,2026-04,2026-04.xlsx,1855.0
530,Jamshedpur,Kolkata,22.0,11.0,0.0,0.0,0.0,0.0,2026-04,2026-04.xlsx,33.0
531,Jeypore,Vishakhapatnam (Visakhapatnam),102.0,85.0,0.0,0.0,0.0,0.0,2026-04,2026-04.xlsx,187.0
532,Jharsuguda,Kolkata,1953.0,1886.0,0.0,0.039,0.0,0.0,2026-04,2026-04.xlsx,3839.0
533,Jharsuguda,Mumbai,2970.0,4688.0,0.0,0.0,0.0,0.0,2026-04,2026-04.xlsx,7658.0
534,Jodhpur,Mumbai,527.0,539.0,0.0,0.15,0.0,0.0,2026-04,2026-04.xlsx,1066.0
535,Jodhpur,Pune,471.0,546.0,0.0,0.038,0.0,0.0,2026-04,2026-04.xlsx,1017.0
536,Jorhat,Kolkata,5767.0,5603.0,0.764,2.268,0.0,0.0,2026-04,2026-04.xlsx,11370.0
537,Kandla,Mumbai,478.0,546.0,0.0,0.0,0.0,0.0,2026-04,2026-04.xlsx,1024.0
538,Kannur,Kochi,1176.0,1330.0,0.001,0.033,0.0,0.0,2026-04,2026-04.xlsx,2506.0
539,Kannur,Mumbai,2977.0,3570.0,0.189,0.941,0.0,2.324,2026-04,2026-04.xlsx,6547.0
540,Kannur,Mumbai,532.0,1715.0,0.294,0.04,0.0,0.0,2026-04,2026-04.xlsx,2247.0
541,Kannur,Thiruvananthapuram,1884.0,1412.0,0.0,0.185,0.0,0.0,2026-04,2026-04.xlsx,3296.0
542,Kanpur,Mumbai,3890.0,5880.0,1.279,8.05,0.0,4.975,2026-04,2026-04.xlsx,9770.0
543,Kishangarh,Lucknow,157.0,172.0,0.0,0.0,0.0,0.0,2026-04,2026-04.xlsx,329.0
544,Kishangarh,Nagpur,940.0,1426.0,0.0,0.0,0.0,0.0,2026-04,2026-04.xlsx,2366.0
545,Kishangarh,Pune,1282.0,1821.0,0.0,0.0,0.0,0.0,2026-04,2026-04.xlsx,3103.0
546,Kochi,Lucknow,571.0,247.0,1.56,0.054,0.0,0.211,2026-04,2026-04.xlsx,818.0
547,Kochi,Mumbai,47618.0,56074.0,92.629,229.90727,22.74965,19.36279,2026-04,2026-04.xlsx,103692.0
548,Kochi,Mumbai,8669.0,10230.0,0.095,10.505,0.0,2.663,2026-04,2026-04.xlsx,18899.0
549,Kochi,Patna,229.0,280.0,1.432,0.024,0.0,0.0,2026-04,2026-04.xlsx,509.0
550,Kochi,Pune,8200.0,8820.0,23.694,32.17562,0.0,0.0,2026-04,2026-04.xlsx,17020.0
551,Kochi,Raipur,516.0,555.0,1.425,0.0,0.0,0.0,2026-04,2026-04.xlsx,1071.0
552,Kochi,Salem,779.0,758.0,0.0,0.0,0.0,0.0,2026-04,2026-04.xlsx,1537.0
553,Kochi,Thiruvananthapuram,1519.0,1252.0,0.001,0.0,0.0,0.0,2026-04,2026-04.xlsx,2771.0
554,Kochi,Vadodara,394.0,245.0,0.33,0.0,0.0,0.0,2026-04,2026-04.xlsx,639.0
555,Kochi,Varanasi,758.0,0.0,0.772,0.0,0.0,0.0,2026-04,2026-04.xlsx,758.0
556,Kolhapur,Mumbai,2154.0,2371.0,0.0,0.0,0.0,0.0,2026-04,2026-04.xlsx,4525.0
557,Kolhapur,Mumbai,3113.0,3020.0,0.459,2.272,0.0,0.0,2026-04,2026-04.xlsx,6133.0
558,Kolkata,Lilabari,630.0,661.0,0.0,0.0,0.0,0.0,2026-04,2026-04.xlsx,1291.0
559,Kolkata,Lucknow,9562.0,11842.0,53.209,27.557,8.518,1.411,2026-04,2026-04.xlsx,21404.0
560,Kolkata,Mumbai,71179.0,93264.0,635.906401,930.1866901,10.56366,32.335515,2026-04,2026-04.xlsx,164443.0
561,Kolkata,Mumbai,6565.0,10501.0,0.711,61.18069,0.0,0.0,2026-04,2026-04.xlsx,17066.0
562,Kolkata,Nagpur,5463.0,7024.0,12.228,17.876,0.049,3.848,2026-04,2026-04.xlsx,12487.0
563,Kolkata,Patna,13967.0,14430.0,44.409,5.009,7.149,6.653,2026-04,2026-04.xlsx,28397.0
564,Kolkata,Port Blair,13611.0,20865.0,162.501584,66.401,25.76934,0.458,2026-04,2026-04.xlsx,34476.0
565,Kolkata,Pune,19042.0,22367.0,91.424,136.522,3.70337,3.14,2026-04,2026-04.xlsx,41409.0
566,Kolkata,Purnea,3186.0,2971.0,0.0,0.0,0.0,0.0,2026-04,2026-04.xlsx,6157.0
567,Kolkata,Raipur,8480.0,12830.0,27.552,0.889,3.921,1.092,2026-04,2026-04.xlsx,21310.0
568,Kolkata,Ranchi,6998.0,7285.0,0.954,0.116,0.0,0.811,2026-04,2026-04.xlsx,14283.0
569,Kolkata,Rupsi,481.0,332.0,0.0,0.0,0.0,0.0,2026-04,2026-04.xlsx,813.0
570,Kolkata,Shillong,2861.0,2171.0,0.27,0.0,0.0,0.0,2026-04,2026-04.xlsx,5032.0
571,Kolkata,Silchar,8684.0,9381.0,42.938,0.16,0.45,0.0,2026-04,2026-04.xlsx,18065.0
572,Kolkata,Srinagar,2600.0,1706.0,0.232,3.22,0.0,0.476,2026-04,2026-04.xlsx,4306.0
573,Kolkata,Surat,4884.0,5876.0,41.317,77.636,0.0,0.525,2026-04,2026-04.xlsx,10760.0
574,Kolkata,Varanasi,7371.0,11447.0,3.775,9.905,3.219,0.0,2026-04,2026-04.xlsx,18818.0
575,Kolkata,Vishakhapatnam (Visakhapatnam),3998.0,5068.0,1.842,25.676,0.0,0.0,2026-04,2026-04.xlsx,9066.0
576,Kozhikode,Mumbai,6155.0,8150.0,0.012,7.211,0.0,5.746,2026-04,2026-04.xlsx,14305.0
577,Kurnool,Vijaywada,181.0,212.0,0.0,0.0,0.0,0.0,2026-04,2026-04.xlsx,393.0
578,Kurnool,Vishakhapatnam (Visakhapatnam),296.0,225.0,0.0,0.001,0.0,0.0,2026-04,2026-04.xlsx,521.0
579,Leh,Mumbai,3554.0,4628.0,0.135,2.088,0.0,0.0,2026-04,2026-04.xlsx,8182.0
580,Leh,Srinagar,850.0,1086.0,0.0,0.038,0.021,0.0,2026-04,2026-04.xlsx,1936.0
581,Lucknow,Mumbai,26368.0,37016.0,39.995,188.7573194,3.276,28.00322,2026-04,2026-04.xlsx,63384.0
582,Lucknow,Mumbai,13682.0,18279.0,0.029,15.045,0.0,0.0,2026-04,2026-04.xlsx,31961.0
583,Lucknow,Patna,3385.0,2434.0,2.466,0.167,1.598,1.523,2026-04,2026-04.xlsx,5819.0
584,Lucknow,Pune,8685.0,10260.0,38.783,25.259,0.243,0.866,2026-04,2026-04.xlsx,18945.0
585,Lucknow,Raipur,2272.0,2896.0,3.179,2.04,3.325,0.552,2026-04,2026-04.xlsx,5168.0
586,Lucknow,Ranchi,1358.0,1580.0,1.457,3.048,0.526,0.0,2026-04,2026-04.xlsx,2938.0
587,Lucknow,Vadodara,30.0,0.0,0.0,0.0,0.0,0.0,2026-04,2026-04.xlsx,30.0
588,Madurai,Mumbai,2796.0,3575.0,5.64,0.545,0.0,0.61,2026-04,2026-04.xlsx,6371.0
589,Malvan,Pune,1369.0,1570.0,0.0,0.0,0.0,0.0,2026-04,2026-04.xlsx,2939.0
590,Mangalore (Mangaluru),Mumbai,14878.0,15916.0,5.121,23.33473,47.617,1.556,2026-04,2026-04.xlsx,30794.0
591,Mangalore (Mangaluru),Mumbai,8877.0,12847.0,0.0,0.027,10.715,0.0,2026-04,2026-04.xlsx,21724.0
592,Mangalore (Mangaluru),Thiruvananthapuram,317.0,246.0,0.004,0.0,0.0,0.0,2026-04,2026-04.xlsx,563.0
593,Mumbai,Nagpur,31797.0,28756.0,122.4875,89.374,55.914173,18.94458,2026-04,2026-04.xlsx,60553.0
594,Mumbai,Nanded,313.0,388.0,0.0,0.0,0.0,0.0,2026-04,2026-04.xlsx,701.0
595,Mumbai,Patna,21050.0,14100.0,117.10225,19.4565,11.865972,3.697,2026-04,2026-04.xlsx,35150.0
596,Mumbai,Porbandar,181.0,187.0,0.0,0.0,0.0,0.0,2026-04,2026-04.xlsx,368.0
597,Mumbai,Raipur,11178.0,10363.0,68.526,32.793,14.419,2.847,2026-04,2026-04.xlsx,21541.0
598,Mumbai,Rajahmundry,1878.0,1697.0,0.833,9.886,0.0,0.0,2026-04,2026-04.xlsx,3575.0
599,Mumbai,Ranchi,11135.0,9701.0,79.79483,7.642,2.388,0.0,2026-04,2026-04.xlsx,20836.0
600,Mumbai,Solapur,520.0,512.0,0.0,0.0,0.0,0.0,2026-04,2026-04.xlsx,1032.0
601,Mumbai,Srinagar,16482.0,12307.0,49.01375,28.3615,4.73908,1.268,2026-04,2026-04.xlsx,28789.0
602,Mumbai,Thiruvananthapuram,13399.0,11394.0,23.2170905,1.5895,5.81683,2.22767,2026-04,2026-04.xlsx,24793.0
603,Mumbai,Tiruchirappalli,2321.0,1951.0,0.277,0.0,0.0,0.0,2026-04,2026-04.xlsx,4272.0
604,Mumbai,Udaipur,29153.0,24228.0,23.981,2.03,0.0,0.0,2026-04,2026-04.xlsx,53381.0
605,Mumbai,Vadodara,11590.0,12610.0,35.211944,0.0,3.91854,0.0,2026-04,2026-04.xlsx,24200.0
606,Mumbai,Varanasi,38156.0,26006.0,73.1164474,30.27642,4.88633,0.9479,2026-04,2026-04.xlsx,64162.0
607,Mumbai,Vijaywada,5213.0,5609.0,31.805,8.264,5.75688,0.056,2026-04,2026-04.xlsx,10822.0
608,Mumbai,Nagpur,3537.0,4157.0,16.233,0.002,0.04,0.0,2026-04,2026-04.xlsx,7694.0
609,Mumbai,Patna,4555.0,2455.0,7.697,0.013,0.0,0.0,2026-04,2026-04.xlsx,7010.0
610,Mumbai,Raipur,4164.0,3672.0,4.971,0.0,0.0,0.0,2026-04,2026-04.xlsx,7836.0
611,Mumbai,Srinagar,3145.0,3350.0,2.081,0.0,0.0,0.0,2026-04,2026-04.xlsx,6495.0
612,Mumbai,Thiruvananthapuram,2745.0,2937.0,1.607,0.022,0.0,0.0,2026-04,2026-04.xlsx,5682.0
613,Mumbai,Tirupati,4309.0,4202.0,0.402,3.382,0.01,0.0,2026-04,2026-04.xlsx,8511.0
614,Mumbai,Vadodara,2067.0,2063.0,0.528,0.0,0.0,0.0,2026-04,2026-04.xlsx,4130.0
615,Mumbai,Varanasi,14938.0,9134.0,2.7283,0.0,0.0,0.0,2026-04,2026-04.xlsx,24072.0
616,Mumbai,Vishakhapatnam (Visakhapatnam),4084.0,3899.0,1.131,6.893,0.637,0.0,2026-04,2026-04.xlsx,7983.0
617,Nagpur,Nanded,947.0,913.0,0.0,0.0,0.0,0.0,2026-04,2026-04.xlsx,1860.0
618,Nagpur,Pune,10801.0,12928.0,10.253,36.53,9.048,3.366,2026-04,2026-04.xlsx,23729.0
619,Nanded,Pune,1271.0,1238.0,0.0,0.0,0.0,0.0,2026-04,2026-04.xlsx,2509.0
620,Pasighat,Shillong,20.0,44.0,0.0,0.0,0.0,0.0,2026-04,2026-04.xlsx,64.0
621,Patna,Pune,2843.0,4731.0,0.154,20.153,1.082,1.42,2026-04,2026-04.xlsx,7574.0
622,Patna,Ranchi,2843.0,2577.0,0.44,0.73,1.447,0.0,2026-04,2026-04.xlsx,5420.0
623,Patna,Varanasi,0.0,168.0,0.0,0.0,0.0,0.0,2026-04,2026-04.xlsx,168.0
624,Pondicherry (Puducherry),Rajahmundry,34.0,19.0,0.0,0.0,0.0,0.0,2026-04,2026-04.xlsx,53.0
625,Port Blair,Vishakhapatnam (Visakhapatnam),1655.0,1726.0,0.052,0.498,0.0,0.0,2026-04,2026-04.xlsx,3381.0
626,Pune,Raipur,4794.0,4117.0,15.01,8.279,1.889,0.789,2026-04,2026-04.xlsx,8911.0
627,Pune,Ranchi,4972.0,4715.0,29.621,14.617,0.55,0.215,2026-04,2026-04.xlsx,9687.0
628,Pune,Surat,2513.0,2109.0,18.843,8.744,0.34,0.023,2026-04,2026-04.xlsx,4622.0
629,Pune,Udaipur,107.0,31.0,0.0,0.0,0.0,0.0,2026-04,2026-04.xlsx,138.0
630,Pune,Vadodara,1769.0,1502.0,0.428,0.0,0.047,0.0,2026-04,2026-04.xlsx,3271.0
631,Pune,Varanasi,7890.0,5534.0,1.458,0.21379,0.118,0.0,2026-04,2026-04.xlsx,13424.0
632,Raipur,Rewa,287.0,280.0,0.0,0.0,0.0,0.0,2026-04,2026-04.xlsx,567.0
633,Rajahmundry,Tirupati,160.0,86.0,0.0,0.0,0.0,0.0,2026-04,2026-04.xlsx,246.0
634,Shivamogga,Tirupati,1355.0,960.0,0.0,0.0,0.0,0.0,2026-04,2026-04.xlsx,2315.0
635,Tirupati,Vijaywada,429.0,702.0,0.0,0.0,0.0,0.0,2026-04,2026-04.xlsx,1131.0
636,Tirupati,Vishakhapatnam (Visakhapatnam),1803.0,1724.0,0.002,0.005,0.0,0.203,2026-04,2026-04.xlsx,3527.0
637,Varanasi,Vishakhapatnam (Visakhapatnam),804.0,605.0,0.129,0.302,0.0,0.001,2026-04,2026-04.xlsx,1409.0
638,Vijaywada,Vishakhapatnam (Visakhapatnam),4568.0,3522.0,0.064,1.301,0.0,1.323,2026-04,2026-04.xlsx,8090.0
1,Adampur,Ghaziabad,1007.0,1300.0,0.0,0.0,0.0,0.0,2026-05,2026-05.xlsx,2307.0
2,Adampur,Mumbai,5021.0,5006.0,0.0,0.398,0.0,0.0,2026-05,2026-05.xlsx,10027.0
3,Adampur,Nanded,321.0,0.0,0.0,0.0,0.0,0.0,2026-05,2026-05.xlsx,321.0
4,Agartala,Bagdogra,3523.0,3570.0,0.019,4.98925,0.0,0.0,2026-05,2026-05.xlsx,7093.0
5,Agartala,Bengaluru,4225.0,3276.0,3.291,18.498,0.0,0.691,2026-05,2026-05.xlsx,7501.0
6,Agartala,Delhi,7553.0,7025.0,1.459,38.728,2.089,1.854,2026-05,2026-05.xlsx,14578.0
7,Agartala,Dibrugarh,603.0,233.0,0.001,0.133,0.0,0.0,2026-05,2026-05.xlsx,836.0
8,Agartala,Guwahati,11706.0,11151.0,8.248,67.048,2.647,6.33456,2026-05,2026-05.xlsx,22857.0
9,Agartala,Hyderabad,3931.0,3847.0,0.0,6.999,0.0,0.0,2026-05,2026-05.xlsx,7778.0
10,Agartala,Imphal,1320.0,1275.0,9.362,0.055,0.0,0.0,2026-05,2026-05.xlsx,2595.0
11,Agartala,Jaipur,88.0,82.0,0.0,0.0,0.0,0.0,2026-05,2026-05.xlsx,170.0
12,Agartala,Kolkata,35840.0,41928.0,17.4455,353.53313,3.881,0.59,2026-05,2026-05.xlsx,77768.0
13,Agartala,Silchar,483.0,182.0,0.126,0.0,0.0,0.0,2026-05,2026-05.xlsx,665.0
14,Agatti Island,Bengaluru,763.0,966.0,0.0,0.012,0.0,0.0,2026-05,2026-05.xlsx,1729.0
15,Agatti Island,"Goa (Mopa, North Goa)",1564.0,1684.0,0.0,0.0,0.0,0.0,2026-05,2026-05.xlsx,3248.0
16,Agatti Island,Kochi,4368.0,5639.0,0.0,0.017,0.0,0.0,2026-05,2026-05.xlsx,10007.0
17,Agra,Bengaluru,5469.0,5215.0,17.565,8.464,0.0,0.0,2026-05,2026-05.xlsx,10684.0
18,Agra,Hyderabad,2939.0,2896.0,5.239,0.171,0.0,0.0,2026-05,2026-05.xlsx,5835.0
19,Agra,Mumbai,2210.0,2303.0,3.812,1.06,0.0,0.0,2026-05,2026-05.xlsx,4513.0
20,Ahmedabad,Amritsar,4409.0,3986.0,0.877,0.015,0.0,0.0,2026-05,2026-05.xlsx,8395.0
21,Ahmedabad,Ayodhya,5939.0,5793.0,0.002,0.0,0.0,0.0,2026-05,2026-05.xlsx,11732.0
22,Ahmedabad,Bagdogra,7560.0,7780.0,4.559,31.89514,0.0,0.235,2026-05,2026-05.xlsx,15340.0
23,Ahmedabad,Bengaluru,60783.0,55172.0,512.80650002,537.26502,2.281,8.288,2026-05,2026-05.xlsx,115955.0
24,Ahmedabad,Bhopal,2204.0,2243.0,0.052,0.003,1.447,0.614,2026-05,2026-05.xlsx,4447.0
25,Ahmedabad,Bhubaneswar,5275.0,5243.0,24.281,8.954,3.801,0.758,2026-05,2026-05.xlsx,10518.0
26,Ahmedabad,Chandigarh,18440.0,16455.0,68.2166,34.7475,2.685,1.51,2026-05,2026-05.xlsx,34895.0
27,Ahmedabad,Chennai,19164.0,15649.0,187.254,274.257,2.209,6.557,2026-05,2026-05.xlsx,34813.0
28,Ahmedabad,Coimbatore,2184.0,1582.0,13.858,2.132,0.0,0.003,2026-05,2026-05.xlsx,3766.0
29,Ahmedabad,Dehradun,10132.0,9313.0,8.171,2.309,0.755,0.525,2026-05,2026-05.xlsx,19445.0
30,Ahmedabad,Delhi,113540.0,110248.0,1576.4561599,1474.66407,11.2932,51.880786,2026-05,2026-05.xlsx,223788.0
31,Ahmedabad,Dibrugarh,106.0,181.0,2.101,4.744,0.0,0.042,2026-05,2026-05.xlsx,287.0
32,Ahmedabad,Diu,2340.0,2137.0,0.111,0.0,0.0,0.0,2026-05,2026-05.xlsx,4477.0
33,Ahmedabad,"Goa (Dabolim, South Goa)",12266.0,12587.0,4.573,16.895,0.0,0.208,2026-05,2026-05.xlsx,24853.0
34,Ahmedabad,"Goa (Mopa, North Goa)",5716.0,5651.0,2.241,9.992,0.0,0.0,2026-05,2026-05.xlsx,11367.0
35,Ahmedabad,Guwahati,5139.0,5169.0,21.601,14.618,0.871,0.003,2026-05,2026-05.xlsx,10308.0
36,Ahmedabad,Hyderabad,29859.0,23847.0,181.979,144.854,1.905,2.969,2026-05,2026-05.xlsx,53706.0
37,Ahmedabad,Indore,4253.0,4114.0,0.238,0.032,0.485,1.412,2026-05,2026-05.xlsx,8367.0
38,Ahmedabad,Jabalpur,175.0,0.0,0.0,0.0,0.0,0.0,2026-05,2026-05.xlsx,175.0
39,Ahmedabad,Jaipur,7901.0,7775.0,0.457,10.363,1.659,0.0,2026-05,2026-05.xlsx,15676.0
40,Ahmedabad,Jalgaon,843.0,672.0,0.0,0.0,0.0,0.0,2026-05,2026-05.xlsx,1515.0
41,Ahmedabad,Jammu,5422.0,3672.0,5.156,0.0,0.0,0.0,2026-05,2026-05.xlsx,9094.0
42,Ahmedabad,Jamnagar,951.0,954.0,0.0,0.0,0.0,0.0,2026-05,2026-05.xlsx,1905.0
43,Ahmedabad,Jodhpur,1301.0,1649.0,0.0,0.0,0.0,0.0,2026-05,2026-05.xlsx,2950.0
44,Ahmedabad,Keshod,102.0,69.0,0.0,0.0,0.0,0.0,2026-05,2026-05.xlsx,171.0
45,Ahmedabad,Kishangarh,1334.0,1809.0,0.11,0.0,0.0,0.0,2026-05,2026-05.xlsx,3143.0
46,Ahmedabad,Kochi,6878.0,5516.0,49.534,18.448,1.277,2.384,2026-05,2026-05.xlsx,12394.0
47,Ahmedabad,Kolkata,21074.0,21883.0,233.53654,197.205,3.665,4.58626,2026-05,2026-05.xlsx,42957.0
48,Ahmedabad,Lucknow,9475.0,10714.0,58.367,42.692,4.111,1.637,2026-05,2026-05.xlsx,20189.0
49,Ahmedabad,Mumbai,104366.0,91161.0,795.82455,884.481860332,18.7545,47.241855,2026-05,2026-05.xlsx,195527.0
50,Ahmedabad,Mumbai,8848.0,6146.0,5.066,12.894,0.39,0.0,2026-05,2026-05.xlsx,14994.0
51,Ahmedabad,Nagpur,4245.0,4222.0,0.017,0.047,0.982,3.544,2026-05,2026-05.xlsx,8467.0
52,Ahmedabad,Nanded,1626.0,1421.0,0.0,0.0,0.0,0.0,2026-05,2026-05.xlsx,3047.0
53,Ahmedabad,Nashik,2124.0,1906.0,0.003,0.002,0.0,0.0,2026-05,2026-05.xlsx,4030.0
54,Ahmedabad,Patna,5442.0,5397.0,38.999,23.357,3.308,2.178,2026-05,2026-05.xlsx,10839.0
55,Ahmedabad,Pune,28392.0,27829.0,82.4355,173.85615,5.343,1.9125,2026-05,2026-05.xlsx,56221.0
56,Ahmedabad,Purnea,2651.0,2655.0,0.0,0.0,0.0,0.0,2026-05,2026-05.xlsx,5306.0
57,Ahmedabad,Raipur,5019.0,4904.0,27.401,0.568,1.133,0.791,2026-05,2026-05.xlsx,9923.0
58,Ahmedabad,Ranchi,4959.0,5109.0,17.764,16.55,1.329,0.989,2026-05,2026-05.xlsx,10068.0
59,Ahmedabad,Srinagar,5606.0,4431.0,0.915,1.246,1.11,0.0,2026-05,2026-05.xlsx,10037.0
60,Ahmedabad,Udaipur,147.0,0.0,0.0,0.0,0.0,0.0,2026-05,2026-05.xlsx,147.0
61,Ahmedabad,Varanasi,6235.0,6623.0,7.962,5.373,1.643,0.0,2026-05,2026-05.xlsx,12858.0
62,Ahmedabad,Vishakhapatnam (Visakhapatnam),129.0,181.0,3.191,6.338,0.0,0.0,2026-05,2026-05.xlsx,310.0
63,Aizawl,Chandigarh,1.0,0.0,0.032,0.0,0.0,0.0,2026-05,2026-05.xlsx,1.0
64,Aizawl,Delhi,5313.0,6393.0,16.109,22.036,0.058,0.414,2026-05,2026-05.xlsx,11706.0
65,Aizawl,Guwahati,4029.0,5068.0,0.111,8.299,5.424,10.356,2026-05,2026-05.xlsx,9097.0
66,Aizawl,Kolkata,5154.0,5159.0,10.469,7.752,14.369,2.332,2026-05,2026-05.xlsx,10313.0
67,Aizawl,Lucknow,29.0,43.0,0.0,0.0,0.0,0.0,2026-05,2026-05.xlsx,72.0
68,Aizawl,Shillong,83.0,43.0,0.0,0.0,0.0,0.0,2026-05,2026-05.xlsx,126.0
69,Allahabad (Prayagraj),Bengaluru,3085.0,2381.0,0.067,0.922,0.529,0.608,2026-05,2026-05.xlsx,5466.0
70,Allahabad (Prayagraj),Bhubaneswar,833.0,942.0,0.0,0.0,0.0,0.143,2026-05,2026-05.xlsx,1775.0
71,Allahabad (Prayagraj),Bilaspur,169.0,189.0,0.0,0.0,0.0,0.0,2026-05,2026-05.xlsx,358.0
72,Allahabad (Prayagraj),Delhi,4472.0,4280.0,0.015,1.621,1.011,16.798,2026-05,2026-05.xlsx,8752.0
73,Allahabad (Prayagraj),Hyderabad,2890.0,2761.0,0.147,0.382,0.71,0.609,2026-05,2026-05.xlsx,5651.0
74,Allahabad (Prayagraj),Mumbai,10956.0,10558.0,0.006,1.398,0.854,4.82,2026-05,2026-05.xlsx,21514.0
75,Allahabad (Prayagraj),Mumbai,0.0,154.0,0.0,0.0,0.0,0.0,2026-05,2026-05.xlsx,154.0
76,Ambikapur,Bilaspur,284.0,329.0,0.0,0.0,0.0,0.0,2026-05,2026-05.xlsx,613.0
77,Ambikapur,Delhi,234.0,190.0,0.0,0.0,0.0,0.0,2026-05,2026-05.xlsx,424.0
78,Ambikapur,Kolkata,144.0,87.0,0.0,0.0,0.0,0.0,2026-05,2026-05.xlsx,231.0
79,Amravati,Mumbai,919.0,780.0,0.0,0.0,0.0,0.0,2026-05,2026-05.xlsx,1699.0
80,Amritsar,Bengaluru,6352.0,4564.0,60.978,4.311,0.0,3.56,2026-05,2026-05.xlsx,10916.0
81,Amritsar,Delhi,45678.0,41633.0,74.586,41.9295,0.0,0.09433,2026-05,2026-05.xlsx,87311.0
82,Amritsar,Guwahati,85.0,93.0,0.0,0.0,0.0,0.004,2026-05,2026-05.xlsx,178.0
83,Amritsar,Jaipur,192.0,0.0,0.0,0.0,0.0,0.0,2026-05,2026-05.xlsx,192.0
84,Amritsar,Kochi,246.0,230.0,0.011,0.007,0.0,0.0,2026-05,2026-05.xlsx,476.0
85,Amritsar,Kolkata,2013.0,2055.0,0.0,0.27,0.0,0.0,2026-05,2026-05.xlsx,4068.0
86,Amritsar,Kullu,28.0,15.0,0.0,0.0,0.0,0.0,2026-05,2026-05.xlsx,43.0
87,Amritsar,Mumbai,19573.0,20190.0,5.067,32.39804,0.0,3.155251,2026-05,2026-05.xlsx,39763.0
88,Amritsar,Pune,4966.0,4826.0,0.628,1.501,0.0,0.0,2026-05,2026-05.xlsx,9792.0
89,Amritsar,Srinagar,4932.0,4739.0,5.551,0.001,0.0,0.058,2026-05,2026-05.xlsx,9671.0
90,Aurangabad,Bengaluru,2648.0,2324.0,0.0,2.548,0.0,0.205,2026-05,2026-05.xlsx,4972.0
91,Aurangabad,Chennai,15.0,0.0,0.0,0.0,0.0,0.0,2026-05,2026-05.xlsx,15.0
92,Aurangabad,Delhi,14842.0,14975.0,0.0,100.047,0.15,28.1041,2026-05,2026-05.xlsx,29817.0
93,Aurangabad,"Goa (Dabolim, South Goa)",953.0,909.0,0.0,0.0,0.0,0.0,2026-05,2026-05.xlsx,1862.0
94,Aurangabad,Hyderabad,2960.0,2195.0,0.0,0.169,0.0,0.992,2026-05,2026-05.xlsx,5155.0
95,Aurangabad,Mumbai,3971.0,3534.0,0.0,4.096,0.364,20.27,2026-05,2026-05.xlsx,7505.0
96,Aurangabad,Mumbai,2267.0,2852.0,0.0,4.214,0.0,0.0,2026-05,2026-05.xlsx,5119.0
97,Ayodhya,Bengaluru,2818.0,2631.0,0.0,0.019,0.0,0.0,2026-05,2026-05.xlsx,5449.0
98,Ayodhya,Delhi,15912.0,16090.0,0.0,0.95,0.0,0.0,2026-05,2026-05.xlsx,32002.0
99,Ayodhya,Hisar,121.0,321.0,0.0,0.0,0.0,0.0,2026-05,2026-05.xlsx,442.0
100,Ayodhya,Hyderabad,3245.0,3170.0,0.0,0.001,0.0,0.0,2026-05,2026-05.xlsx,6415.0
101,Ayodhya,Mumbai,6660.0,6348.0,0.0,0.0,0.0,0.0,2026-05,2026-05.xlsx,13008.0
102,Bagdogra,Bengaluru,36146.0,30383.0,149.812660001,101.12735,0.02764,4.7533,2026-05,2026-05.xlsx,66529.0
103,Bagdogra,Chandigarh,205.0,0.0,0.0,0.0,0.0,0.0,2026-05,2026-05.xlsx,205.0
104,Bagdogra,Chennai,9596.0,9313.0,23.694500001,7.428999999,1.313,1.074,2026-05,2026-05.xlsx,18909.0
105,Bagdogra,Delhi,65201.0,66556.0,216.43421004,235.964,5.491,1.643,2026-05,2026-05.xlsx,131757.0
106,Bagdogra,Dibrugarh,4253.0,3278.0,2.535500001,0.03,0.0,0.0,2026-05,2026-05.xlsx,7531.0
107,Bagdogra,Guwahati,0.0,1805.0,0.0,3.174,0.0,0.05624,2026-05,2026-05.xlsx,1805.0
108,Bagdogra,Hyderabad,16625.0,16570.0,65.443500002,13.617000002,0.714,0.281,2026-05,2026-05.xlsx,33195.0
109,Bagdogra,Imphal,4504.0,3750.0,31.186531,0.0,0.0,0.0,2026-05,2026-05.xlsx,8254.0
110,Bagdogra,Kolkata,31148.0,32140.0,47.024914,62.42751999,8.108,5.13,2026-05,2026-05.xlsx,63288.0
111,Bagdogra,Mumbai,27832.0,27301.0,125.755776,92.022929999,1.544,5.16177,2026-05,2026-05.xlsx,55133.0
112,Bagdogra,Mumbai,7651.0,7227.0,6.592,2.555,0.0,0.0,2026-05,2026-05.xlsx,14878.0
113,Bagdogra,Pune,3584.0,3361.0,5.828000001,2.286999999,0.0,0.0,2026-05,2026-05.xlsx,6945.0
114,Bareilly,Bengaluru,2229.0,2156.0,0.0,0.677,0.0,0.0,2026-05,2026-05.xlsx,4385.0
115,Bareilly,Coimbatore,153.0,0.0,0.0,0.0,0.0,0.0,2026-05,2026-05.xlsx,153.0
116,Bareilly,Mumbai,3007.0,2978.0,0.0,0.067,0.0,0.0,2026-05,2026-05.xlsx,5985.0
117,Bathinda,Delhi,279.0,271.0,0.0,0.0,0.0,0.0,2026-05,2026-05.xlsx,550.0
118,Belgaum,Bengaluru,4255.0,3887.0,0.015,0.211,0.0,0.0,2026-05,2026-05.xlsx,8142.0
119,Belgaum,Delhi,5300.0,5005.0,0.046,2.088,0.0,0.0,2026-05,2026-05.xlsx,10305.0
120,Belgaum,Hyderabad,1759.0,2226.0,0.016,0.003,0.0,0.0,2026-05,2026-05.xlsx,3985.0
121,Belgaum,Mumbai,1288.0,1288.0,0.0,0.0,0.0,0.0,2026-05,2026-05.xlsx,2576.0
122,Belgaum,Mumbai,1352.0,1159.0,0.002,0.0,0.0,0.0,2026-05,2026-05.xlsx,2511.0
123,Bengaluru,Bhopal,11744.0,13138.0,40.183,15.0,6.997,2.379,2026-05,2026-05.xlsx,24882.0
124,Bengaluru,Bhubaneswar,36729.0,42778.0,178.27541999,31.661356002,11.6863,0.0,2026-05,2026-05.xlsx,79507.0
125,Bengaluru,Chandigarh,26727.0,27722.0,303.28646584,336.33233332,5.996,0.112,2026-05,2026-05.xlsx,54449.0
126,Bengaluru,Chennai,58848.0,64780.0,604.32805448,587.3686816,20.42,26.401,2026-05,2026-05.xlsx,123628.0
127,Bengaluru,Coimbatore,22756.0,24283.0,27.718,16.604,8.854,3.36,2026-05,2026-05.xlsx,47039.0
128,Bengaluru,Darbhanga,5730.0,6348.0,0.189,28.257,0.0,0.186,2026-05,2026-05.xlsx,12078.0
129,Bengaluru,Dehradun,14139.0,15167.0,17.554,11.338,5.073,1.017,2026-05,2026-05.xlsx,29306.0
130,Bengaluru,Delhi,201571.0,238750.0,3461.77510332,3355.3741178,21.23254,59.530338,2026-05,2026-05.xlsx,440321.0
131,Bengaluru,Deoghar,4882.0,6823.0,0.141,0.0,0.0,0.0,2026-05,2026-05.xlsx,11705.0
132,Bengaluru,Dibrugarh,310.0,280.0,0.011,0.0,0.0,0.0,2026-05,2026-05.xlsx,590.0
133,Bengaluru,Durgapur,3981.0,5452.0,1.921,29.069,0.0,0.0,2026-05,2026-05.xlsx,9433.0
134,Bengaluru,Ghaziabad,4381.0,5453.0,0.179,0.0,0.0,0.0,2026-05,2026-05.xlsx,9834.0
135,Bengaluru,"Goa (Dabolim, South Goa)",48014.0,49969.0,37.85385,59.261549998,1.253,1.11,2026-05,2026-05.xlsx,97983.0
136,Bengaluru,"Goa (Mopa, North Goa)",21726.0,22270.0,4.852,34.122800002,0.002,0.137,2026-05,2026-05.xlsx,43996.0
137,Bengaluru,Gorakhpur,10238.0,11025.0,63.1872,23.005,7.48815,0.0,2026-05,2026-05.xlsx,21263.0
138,Bengaluru,Guwahati,37761.0,38463.0,191.58441998,58.50814,21.4286,5.65137,2026-05,2026-05.xlsx,76224.0
139,Bengaluru,Gwalior,1825.0,1897.0,0.0,0.0,0.0,0.0,2026-05,2026-05.xlsx,3722.0
140,Bengaluru,Hirasar (Rajkot),4822.0,5271.0,14.769,5.425,2.232,0.0,2026-05,2026-05.xlsx,10093.0
141,Bengaluru,Hubli,4941.0,5750.0,0.693,0.982,0.71,1.543,2026-05,2026-05.xlsx,10691.0
142,Bengaluru,Hyderabad,87406.0,95356.0,333.65036592,262.0793536,28.4,13.93,2026-05,2026-05.xlsx,182762.0
143,Bengaluru,Imphal,756.0,438.0,3.029,13.613,0.024,0.0,2026-05,2026-05.xlsx,1194.0
144,Bengaluru,Indore,18346.0,22685.0,153.103950002,90.4945,3.189,1.644,2026-05,2026-05.xlsx,41031.0
145,Bengaluru,Jabalpur,4753.0,5380.0,1.095,0.091,3.446,0.0,2026-05,2026-05.xlsx,10133.0
146,Bengaluru,Jaipur,28196.0,38621.0,176.77624,338.02614384,8.141,1.459,2026-05,2026-05.xlsx,66817.0
147,Bengaluru,Jammu,2890.0,2961.0,2.935,0.0,0.187,0.0,2026-05,2026-05.xlsx,5851.0
148,Bengaluru,Jharsuguda,5882.0,6830.0,0.316,0.0,0.0,0.0,2026-05,2026-05.xlsx,12712.0
149,Bengaluru,Jodhpur,3145.0,3115.0,0.93,0.039,1.352,1.0,2026-05,2026-05.xlsx,6260.0
150,Bengaluru,Kannur,3345.0,3154.0,0.032,0.0,0.0,0.0,2026-05,2026-05.xlsx,6499.0
151,Bengaluru,Kanpur,2934.0,3069.0,3.754,0.571,0.192,0.0,2026-05,2026-05.xlsx,6003.0
152,Bengaluru,Kochi,58320.0,60323.0,155.94288624,93.72242376,26.653,12.257,2026-05,2026-05.xlsx,118643.0
153,Bengaluru,Kolhapur,1913.0,1868.0,0.022,0.307,0.0,0.0,2026-05,2026-05.xlsx,3781.0
154,Bengaluru,Kolkata,94052.0,104279.0,498.49051359,907.09595027,19.8378,3.26077,2026-05,2026-05.xlsx,198331.0
155,Bengaluru,Kozhikode,19779.0,20040.0,18.206279999,0.198,0.714,0.0,2026-05,2026-05.xlsx,39819.0
156,Bengaluru,Kurnool,252.0,249.0,0.179,0.0,0.0,0.0,2026-05,2026-05.xlsx,501.0
157,Bengaluru,Lucknow,40135.0,49978.0,189.580735979,183.24131292,16.07389,2.697,2026-05,2026-05.xlsx,90113.0
158,Bengaluru,Madurai,9452.0,9113.0,0.419,1.417,1.239,1.502,2026-05,2026-05.xlsx,18565.0
159,Bengaluru,Malvan,1595.0,1467.0,0.0,0.0,0.0,0.0,2026-05,2026-05.xlsx,3062.0
160,Bengaluru,Mangalore (Mangaluru),36123.0,43181.0,6.260299998,24.206012498,6.856,151.889,2026-05,2026-05.xlsx,79304.0
161,Bengaluru,Mumbai,148739.0,179677.0,1510.9153999,1703.693487944,16.86267,37.915699,2026-05,2026-05.xlsx,328416.0
162,Bengaluru,Mumbai,30031.0,36857.0,8.687,121.659500002,0.0,0.0,2026-05,2026-05.xlsx,66888.0
163,Bengaluru,Nagpur,24926.0,33803.0,99.76803,42.01723,4.739,4.187,2026-05,2026-05.xlsx,58729.0
164,Bengaluru,Nanded,1982.0,2304.0,0.0,0.0,0.0,0.0,2026-05,2026-05.xlsx,4286.0
165,Bengaluru,Nashik,4652.0,5429.0,0.658,4.208,0.823,0.14,2026-05,2026-05.xlsx,10081.0
166,Bengaluru,Patna,27545.0,31249.0,117.253999,88.8165,17.39,2.373,2026-05,2026-05.xlsx,58794.0
167,Bengaluru,Pondicherry (Puducherry),3161.0,3508.0,0.106,0.0,0.0,0.0,2026-05,2026-05.xlsx,6669.0
168,Bengaluru,Port Blair,16291.0,17051.0,101.5082917,33.993,1.34,0.945,2026-05,2026-05.xlsx,33342.0
169,Bengaluru,Pune,80415.0,89527.0,581.81123366,368.590517112,13.7461,4.63,2026-05,2026-05.xlsx,169942.0
170,Bengaluru,Raipur,10106.0,12870.0,44.265,3.053,6.365,1.69,2026-05,2026-05.xlsx,22976.0
171,Bengaluru,Rajahmundry,2094.0,2323.0,0.321,0.001,0.0,0.0,2026-05,2026-05.xlsx,4417.0
172,Bengaluru,Ranchi,19155.0,20555.0,105.07016003,48.291199999,2.656,1.569,2026-05,2026-05.xlsx,39710.0
173,Bengaluru,Salem,2197.0,2316.0,0.022,0.0,0.0,0.0,2026-05,2026-05.xlsx,4513.0
174,Bengaluru,Shirdi,6660.0,6648.0,0.286,2.396,0.0,0.0,2026-05,2026-05.xlsx,13308.0
175,Bengaluru,Silchar,651.0,383.0,0.207,0.003,0.0,0.0,2026-05,2026-05.xlsx,1034.0
176,Bengaluru,Srinagar,10581.0,10095.0,6.89533,46.893000001,1.169,0.537,2026-05,2026-05.xlsx,20676.0
177,Bengaluru,Surat,15627.0,17229.0,71.621,142.571126744,2.073,2.411,2026-05,2026-05.xlsx,32856.0
178,Bengaluru,Thiruvananthapuram,36865.0,35903.0,29.198200002,19.516479003,10.462,5.32,2026-05,2026-05.xlsx,72768.0
179,Bengaluru,Tiruchirappalli,7317.0,6634.0,0.364200001,0.2965,0.746,0.0,2026-05,2026-05.xlsx,13951.0
180,Bengaluru,Tirupati,1964.0,2271.0,0.027,0.0,0.704,0.0,2026-05,2026-05.xlsx,4235.0
181,Bengaluru,Tuticorin,2319.0,2301.0,0.02,0.0,0.0,0.0,2026-05,2026-05.xlsx,4620.0
182,Bengaluru,Udaipur,6158.0,6808.0,18.643,29.847,0.0,0.0,2026-05,2026-05.xlsx,12966.0
183,Bengaluru,Vadodara,4708.0,5336.0,31.992,0.0,3.797,0.0,2026-05,2026-05.xlsx,10044.0
184,Bengaluru,Varanasi,31197.0,43638.0,49.013,57.66046908,4.766,0.177,2026-05,2026-05.xlsx,74835.0
185,Bengaluru,Vidyanagar,984.0,1385.0,0.0,0.0,0.0,0.0,2026-05,2026-05.xlsx,2369.0
186,Bengaluru,Vijaywada,11923.0,13872.0,11.60788,0.3845,2.553,0.381,2026-05,2026-05.xlsx,25795.0
187,Bengaluru,Vishakhapatnam (Visakhapatnam),20778.0,22097.0,93.75166998,16.435623222,5.529,0.815,2026-05,2026-05.xlsx,42875.0
188,Bhavnagar,Mumbai,2687.0,2243.0,0.0,0.001,0.0,0.0,2026-05,2026-05.xlsx,4930.0
189,Bhopal,Delhi,30630.0,28654.0,21.0725,107.4905,21.57631,24.505478,2026-05,2026-05.xlsx,59284.0
190,Bhopal,Hyderabad,4247.0,4026.0,0.0,1.24,0.726,2.253,2026-05,2026-05.xlsx,8273.0
191,Bhopal,Indore,27.0,57.0,0.0,0.0,0.0,0.0,2026-05,2026-05.xlsx,84.0
192,Bhopal,Lucknow,152.0,0.0,0.0,0.0,0.0,0.0,2026-05,2026-05.xlsx,152.0
193,Bhopal,Mumbai,16601.0,15461.0,9.6985,33.97,7.04329,21.463251,2026-05,2026-05.xlsx,32062.0
194,Bhopal,Mumbai,3799.0,3828.0,0.315,3.645,0.0,0.0,2026-05,2026-05.xlsx,7627.0
195,Bhopal,Pune,5343.0,5143.0,0.0,1.981,0.0,0.835,2026-05,2026-05.xlsx,10486.0
196,Bhopal,Raipur,2127.0,2115.0,0.002,0.003,0.966,0.0,2026-05,2026-05.xlsx,4242.0
197,Bhubaneswar,Chandigarh,1203.0,1149.0,0.029,11.026,0.222,0.0,2026-05,2026-05.xlsx,2352.0
198,Bhubaneswar,Chennai,9984.0,7843.0,1.077,42.109,1.731,6.54,2026-05,2026-05.xlsx,17827.0
199,Bhubaneswar,Coimbatore,2.0,0.0,0.0,0.0,0.0,0.0,2026-05,2026-05.xlsx,2.0
200,Bhubaneswar,Delhi,50871.0,49888.0,50.011864987,391.15669998,6.996898,33.829808,2026-05,2026-05.xlsx,100759.0
201,Bhubaneswar,Dimapur,91.0,54.0,0.0,0.014,0.0,0.0,2026-05,2026-05.xlsx,145.0
202,Bhubaneswar,Guwahati,5010.0,5231.0,36.979,2.379,0.6,0.791,2026-05,2026-05.xlsx,10241.0
203,Bhubaneswar,Hyderabad,23578.0,21847.0,23.714,49.142,4.591,6.358,2026-05,2026-05.xlsx,45425.0
204,Bhubaneswar,Jamshedpur,51.0,73.0,0.0,0.0,0.0,0.0,2026-05,2026-05.xlsx,124.0
205,Bhubaneswar,Jeypore,459.0,456.0,0.0,0.0,0.0,0.0,2026-05,2026-05.xlsx,915.0
206,Bhubaneswar,Jharsuguda,432.0,418.0,0.0,0.0,0.0,0.0,2026-05,2026-05.xlsx,850.0
207,Bhubaneswar,Jorhat,0.0,20.0,0.0,0.0,0.0,0.0,2026-05,2026-05.xlsx,20.0
208,Bhubaneswar,Kochi,477.0,585.0,0.13,0.533,0.01,0.0,2026-05,2026-05.xlsx,1062.0
209,Bhubaneswar,Kolkata,15219.0,15547.0,43.143,49.139,4.963,4.41,2026-05,2026-05.xlsx,30766.0
210,Bhubaneswar,Lucknow,1945.0,2233.0,1.501,2.906,1.495,0.601,2026-05,2026-05.xlsx,4178.0
211,Bhubaneswar,Mumbai,27595.0,26365.0,31.623500002,147.48315382,3.13,3.798,2026-05,2026-05.xlsx,53960.0
212,Bhubaneswar,Patna,3680.0,3465.0,0.346,2.458,0.726,0.891,2026-05,2026-05.xlsx,7145.0
213,Bhubaneswar,Pune,4848.0,4501.0,1.092154002,20.447869998,0.0,0.0,2026-05,2026-05.xlsx,9349.0
214,Bhubaneswar,Raipur,3253.0,2448.0,0.051,0.055,0.519,0.631,2026-05,2026-05.xlsx,5701.0
215,Bhubaneswar,Ranchi,929.0,925.0,0.0,0.001,0.195,0.165,2026-05,2026-05.xlsx,1854.0
216,Bhubaneswar,Rourkela,57.0,66.0,0.0,0.0,0.0,0.0,2026-05,2026-05.xlsx,123.0
217,Bhubaneswar,Utkela,184.0,251.0,0.0,0.0,0.0,0.0,2026-05,2026-05.xlsx,435.0
218,Bhubaneswar,Varanasi,1273.0,1294.0,0.0,0.0,0.022,0.0,2026-05,2026-05.xlsx,2567.0
219,Bhubaneswar,Vishakhapatnam (Visakhapatnam),1141.0,641.0,0.0,0.0,0.461,0.0,2026-05,2026-05.xlsx,1782.0
220,Bhuj,Delhi,5089.0,5169.0,0.0,0.027,0.0,0.0,2026-05,2026-05.xlsx,10258.0
221,Bhuj,Mumbai,8332.0,7868.0,0.0,0.3225,0.0,0.0,2026-05,2026-05.xlsx,16200.0
222,Bhuj,Surat,92.0,90.0,0.0,0.0,0.0,0.0,2026-05,2026-05.xlsx,182.0
223,Bikaner,Delhi,1955.0,1740.0,0.0,0.123,0.0,0.0,2026-05,2026-05.xlsx,3695.0
224,Bikaner,Jaipur,83.0,94.0,0.0,0.0,0.0,0.0,2026-05,2026-05.xlsx,177.0
225,Bilaspur,Delhi,334.0,453.0,0.0,0.0,0.0,0.0,2026-05,2026-05.xlsx,787.0
226,Bilaspur,Kolkata,154.0,134.0,0.0,0.0,0.0,0.0,2026-05,2026-05.xlsx,288.0
227,Bilaspur,Rewa,29.0,0.0,0.0,0.0,0.0,0.0,2026-05,2026-05.xlsx,29.0
228,Chandigarh,Chennai,6572.0,6015.0,25.893,57.872,1.03,12.284,2026-05,2026-05.xlsx,12587.0
229,Chandigarh,Delhi,39620.0,39795.0,152.0873097,48.1069042,12.557,13.940519,2026-05,2026-05.xlsx,79415.0
230,Chandigarh,Dharamsala,1190.0,951.0,0.0,0.0,0.0,0.0,2026-05,2026-05.xlsx,2141.0
231,Chandigarh,"Goa (Dabolim, South Goa)",5157.0,5354.0,20.651,4.899,0.0,0.014,2026-05,2026-05.xlsx,10511.0
232,Chandigarh,"Goa (Mopa, North Goa)",424.0,0.0,0.0,0.0,0.0,0.0,2026-05,2026-05.xlsx,424.0
233,Chandigarh,Guwahati,910.0,802.0,7.823,0.662,0.0,0.631,2026-05,2026-05.xlsx,1712.0
234,Chandigarh,Hisar,22.0,38.0,0.0,0.0,0.0,0.0,2026-05,2026-05.xlsx,60.0
235,Chandigarh,Hyderabad,16782.0,17202.0,142.626,64.573,1.149,3.861,2026-05,2026-05.xlsx,33984.0
236,Chandigarh,Indore,5173.0,5521.0,35.444,6.63,0.934,1.412,2026-05,2026-05.xlsx,10694.0
237,Chandigarh,Jaipur,4764.0,5548.0,0.0,0.101,0.0,0.0,2026-05,2026-05.xlsx,10312.0
238,Chandigarh,Jammu,1231.0,1001.0,0.555,0.0,0.0,0.0,2026-05,2026-05.xlsx,2232.0
239,Chandigarh,Kolkata,4851.0,4114.0,23.641,9.101,0.0,0.692,2026-05,2026-05.xlsx,8965.0
240,Chandigarh,Leh,1194.0,1199.0,2.354857,0.072,0.12,0.0,2026-05,2026-05.xlsx,2393.0
241,Chandigarh,Lucknow,4169.0,4578.0,28.113,0.842,0.128,3.062,2026-05,2026-05.xlsx,8747.0
242,Chandigarh,Mumbai,33236.0,34701.0,131.7555,176.575634848,4.175,18.37511,2026-05,2026-05.xlsx,67937.0
243,Chandigarh,Mumbai,4629.0,4771.0,4.221,14.766,0.0,0.0,2026-05,2026-05.xlsx,9400.0
244,Chandigarh,Patna,3877.0,3874.0,5.563,3.509,0.858,1.157,2026-05,2026-05.xlsx,7751.0
245,Chandigarh,Pune,6925.0,6772.0,32.231,47.93,0.0,0.0,2026-05,2026-05.xlsx,13697.0
246,Chandigarh,Srinagar,11973.0,9763.0,1.406,2.014,0.427,0.303,2026-05,2026-05.xlsx,21736.0
247,Chandigarh,Udaipur,471.0,425.0,0.001,0.0,0.0,0.0,2026-05,2026-05.xlsx,896.0
248,Chennai,Coimbatore,42511.0,39713.0,66.095,14.922,3.319,8.743,2026-05,2026-05.xlsx,82224.0
249,Chennai,Cuddapah (Kadapa),273.0,641.0,0.008,0.0,0.0,0.0,2026-05,2026-05.xlsx,914.0
250,Chennai,Dehradun,925.0,1174.0,0.87,46.402,1.998,0.552,2026-05,2026-05.xlsx,2099.0
251,Chennai,Delhi,92666.0,100782.0,2235.973775,1604.5847177,37.94634,52.166619,2026-05,2026-05.xlsx,193448.0
252,Chennai,Deoghar,0.0,5.0,0.0,0.0,0.0,0.0,2026-05,2026-05.xlsx,5.0
253,Chennai,Durgapur,3526.0,4785.0,0.36,14.077,0.0,0.0,2026-05,2026-05.xlsx,8311.0
254,Chennai,Ghaziabad,2534.0,2838.0,0.032,0.0,0.0,0.0,2026-05,2026-05.xlsx,5372.0
255,Chennai,"Goa (Dabolim, South Goa)",6598.0,6721.0,11.502,4.823,0.731,0.662,2026-05,2026-05.xlsx,13319.0
256,Chennai,"Goa (Mopa, North Goa)",6676.0,6673.0,12.502,27.162,0.0,0.08,2026-05,2026-05.xlsx,13349.0
257,Chennai,Guwahati,14669.0,15643.0,67.146099998,31.319000002,6.724,3.061,2026-05,2026-05.xlsx,30312.0
258,Chennai,Hyderabad,46635.0,50383.0,485.051,448.749,16.927,21.201,2026-05,2026-05.xlsx,97018.0
259,Chennai,Indore,4055.0,4598.0,90.958,27.811,6.105,1.019,2026-05,2026-05.xlsx,8653.0
260,Chennai,Jabalpur,0.0,9.0,0.0,0.0,0.0,0.0,2026-05,2026-05.xlsx,9.0
261,Chennai,Jaipur,5254.0,6826.0,33.073,61.053,4.92,1.395,2026-05,2026-05.xlsx,12080.0
262,Chennai,Jammu,0.0,13.0,0.0,0.0,0.0,0.0,2026-05,2026-05.xlsx,13.0
263,Chennai,Kannur,1281.0,1201.0,0.038,0.0,0.0,0.0,2026-05,2026-05.xlsx,2482.0
264,Chennai,Kochi,24727.0,20505.0,47.755,18.059,16.392,8.85,2026-05,2026-05.xlsx,45232.0
265,Chennai,Kolkata,53691.0,58141.0,317.04961,360.187665,12.39,3.666,2026-05,2026-05.xlsx,111832.0
266,Chennai,Kozhikode,2315.0,2263.0,0.094,0.008,0.263,0.0,2026-05,2026-05.xlsx,4578.0
267,Chennai,Lucknow,3941.0,3745.0,42.737,10.792,7.954,1.511,2026-05,2026-05.xlsx,7686.0
268,Chennai,Madurai,22679.0,19050.0,15.232,8.726,19.6292,8.65476,2026-05,2026-05.xlsx,41729.0
269,Chennai,Mangalore (Mangaluru),1898.0,1872.0,0.073,0.034,0.488,0.0,2026-05,2026-05.xlsx,3770.0
270,Chennai,Mumbai,84225.0,99508.0,829.3261154,593.9722861,41.79287,33.719717,2026-05,2026-05.xlsx,183733.0
271,Chennai,Mumbai,5659.0,7202.0,10.631,75.978,0.55612,0.0,2026-05,2026-05.xlsx,12861.0
272,Chennai,Mysore,2247.0,1883.0,0.0,0.0,0.0,0.0,2026-05,2026-05.xlsx,4130.0
273,Chennai,Patna,5342.0,5219.0,31.001,15.684,8.885,1.121,2026-05,2026-05.xlsx,10561.0
274,Chennai,Port Blair,22142.0,24203.0,168.01488,118.912,40.37129,8.896,2026-05,2026-05.xlsx,46345.0
275,Chennai,Pune,33413.0,36041.0,601.16921842,272.171078122,4.937,4.306,2026-05,2026-05.xlsx,69454.0
276,Chennai,Raipur,4715.0,4619.0,47.209,10.755,1.934,0.942,2026-05,2026-05.xlsx,9334.0
277,Chennai,Rajahmundry,1700.0,2277.0,0.012,0.009,0.0,0.0,2026-05,2026-05.xlsx,3977.0
278,Chennai,Ranchi,6093.0,6428.0,46.2,14.232,2.209,0.301,2026-05,2026-05.xlsx,12521.0
279,Chennai,Salem,1990.0,1921.0,0.009,0.0,0.0,0.0,2026-05,2026-05.xlsx,3911.0
280,Chennai,Shirdi,6361.0,6317.0,2.549,0.948,0.0,0.0,2026-05,2026-05.xlsx,12678.0
281,Chennai,Shivamogga,1149.0,1231.0,6.87435,2.24,0.0,0.0,2026-05,2026-05.xlsx,2380.0
282,Chennai,Surat,1988.0,3012.0,46.323,28.684,0.207,0.225,2026-05,2026-05.xlsx,5000.0
283,Chennai,Thiruvananthapuram,16067.0,14208.0,18.301,4.827,9.079,4.659,2026-05,2026-05.xlsx,30275.0
284,Chennai,Tiruchirappalli,12938.0,11849.0,0.268,1.305,0.138,0.0,2026-05,2026-05.xlsx,24787.0
285,Chennai,Tuticorin,9216.0,8853.0,0.482,0.101,0.0,0.0,2026-05,2026-05.xlsx,18069.0
286,Chennai,Varanasi,6173.0,6936.0,2.903,22.732,3.303,0.201,2026-05,2026-05.xlsx,13109.0
287,Chennai,Vijaywada,3522.0,4329.0,0.316,0.072,0.0,0.0,2026-05,2026-05.xlsx,7851.0
288,Chennai,Vishakhapatnam (Visakhapatnam),12362.0,15202.0,35.087,22.162,5.767,1.588,2026-05,2026-05.xlsx,27564.0
289,Coimbatore,Delhi,17955.0,19897.0,204.8141614,186.639,6.77968,9.876377,2026-05,2026-05.xlsx,37852.0
290,Coimbatore,"Goa (Dabolim, South Goa)",2353.0,2319.0,0.001,0.0,0.0,0.0,2026-05,2026-05.xlsx,4672.0
291,Coimbatore,Guwahati,598.0,621.0,0.938,0.417,2.998,0.0,2026-05,2026-05.xlsx,1219.0
292,Coimbatore,Hyderabad,25746.0,28803.0,97.397,31.771,6.111,4.252,2026-05,2026-05.xlsx,54549.0
293,Coimbatore,Mumbai,21211.0,23868.0,109.5493386,147.4915001,6.0359,6.790555,2026-05,2026-05.xlsx,45079.0
294,Coimbatore,Mumbai,4731.0,6767.0,9.34,29.885,0.0,0.0,2026-05,2026-05.xlsx,11498.0
295,Coimbatore,Pune,6093.0,6398.0,68.947,20.405,0.181,0.46,2026-05,2026-05.xlsx,12491.0
296,Coimbatore,Shirdi,286.0,363.0,0.0,0.0,0.0,0.0,2026-05,2026-05.xlsx,649.0
297,Coimbatore,Varanasi,134.0,0.0,0.0,0.0,0.0,0.0,2026-05,2026-05.xlsx,134.0
298,Coimbatore,Vishakhapatnam (Visakhapatnam),268.0,601.0,0.031,0.001,0.0,0.0,2026-05,2026-05.xlsx,869.0
299,Cooch Behar,Kolkata,7.0,12.0,0.0,0.0,0.0,0.0,2026-05,2026-05.xlsx,19.0
300,Cuddapah (Kadapa),Hyderabad,2008.0,1992.0,0.0,0.119,0.0,0.0,2026-05,2026-05.xlsx,4000.0
301,Cuddapah (Kadapa),Vijaywada,150.0,233.0,0.0,0.0,0.0,0.0,2026-05,2026-05.xlsx,383.0
302,Darbhanga,Delhi,13511.0,13672.0,22.74905,27.2005,0.0,0.186,2026-05,2026-05.xlsx,27183.0
303,Darbhanga,Hyderabad,4539.0,5101.0,0.713,0.616,0.0,0.0,2026-05,2026-05.xlsx,9640.0
304,Darbhanga,Kolkata,1179.0,1191.0,0.0,0.018,0.0,0.0,2026-05,2026-05.xlsx,2370.0
305,Darbhanga,Mumbai,12432.0,12891.0,23.345,18.50428,0.0,0.0,2026-05,2026-05.xlsx,25323.0
306,Dehradun,Delhi,33936.0,35161.0,44.094,9.773,7.26,3.087,2026-05,2026-05.xlsx,69097.0
307,Dehradun,Guwahati,140.0,217.0,0.0,0.06,0.103,0.292,2026-05,2026-05.xlsx,357.0
308,Dehradun,Hyderabad,5062.0,6638.0,7.2,9.192,0.502,0.726,2026-05,2026-05.xlsx,11700.0
309,Dehradun,Jaipur,2586.0,2610.0,0.0,0.0,0.036,0.0,2026-05,2026-05.xlsx,5196.0
310,Dehradun,Kolkata,2542.0,2831.0,2.109,1.447,0.261,0.032,2026-05,2026-05.xlsx,5373.0
311,Dehradun,Lucknow,3748.0,3995.0,0.001,0.277,1.116,1.405,2026-05,2026-05.xlsx,7743.0
312,Dehradun,Mumbai,16667.0,17476.0,20.63,10.373,0.763,6.3,2026-05,2026-05.xlsx,34143.0
313,Dehradun,Mumbai,4666.0,3587.0,0.11,0.073,0.0,0.0,2026-05,2026-05.xlsx,8253.0
314,Dehradun,Pithoragarh,312.0,238.0,0.0,0.0,0.0,0.0,2026-05,2026-05.xlsx,550.0
315,Dehradun,Pune,4363.0,4365.0,0.338,11.209,1.926,0.358,2026-05,2026-05.xlsx,8728.0
316,Delhi,Deoghar,9748.0,9039.0,0.187,0.0,0.0,0.0,2026-05,2026-05.xlsx,18787.0
317,Delhi,Dharamsala,8595.0,6365.0,0.261,0.0,0.0,0.0,2026-05,2026-05.xlsx,14960.0
318,Delhi,Dibrugarh,14450.0,14102.0,31.430500002,7.97,2.296,1.73,2026-05,2026-05.xlsx,28552.0
319,Delhi,Dimapur,5355.0,5042.0,7.102,27.129,3.528,6.482,2026-05,2026-05.xlsx,10397.0
320,Delhi,Durgapur,5414.0,6121.0,18.752,58.602,0.0,0.0,2026-05,2026-05.xlsx,11535.0
321,Delhi,Gaya,4727.0,4810.0,0.158,0.0,0.0,0.0,2026-05,2026-05.xlsx,9537.0
322,Delhi,"Goa (Dabolim, South Goa)",46267.0,45075.0,131.95908,76.013589948,5.480895,2.40604,2026-05,2026-05.xlsx,91342.0
323,Delhi,"Goa (Mopa, North Goa)",57198.0,55049.0,154.574779997,82.434030282,2.679,0.0,2026-05,2026-05.xlsx,112247.0
324,Delhi,Gorakhpur,20689.0,19547.0,48.665,49.89213,10.105,4.98195,2026-05,2026-05.xlsx,40236.0
325,Delhi,Guwahati,69065.0,67312.0,480.81243099,125.206879934,39.61707,11.3183,2026-05,2026-05.xlsx,136377.0
326,Delhi,Gwalior,2336.0,2305.0,0.536,0.0,0.0,0.0,2026-05,2026-05.xlsx,4641.0
327,Delhi,Hirasar (Rajkot),20033.0,20545.0,32.1505,70.763,31.326806,9.722392,2026-05,2026-05.xlsx,40578.0
328,Delhi,Hisar,28.0,73.0,0.0,0.0,0.0,0.0,2026-05,2026-05.xlsx,101.0
329,Delhi,Hubli,5476.0,4605.0,11.173,1.212,6.008,1.451,2026-05,2026-05.xlsx,10081.0
330,Delhi,Hyderabad,145626.0,141607.0,1245.2648794,989.200702,71.415882,23.2852,2026-05,2026-05.xlsx,287233.0
331,Delhi,Imphal,14493.0,12464.0,108.613116,85.702,2.267,8.889,2026-05,2026-05.xlsx,26957.0
332,Delhi,Indore,51512.0,54784.0,325.052120075,136.196866998,16.234431,1.3094,2026-05,2026-05.xlsx,106296.0
333,Delhi,Itanagar,5458.0,4833.0,1.579,2.212,0.552,0.0,2026-05,2026-05.xlsx,10291.0
334,Delhi,Jabalpur,9456.0,9895.0,1.154,7.278,9.849,0.538,2026-05,2026-05.xlsx,19351.0
335,Delhi,Jagdalpur,274.0,441.0,0.0,0.0,0.0,0.0,2026-05,2026-05.xlsx,715.0
336,Delhi,Jaipur,29382.0,31043.0,49.7225,180.154,30.194,10.80559,2026-05,2026-05.xlsx,60425.0
337,Delhi,Jammu,37975.0,31780.0,76.0771,14.43735,19.351,0.0,2026-05,2026-05.xlsx,69755.0
338,Delhi,Jharsuguda,6066.0,5858.0,0.257,0.0,0.0,0.0,2026-05,2026-05.xlsx,11924.0
339,Delhi,Jodhpur,9680.0,10341.0,3.661,0.229,16.35187,11.121,2026-05,2026-05.xlsx,20021.0
340,Delhi,Jorhat,2818.0,2410.0,1.425,0.025,0.358,0.0,2026-05,2026-05.xlsx,5228.0
341,Delhi,Kannur,6812.0,5351.0,0.565,0.956,0.0,0.0,2026-05,2026-05.xlsx,12163.0
342,Delhi,Kanpur,4103.0,4673.0,1.362,0.005,8.078,0.0,2026-05,2026-05.xlsx,8776.0
343,Delhi,Khajuraho,1267.0,1369.0,0.163,0.0,0.0,0.0,2026-05,2026-05.xlsx,2636.0
344,Delhi,Kochi,50467.0,42273.0,411.75148266,225.30106,31.114722,23.4788602,2026-05,2026-05.xlsx,92740.0
345,Delhi,Kolkata,125779.0,139589.0,1710.1728006,2121.075906,57.00117,39.360808,2026-05,2026-05.xlsx,265368.0
346,Delhi,Kozhikode,5602.0,4726.0,32.589,0.362,3.322,0.0,2026-05,2026-05.xlsx,10328.0
347,Delhi,Kullu,548.0,297.0,0.0,0.0,0.0,0.0,2026-05,2026-05.xlsx,845.0
348,Delhi,Leh,54382.0,51232.0,106.423823,9.23326,8.97205,19.793,2026-05,2026-05.xlsx,105614.0
349,Delhi,Lucknow,71473.0,62720.0,221.468826475,97.304000001,67.717412,15.553,2026-05,2026-05.xlsx,134193.0
350,Delhi,Ludhiana,1708.0,1896.0,0.0,0.0,0.0,0.0,2026-05,2026-05.xlsx,3604.0
351,Delhi,Madurai,5064.0,4139.0,33.807,94.704,3.789,1.827,2026-05,2026-05.xlsx,9203.0
352,Delhi,Mangalore (Mangaluru),10483.0,9816.0,17.5201,5.096999998,0.0,39.026,2026-05,2026-05.xlsx,20299.0
353,Delhi,Mumbai,287542.0,276140.0,4116.2666946,3125.40548507,111.422445,118.468002,2026-05,2026-05.xlsx,563682.0
354,Delhi,Mumbai,32493.0,33045.0,109.89909,149.819590002,4.571,0.0,2026-05,2026-05.xlsx,65538.0
355,Delhi,Nagpur,36798.0,37437.0,223.6469999,85.988,39.03434,15.81412,2026-05,2026-05.xlsx,74235.0
356,Delhi,Nashik,6892.0,6528.0,21.568,48.215,0.496,0.0,2026-05,2026-05.xlsx,13420.0
357,Delhi,Pantnagar,4539.0,3545.0,0.193,0.0,0.0,0.0,2026-05,2026-05.xlsx,8084.0
358,Delhi,Patna,75737.0,72350.0,359.97727038,67.857020001,88.820096,19.409747,2026-05,2026-05.xlsx,148087.0
359,Delhi,Pithoragarh,397.0,232.0,0.0,0.0,0.0,0.0,2026-05,2026-05.xlsx,629.0
360,Delhi,Port Blair,3921.0,4278.0,55.4587218,22.9755,3.1232,7.16061,2026-05,2026-05.xlsx,8199.0
361,Delhi,Pune,131920.0,129822.0,1431.11366117,1559.41431021,46.801784,7.07241,2026-05,2026-05.xlsx,261742.0
362,Delhi,Purnea,5062.0,4334.0,0.256,0.0,0.0,0.0,2026-05,2026-05.xlsx,9396.0
363,Delhi,Raipur,38565.0,39309.0,233.6055,26.681,25.44591,9.930664,2026-05,2026-05.xlsx,77874.0
364,Delhi,Rajahmundry,2918.0,3030.0,0.551,1.006,0.0,0.0,2026-05,2026-05.xlsx,5948.0
365,Delhi,Ranchi,41078.0,41329.0,300.59919704,47.1739,22.754,8.416,2026-05,2026-05.xlsx,82407.0
366,Delhi,Rewa,808.0,857.0,0.0,0.0,0.0,0.0,2026-05,2026-05.xlsx,1665.0
367,Delhi,Shillong,649.0,461.0,0.0,0.0,0.0,0.0,2026-05,2026-05.xlsx,1110.0
368,Delhi,Shimla,391.0,242.0,0.0,0.0,0.0,0.0,2026-05,2026-05.xlsx,633.0
369,Delhi,Shirdi,6376.0,6337.0,0.746,0.353,0.0,0.0,2026-05,2026-05.xlsx,12713.0
370,Delhi,Silchar,1230.0,1071.0,0.286,0.1,0.0,0.065,2026-05,2026-05.xlsx,2301.0
371,Delhi,Srinagar,104048.0,86599.0,292.31286196,252.880202,11.658214,28.342,2026-05,2026-05.xlsx,190647.0
372,Delhi,Surat,32914.0,32249.0,111.660328,232.40484163,7.944,5.482,2026-05,2026-05.xlsx,65163.0
373,Delhi,Thiruvananthapuram,21323.0,17620.0,85.590479,33.5715,34.024152,9.6681952,2026-05,2026-05.xlsx,38943.0
374,Delhi,Tiruchirappalli,3912.0,2597.0,0.842,0.695,0.0,0.0,2026-05,2026-05.xlsx,6509.0
375,Delhi,Tirupati,2650.0,2363.0,0.645,3.03,0.0,0.432,2026-05,2026-05.xlsx,5013.0
376,Delhi,Udaipur,17932.0,19155.0,16.405,3.548,0.707,0.0,2026-05,2026-05.xlsx,37087.0
377,Delhi,Vadodara,28081.0,29192.0,56.6025,0.0,26.49503,0.0,2026-05,2026-05.xlsx,57273.0
378,Delhi,Varanasi,36373.0,36874.0,94.8536991,46.7885,40.190333,5.007,2026-05,2026-05.xlsx,73247.0
379,Delhi,Vijaywada,10910.0,10814.0,64.123,20.6245,15.129725,2.5459,2026-05,2026-05.xlsx,21724.0
380,Delhi,Vishakhapatnam (Visakhapatnam),22082.0,22153.0,85.3661232,87.793,11.701455,2.876,2026-05,2026-05.xlsx,44235.0
381,Deoghar,Kolkata,593.0,468.0,0.0,0.025,0.0,0.0,2026-05,2026-05.xlsx,1061.0
382,Deoghar,Mumbai,1821.0,1955.0,0.0,0.016,0.0,0.0,2026-05,2026-05.xlsx,3776.0
383,Dharamsala,Shimla,66.0,51.0,0.0,0.0,0.0,0.0,2026-05,2026-05.xlsx,117.0
384,Dibrugarh,Guwahati,9592.0,10647.0,0.691,14.124249997,4.56,3.75,2026-05,2026-05.xlsx,20239.0
385,Dibrugarh,Kolkata,9567.0,9991.0,35.215,39.249,1.809,4.825,2026-05,2026-05.xlsx,19558.0
386,Dimapur,Guwahati,4073.0,4916.0,21.815,10.70782,0.0,0.38,2026-05,2026-05.xlsx,8989.0
387,Dimapur,Imphal,449.0,437.0,0.0,0.0,0.0,0.0,2026-05,2026-05.xlsx,886.0
388,Dimapur,Kolkata,4269.0,4760.0,13.882,21.504,5.731,3.251,2026-05,2026-05.xlsx,9029.0
389,Diu,"Goa (Mopa, North Goa)",1296.0,1421.0,0.0,0.0,0.0,0.0,2026-05,2026-05.xlsx,2717.0
390,Diu,Keshod,35.0,57.0,0.0,0.0,0.0,0.0,2026-05,2026-05.xlsx,92.0
391,Diu,Mumbai,734.0,738.0,0.0,0.0,0.0,0.0,2026-05,2026-05.xlsx,1472.0
392,Diu,Mumbai,1611.0,1524.0,0.0,0.14,0.0,0.0,2026-05,2026-05.xlsx,3135.0
393,Diu,Surat,1576.0,1322.0,0.0,0.0,0.0,0.0,2026-05,2026-05.xlsx,2898.0
394,Durgapur,Hyderabad,6821.0,5444.0,17.891,0.949,0.0,0.0,2026-05,2026-05.xlsx,12265.0
395,Durgapur,Mumbai,3572.0,3286.0,28.94,0.574,0.0,0.0,2026-05,2026-05.xlsx,6858.0
396,Durgapur,Tirupati,175.0,0.0,0.0,0.0,0.0,0.0,2026-05,2026-05.xlsx,175.0
397,Gaya,Kolkata,3086.0,3265.0,0.0,0.143,0.0,0.0,2026-05,2026-05.xlsx,6351.0
398,Ghaziabad,Kishangarh,599.0,711.0,0.0,0.0,0.0,0.0,2026-05,2026-05.xlsx,1310.0
399,Ghaziabad,Kolkata,3300.0,4414.0,0.0,0.0,0.0,0.0,2026-05,2026-05.xlsx,7714.0
400,Ghaziabad,Mumbai,4882.0,5014.0,0.0,0.0,0.0,0.0,2026-05,2026-05.xlsx,9896.0
401,Ghaziabad,Nanded,2204.0,2453.0,0.0,0.0,0.0,0.0,2026-05,2026-05.xlsx,4657.0
402,Ghaziabad,Varanasi,2936.0,2171.0,0.0,0.0,0.0,0.0,2026-05,2026-05.xlsx,5107.0
403,"Goa (Dabolim, South Goa)",Hyderabad,22532.0,23471.0,34.693,6.974,0.568,0.402,2026-05,2026-05.xlsx,46003.0
404,"Goa (Dabolim, South Goa)",Indore,5806.0,5735.0,0.624,2.837,0.196,0.0,2026-05,2026-05.xlsx,11541.0
405,"Goa (Dabolim, South Goa)",Kochi,4958.0,4566.0,14.333,0.506,0.371,0.0,2026-05,2026-05.xlsx,9524.0
406,"Goa (Dabolim, South Goa)",Kolkata,6309.0,6885.0,10.59,7.289,0.885,0.582,2026-05,2026-05.xlsx,13194.0
407,"Goa (Dabolim, South Goa)",Lucknow,5344.0,5159.0,6.475,19.171,0.391,0.0,2026-05,2026-05.xlsx,10503.0
408,"Goa (Dabolim, South Goa)",Mumbai,63723.0,66799.0,63.02941,58.785660025,2.775572,14.97041,2026-05,2026-05.xlsx,130522.0
409,"Goa (Dabolim, South Goa)",Mumbai,8385.0,10234.0,1.858,4.173,0.0,0.0,2026-05,2026-05.xlsx,18619.0
410,"Goa (Dabolim, South Goa)",Nashik,1268.0,1162.0,0.0,0.0,0.0,0.0,2026-05,2026-05.xlsx,2430.0
411,"Goa (Dabolim, South Goa)",Pune,4440.0,4515.0,0.478,3.743,0.0,0.0,2026-05,2026-05.xlsx,8955.0
412,"Goa (Dabolim, South Goa)",Raipur,5168.0,5531.0,2.943,0.275,0.097,0.0,2026-05,2026-05.xlsx,10699.0
413,"Goa (Dabolim, South Goa)",Surat,6566.0,6773.0,3.738,32.993,0.163,0.182,2026-05,2026-05.xlsx,13339.0
414,"Goa (Mopa, North Goa)",Hyderabad,25743.0,25863.0,38.1985,0.611,0.0,0.0,2026-05,2026-05.xlsx,51606.0
415,"Goa (Mopa, North Goa)",Indore,70.0,39.0,0.0,0.0,0.0,0.0,2026-05,2026-05.xlsx,109.0
416,"Goa (Mopa, North Goa)",Jaipur,5469.0,5475.0,3.899,19.741,0.0,0.0,2026-05,2026-05.xlsx,10944.0
417,"Goa (Mopa, North Goa)",Jalgaon,1815.0,1727.0,0.0,0.0,0.0,0.0,2026-05,2026-05.xlsx,3542.0
418,"Goa (Mopa, North Goa)",Kolkata,6400.0,6836.0,21.918,1.002,0.0,0.0,2026-05,2026-05.xlsx,13236.0
419,"Goa (Mopa, North Goa)",Mumbai,32203.0,32219.0,36.484419682,2.904999998,0.55612,0.0,2026-05,2026-05.xlsx,64422.0
420,"Goa (Mopa, North Goa)",Mumbai,16040.0,17175.0,0.105,16.931,0.0,0.55612,2026-05,2026-05.xlsx,33215.0
421,"Goa (Mopa, North Goa)",Nagpur,5080.0,4571.0,0.117,0.002,0.0,0.0,2026-05,2026-05.xlsx,9651.0
422,"Goa (Mopa, North Goa)",Nanded,1476.0,1528.0,0.0,0.0,0.0,0.0,2026-05,2026-05.xlsx,3004.0
423,"Goa (Mopa, North Goa)",Pune,13598.0,13934.0,52.23881,37.88478,2.462,0.0,2026-05,2026-05.xlsx,27532.0
424,"Goa (Mopa, North Goa)",Shivamogga,1989.0,2068.0,0.0,0.0,0.0,0.0,2026-05,2026-05.xlsx,4057.0
425,"Goa (Mopa, North Goa)",Solapur,1014.0,1209.0,0.0,0.0,0.0,0.0,2026-05,2026-05.xlsx,2223.0
426,Gorakhpur,Hyderabad,6803.0,6910.0,0.0,0.81,0.0,0.582,2026-05,2026-05.xlsx,13713.0
427,Gorakhpur,Kolkata,4480.0,4965.0,0.0,0.054,0.0,0.0,2026-05,2026-05.xlsx,9445.0
428,Gorakhpur,Mumbai,10142.0,12031.0,0.0,9.41008,0.0,1.057,2026-05,2026-05.xlsx,22173.0
429,Gorakhpur,Mumbai,3772.0,5087.0,0.0,0.053,0.0,0.0,2026-05,2026-05.xlsx,8859.0
430,Guwahati,Hyderabad,22080.0,21657.0,22.80905,43.1225,1.778,4.37,2026-05,2026-05.xlsx,43737.0
431,Guwahati,Imphal,18517.0,17792.0,195.72724268,25.802999999,1.381,6.325,2026-05,2026-05.xlsx,36309.0
432,Guwahati,Itanagar,238.0,227.0,0.0,0.0,0.0,0.0,2026-05,2026-05.xlsx,465.0
433,Guwahati,Jaipur,9612.0,10518.0,4.74429,68.0065,1.417,0.461,2026-05,2026-05.xlsx,20130.0
434,Guwahati,Kochi,437.0,946.0,5.597,4.354,0.0,0.0,2026-05,2026-05.xlsx,1383.0
435,Guwahati,Kolkata,37014.0,38950.0,121.51375,646.361895,7.545,9.354,2026-05,2026-05.xlsx,75964.0
436,Guwahati,Lucknow,4220.0,3911.0,3.054,2.889,3.038,2.022,2026-05,2026-05.xlsx,8131.0
437,Guwahati,Mumbai,20029.0,20198.0,54.045,122.1969,5.59554,16.7958,2026-05,2026-05.xlsx,40227.0
438,Guwahati,Mumbai,3034.0,2999.0,1.421,10.378,0.0,0.0,2026-05,2026-05.xlsx,6033.0
439,Guwahati,Pasighat,50.0,28.0,0.0,0.0,0.0,0.0,2026-05,2026-05.xlsx,78.0
440,Guwahati,Pune,5460.0,5392.0,28.698,22.074,1.225,0.694,2026-05,2026-05.xlsx,10852.0
441,Guwahati,Shillong,0.0,0.0,0.0,0.0,0.0,0.0,2026-05,2026-05.xlsx,0.0
442,Guwahati,Silchar,5484.0,5355.0,5.906,0.038,8.275,0.0,2026-05,2026-05.xlsx,10839.0
443,Guwahati,Tezu,318.0,292.0,0.0,0.0,0.0,0.0,2026-05,2026-05.xlsx,610.0
444,Guwahati,Thiruvananthapuram,25.0,14.0,0.0,0.0,0.0,0.0,2026-05,2026-05.xlsx,39.0
445,Gwalior,Mumbai,5278.0,4970.0,0.0,0.032,0.0,0.0,2026-05,2026-05.xlsx,10248.0
446,Hirasar (Rajkot),Hyderabad,5046.0,5706.0,2.706,2.124,0.0,1.286,2026-05,2026-05.xlsx,10752.0
447,Hirasar (Rajkot),Lucknow,3.0,0.0,0.0,0.0,0.0,0.0,2026-05,2026-05.xlsx,3.0
448,Hirasar (Rajkot),Mumbai,26196.0,25607.0,25.2585,11.639,6.45452,11.789101,2026-05,2026-05.xlsx,51803.0
449,Hirasar (Rajkot),Mumbai,1463.0,703.0,0.0,0.0,0.0,0.0,2026-05,2026-05.xlsx,2166.0
450,Hirasar (Rajkot),Pune,2490.0,2288.0,3.85,0.401,0.0,0.0,2026-05,2026-05.xlsx,4778.0
451,Hisar,Jaipur,38.0,36.0,0.0,0.0,0.0,0.0,2026-05,2026-05.xlsx,74.0
452,Hubli,Hyderabad,3527.0,3865.0,0.307,0.046,0.994,3.845,2026-05,2026-05.xlsx,7392.0
453,Hubli,Mumbai,2705.0,3932.0,0.505,0.105,0.0,0.0,2026-05,2026-05.xlsx,6637.0
454,Hubli,Pune,1103.0,1221.0,0.024,0.0,0.0,0.363,2026-05,2026-05.xlsx,2324.0
455,Hyderabad,Indore,11518.0,12148.0,45.481,17.635,4.645,1.269,2026-05,2026-05.xlsx,23666.0
456,Hyderabad,Jabalpur,1989.0,2116.0,0.02,0.001,3.067,0.0,2026-05,2026-05.xlsx,4105.0
457,Hyderabad,Jagdalpur,2231.0,2101.0,0.151,0.0,0.0,0.0,2026-05,2026-05.xlsx,4332.0
458,Hyderabad,Jaipur,13664.0,15178.0,53.628,142.451,3.072,1.243,2026-05,2026-05.xlsx,28842.0
459,Hyderabad,Jalgaon,1578.0,1681.0,0.0,0.0,0.0,0.0,2026-05,2026-05.xlsx,3259.0
460,Hyderabad,Jammu,2698.0,2620.0,3.047,0.0,0.323,0.0,2026-05,2026-05.xlsx,5318.0
461,Hyderabad,Jharsuguda,666.0,715.0,0.0,0.0,0.0,0.0,2026-05,2026-05.xlsx,1381.0
462,Hyderabad,Jodhpur,5115.0,5229.0,0.804,0.0,0.835,1.396,2026-05,2026-05.xlsx,10344.0
463,Hyderabad,Kannur,1386.0,1311.0,0.001,0.0,0.173,0.0,2026-05,2026-05.xlsx,2697.0
464,Hyderabad,Kanpur,3166.0,3403.0,0.09,0.039,0.0,0.0,2026-05,2026-05.xlsx,6569.0
465,Hyderabad,Kochi,39241.0,33782.0,50.093,37.926,7.271,9.839,2026-05,2026-05.xlsx,73023.0
466,Hyderabad,Kolhapur,2153.0,1760.0,0.031,0.0,0.0,0.0,2026-05,2026-05.xlsx,3913.0
467,Hyderabad,Kolkata,42343.0,47011.0,186.776,323.55077,13.288,6.579,2026-05,2026-05.xlsx,89354.0
468,Hyderabad,Kozhikode,5551.0,5016.0,2.563,0.018,2.018,0.0,2026-05,2026-05.xlsx,10567.0
469,Hyderabad,Lucknow,16650.0,16094.0,60.7,61.216,5.918,1.758,2026-05,2026-05.xlsx,32744.0
470,Hyderabad,Madurai,10182.0,8991.0,11.74,126.606,9.69,1.015,2026-05,2026-05.xlsx,19173.0
471,Hyderabad,Malvan,1774.0,1667.0,0.0,0.0,0.0,0.0,2026-05,2026-05.xlsx,3441.0
472,Hyderabad,Mangalore (Mangaluru),4432.0,4100.0,0.047,0.001,1.335,0.0,2026-05,2026-05.xlsx,8532.0
473,Hyderabad,Mumbai,82334.0,92157.0,698.0715,916.3201609,17.758,33.873002,2026-05,2026-05.xlsx,174491.0
474,Hyderabad,Mumbai,13998.0,13920.0,1.453,62.161,0.0,1.891,2026-05,2026-05.xlsx,27918.0
475,Hyderabad,Mysore,3915.0,3265.0,0.086,0.0,0.0,0.0,2026-05,2026-05.xlsx,7180.0
476,Hyderabad,Nagpur,5619.0,6025.0,0.373,0.034,0.935,0.0,2026-05,2026-05.xlsx,11644.0
477,Hyderabad,Nanded,1166.0,1389.0,0.0,0.0,0.0,0.0,2026-05,2026-05.xlsx,2555.0
478,Hyderabad,Nashik,2804.0,2872.0,0.142,0.022,0.121,0.087,2026-05,2026-05.xlsx,5676.0
479,Hyderabad,Patna,19475.0,19360.0,42.359,15.865,6.809,2.111,2026-05,2026-05.xlsx,38835.0
480,Hyderabad,Pondicherry (Puducherry),2197.0,2210.0,0.068,0.0,0.0,0.0,2026-05,2026-05.xlsx,4407.0
481,Hyderabad,Port Blair,6425.0,6729.0,38.051,8.781,5.614,0.0,2026-05,2026-05.xlsx,13154.0
482,Hyderabad,Pune,36258.0,35433.0,84.3605,126.12696355,4.522,3.694,2026-05,2026-05.xlsx,71691.0
483,Hyderabad,Purnea,5098.0,4962.0,0.0,0.0,0.0,0.0,2026-05,2026-05.xlsx,10060.0
484,Hyderabad,Raipur,11580.0,15072.0,14.092,2.181,15.321,1.75,2026-05,2026-05.xlsx,26652.0
485,Hyderabad,Rajahmundry,15483.0,16155.0,0.743,1.25,0.0,0.0,2026-05,2026-05.xlsx,31638.0
486,Hyderabad,Ranchi,13546.0,15045.0,33.661,6.965999998,0.807,2.392,2026-05,2026-05.xlsx,28591.0
487,Hyderabad,Salem,1240.0,1142.0,0.02,0.0,0.0,0.0,2026-05,2026-05.xlsx,2382.0
488,Hyderabad,Shirdi,5154.0,5373.0,0.044,5.443,0.0,0.0,2026-05,2026-05.xlsx,10527.0
489,Hyderabad,Shivamogga,4818.0,4455.0,2.24,6.87435,0.0,0.0,2026-05,2026-05.xlsx,9273.0
490,Hyderabad,Solapur,456.0,806.0,0.0,0.0,0.0,0.0,2026-05,2026-05.xlsx,1262.0
491,Hyderabad,Srinagar,5514.0,6158.0,2.641,5.137,0.877,0.296,2026-05,2026-05.xlsx,11672.0
492,Hyderabad,Surat,4354.0,3950.0,6.843,55.715,1.374,1.52,2026-05,2026-05.xlsx,8304.0
493,Hyderabad,Thiruvananthapuram,11320.0,11347.0,3.171,1.621,4.112,2.728,2026-05,2026-05.xlsx,22667.0
494,Hyderabad,Tiruchirappalli,5163.0,4110.0,2.718,0.577,7.422,0.0,2026-05,2026-05.xlsx,9273.0
495,Hyderabad,Tirupati,23533.0,21808.0,5.064,27.802,19.257064,2.193,2026-05,2026-05.xlsx,45341.0
496,Hyderabad,Udaipur,5778.0,7021.0,1.513,1.68,0.0,0.0,2026-05,2026-05.xlsx,12799.0
497,Hyderabad,Vadodara,4792.0,5227.0,46.161,0.0,0.508,0.0,2026-05,2026-05.xlsx,10019.0
498,Hyderabad,Varanasi,18597.0,19621.0,4.192,24.898,0.846,0.448,2026-05,2026-05.xlsx,38218.0
499,Hyderabad,Vijaywada,18474.0,19070.0,8.565399998,3.118,6.247,2.133,2026-05,2026-05.xlsx,37544.0
500,Hyderabad,Vishakhapatnam (Visakhapatnam),46792.0,49238.0,58.722689,67.7195,9.639,1.906,2026-05,2026-05.xlsx,96030.0
501,Imphal,Jaipur,122.0,251.0,2.874,0.271,0.0,0.0,2026-05,2026-05.xlsx,373.0
502,Imphal,Kolkata,11658.0,13328.0,59.922,118.689,12.964,2.557,2026-05,2026-05.xlsx,24986.0
503,Imphal,Mumbai,44.0,11.0,2.359,0.0,0.0,0.0,2026-05,2026-05.xlsx,55.0
504,Imphal,Shillong,781.0,519.0,0.0,0.0,0.0,0.0,2026-05,2026-05.xlsx,1300.0
505,Imphal,Tezu,297.0,226.0,0.0,0.0,0.0,0.0,2026-05,2026-05.xlsx,523.0
506,Indore,Jabalpur,1819.0,1946.0,0.003,0.0,0.0,0.0,2026-05,2026-05.xlsx,3765.0
507,Indore,Jaipur,2905.0,3154.0,0.06,0.261,1.754,0.0,2026-05,2026-05.xlsx,6059.0
508,Indore,Kolkata,4741.0,5370.0,17.38,37.536,0.806,2.158,2026-05,2026-05.xlsx,10111.0
509,Indore,Lucknow,2036.0,1976.0,0.002,0.07,0.597,1.331,2026-05,2026-05.xlsx,4012.0
510,Indore,Mumbai,31532.0,27887.0,117.4995,89.855977,8.09219,13.593389,2026-05,2026-05.xlsx,59419.0
511,Indore,Mumbai,3540.0,3191.0,0.113,11.241,0.998,0.0,2026-05,2026-05.xlsx,6731.0
512,Indore,Nagpur,1377.0,1442.0,0.586,0.405,0.205,0.0,2026-05,2026-05.xlsx,2819.0
513,Indore,Pune,15774.0,15610.0,29.54795,38.649500002,0.0,0.79,2026-05,2026-05.xlsx,31384.0
514,Indore,Raipur,4641.0,4138.0,1.608,0.114,0.699,2.083,2026-05,2026-05.xlsx,8779.0
515,Indore,Rewa,1335.0,1547.0,0.047,0.0,0.0,0.0,2026-05,2026-05.xlsx,2882.0
516,Indore,Tirupati,5.0,0.0,0.0,0.0,0.0,0.0,2026-05,2026-05.xlsx,5.0
517,Itanagar,Kolkata,4085.0,5066.0,0.032,1.298,0.0,0.0,2026-05,2026-05.xlsx,9151.0
518,Jabalpur,Mumbai,5119.0,4794.0,0.0,0.111,0.0,0.0,2026-05,2026-05.xlsx,9913.0
519,Jabalpur,Nagpur,0.0,31.0,0.0,0.0,0.0,0.0,2026-05,2026-05.xlsx,31.0
520,Jabalpur,Ranchi,173.0,0.0,0.0,0.0,0.0,0.0,2026-05,2026-05.xlsx,173.0
521,Jagdalpur,Raipur,158.0,143.0,0.0,0.0,0.0,0.0,2026-05,2026-05.xlsx,301.0
522,Jaipur,Jaisalmer,106.0,84.0,0.0,0.0,0.0,0.0,2026-05,2026-05.xlsx,190.0
523,Jaipur,Kochi,532.0,402.0,8.902,0.951,0.0,0.0,2026-05,2026-05.xlsx,934.0
524,Jaipur,Kolkata,14390.0,13942.0,114.895,59.001,2.707,3.948,2026-05,2026-05.xlsx,28332.0
525,Jaipur,Kullu,338.0,116.0,0.0,0.0,0.0,0.0,2026-05,2026-05.xlsx,454.0
526,Jaipur,Lucknow,3058.0,2155.0,0.289,0.082,0.0,0.92,2026-05,2026-05.xlsx,5213.0
527,Jaipur,Mumbai,37868.0,35170.0,281.651756197,267.461011068,5.519,18.587739,2026-05,2026-05.xlsx,73038.0
528,Jaipur,Mumbai,9512.0,6775.0,33.647,10.993,0.0,0.0,2026-05,2026-05.xlsx,16287.0
529,Jaipur,Nagpur,732.0,792.0,0.093,0.001,0.0,0.0,2026-05,2026-05.xlsx,1524.0
530,Jaipur,Pune,10952.0,9286.0,74.109500002,41.255189998,0.0,0.0,2026-05,2026-05.xlsx,20238.0
531,Jaipur,Ranchi,0.0,19.0,0.0,0.0,0.0,0.0,2026-05,2026-05.xlsx,19.0
532,Jaipur,Rewa,0.0,0.0,0.0,0.0,0.0,0.0,2026-05,2026-05.xlsx,0.0
533,Jaipur,Surat,5027.0,5409.0,0.109,0.457,0.0,0.749,2026-05,2026-05.xlsx,10436.0
534,Jaipur,Udaipur,2547.0,2403.0,0.0,0.006,0.0,0.0,2026-05,2026-05.xlsx,4950.0
535,Jalgaon,Mumbai,732.0,632.0,0.0,0.0,0.0,0.0,2026-05,2026-05.xlsx,1364.0
536,Jalgaon,Pune,1739.0,1769.0,0.0,0.0,0.0,0.0,2026-05,2026-05.xlsx,3508.0
537,Jammu,Leh,1422.0,1440.0,11.1925,0.0,0.0,0.214,2026-05,2026-05.xlsx,2862.0
538,Jammu,Lucknow,2.0,0.0,0.0,0.0,0.0,0.0,2026-05,2026-05.xlsx,2.0
539,Jammu,Mumbai,2484.0,1889.0,0.636,1.911,0.0,0.011,2026-05,2026-05.xlsx,4373.0
540,Jammu,Mumbai,1064.0,1339.0,0.0,0.03,0.0,0.0,2026-05,2026-05.xlsx,2403.0
541,Jammu,Srinagar,13349.0,10036.0,17.08148,9.723162,0.0,2.909,2026-05,2026-05.xlsx,23385.0
542,Jamnagar,Mumbai,7348.0,7953.0,0.0,11.858,0.0,0.0,2026-05,2026-05.xlsx,15301.0
543,Jamnagar,Surat,1361.0,1396.0,0.0,0.0,0.0,0.0,2026-05,2026-05.xlsx,2757.0
544,Jamshedpur,Kolkata,8.0,6.0,0.0,0.0,0.0,0.0,2026-05,2026-05.xlsx,14.0
545,Jeypore,Vishakhapatnam (Visakhapatnam),105.0,100.0,0.0,0.0,0.0,0.0,2026-05,2026-05.xlsx,205.0
546,Jharsuguda,Kolkata,1948.0,2197.0,0.0,0.022,0.0,0.0,2026-05,2026-05.xlsx,4145.0
547,Jharsuguda,Mumbai,4456.0,4513.0,0.0,0.45,0.0,0.0,2026-05,2026-05.xlsx,8969.0
548,Jharsuguda,Raipur,0.0,229.0,0.0,0.0,0.0,0.0,2026-05,2026-05.xlsx,229.0
549,Jodhpur,Mumbai,10678.0,9995.0,0.0,2.196,1.6749,7.550638,2026-05,2026-05.xlsx,20673.0
550,Jodhpur,Pune,4247.0,2961.0,0.002,0.333,0.458,0.0,2026-05,2026-05.xlsx,7208.0
551,Jorhat,Kolkata,4479.0,5340.0,1.156,4.838,0.0,0.0,2026-05,2026-05.xlsx,9819.0
552,Kannur,Kochi,1551.0,1455.0,0.001,0.006,0.0,0.0,2026-05,2026-05.xlsx,3006.0
553,Kannur,Mumbai,3538.0,4060.0,0.004,0.688,0.0,0.885,2026-05,2026-05.xlsx,7598.0
554,Kannur,Mumbai,1266.0,2345.0,0.308,0.178,0.0,0.0,2026-05,2026-05.xlsx,3611.0
555,Kannur,Thiruvananthapuram,2296.0,1448.0,0.0,0.3325,0.0,0.0,2026-05,2026-05.xlsx,3744.0
556,Kanpur,Mumbai,5820.0,5717.0,1.134,8.356,0.0,5.509,2026-05,2026-05.xlsx,11537.0
557,Kishangarh,Lucknow,924.0,760.0,0.0,0.0,0.0,0.0,2026-05,2026-05.xlsx,1684.0
558,Kishangarh,Nagpur,1223.0,1538.0,0.0,0.0,0.0,0.0,2026-05,2026-05.xlsx,2761.0
559,Kishangarh,Pune,1212.0,1833.0,0.0,0.0,0.0,0.0,2026-05,2026-05.xlsx,3045.0
560,Kochi,Kolkata,0.0,64.0,0.0,0.0,0.0,0.0,2026-05,2026-05.xlsx,64.0
561,Kochi,Lucknow,312.0,361.0,0.49,0.307,0.0,0.276,2026-05,2026-05.xlsx,673.0
562,Kochi,Mumbai,51984.0,60399.0,127.052070075,266.715799925,21.55859,12.695951,2026-05,2026-05.xlsx,112383.0
563,Kochi,Mumbai,6041.0,6675.0,1.011,17.427,0.0,0.0,2026-05,2026-05.xlsx,12716.0
564,Kochi,Patna,94.0,176.0,0.675,0.032,0.0,0.0,2026-05,2026-05.xlsx,270.0
565,Kochi,Pune,9982.0,10432.0,26.453,35.4525,0.0,0.0,2026-05,2026-05.xlsx,20414.0
566,Kochi,Raipur,349.0,320.0,1.139,0.066,0.0,0.0,2026-05,2026-05.xlsx,669.0
567,Kochi,Salem,973.0,996.0,0.0,0.0,0.0,0.0,2026-05,2026-05.xlsx,1969.0
568,Kochi,Thiruvananthapuram,1924.0,1804.0,0.001,0.002,0.0,0.0,2026-05,2026-05.xlsx,3728.0
569,Kochi,Vadodara,572.0,467.0,0.302,0.0,0.0,0.0,2026-05,2026-05.xlsx,1039.0
570,Kochi,Varanasi,319.0,0.0,0.065,0.0,0.0,0.0,2026-05,2026-05.xlsx,319.0
571,Kolhapur,Mumbai,2454.0,2642.0,0.0,0.0,0.0,0.0,2026-05,2026-05.xlsx,5096.0
572,Kolhapur,Mumbai,3704.0,3802.0,2.164,3.521,0.0,0.0,2026-05,2026-05.xlsx,7506.0
573,Kolkata,Lilabari,809.0,586.0,0.0,0.0,0.0,0.0,2026-05,2026-05.xlsx,1395.0
574,Kolkata,Lucknow,12134.0,10873.0,80.705,48.671,5.972,1.314,2026-05,2026-05.xlsx,23007.0
575,Kolkata,Mumbai,97750.0,93556.0,1166.075898,954.1295187,11.40312,36.286292,2026-05,2026-05.xlsx,191306.0
576,Kolkata,Mumbai,10800.0,10052.0,99.526,67.31369,0.0,0.0,2026-05,2026-05.xlsx,20852.0
577,Kolkata,Nagpur,7316.0,7081.0,13.848,16.469,0.04,4.21,2026-05,2026-05.xlsx,14397.0
578,Kolkata,Patna,16139.0,13248.0,60.928,13.801,6.844,6.028,2026-05,2026-05.xlsx,29387.0
579,Kolkata,Port Blair,20184.0,20340.0,217.5596183,52.26588,20.0417,0.0,2026-05,2026-05.xlsx,40524.0
580,Kolkata,Pune,21618.0,22067.0,169.4942,153.356,3.91092,3.52,2026-05,2026-05.xlsx,43685.0
581,Kolkata,Purnea,3949.0,3198.0,0.03,0.0,0.0,0.0,2026-05,2026-05.xlsx,7147.0
582,Kolkata,Raipur,13018.0,11601.0,52.627,1.229,2.052,0.978,2026-05,2026-05.xlsx,24619.0
583,Kolkata,Ranchi,8042.0,7385.0,0.471,0.295,0.0,1.275,2026-05,2026-05.xlsx,15427.0
584,Kolkata,Rupsi,403.0,322.0,0.0,0.0,0.0,0.0,2026-05,2026-05.xlsx,725.0
585,Kolkata,Shillong,3483.0,2275.0,0.096,0.0,0.0,0.0,2026-05,2026-05.xlsx,5758.0
586,Kolkata,Silchar,9957.0,9035.0,37.739,1.161,1.807,0.0,2026-05,2026-05.xlsx,18992.0
587,Kolkata,Srinagar,2712.0,1470.0,1.525,12.048,0.0,0.353,2026-05,2026-05.xlsx,4182.0
588,Kolkata,Surat,7002.0,5558.0,50.844,75.402,0.0,0.59,2026-05,2026-05.xlsx,12560.0
589,Kolkata,Varanasi,10458.0,10000.0,6.583,13.572,3.781,0.0,2026-05,2026-05.xlsx,20458.0
590,Kolkata,Vishakhapatnam (Visakhapatnam),5311.0,3755.0,0.691,23.929,0.0,0.0,2026-05,2026-05.xlsx,9066.0
591,Kozhikode,Mumbai,6420.0,7905.0,0.032,6.761,0.0,4.046,2026-05,2026-05.xlsx,14325.0
592,Kurnool,Vijaywada,229.0,406.0,0.0,0.0,0.0,0.0,2026-05,2026-05.xlsx,635.0
593,Kurnool,Vishakhapatnam (Visakhapatnam),387.0,281.0,0.0,0.019,0.0,0.0,2026-05,2026-05.xlsx,668.0
594,Leh,Lucknow,16.0,0.0,0.0,0.0,0.0,0.0,2026-05,2026-05.xlsx,16.0
595,Leh,Mumbai,4016.0,5100.0,0.0,0.703,0.0,0.0,2026-05,2026-05.xlsx,9116.0
596,Leh,Srinagar,1047.0,748.0,0.011,0.0,0.058,0.0,2026-05,2026-05.xlsx,1795.0
597,Lucknow,Mumbai,42180.0,43760.0,80.608998,201.90079995,6.274,25.002611,2026-05,2026-05.xlsx,85940.0
598,Lucknow,Mumbai,18891.0,18903.0,0.08,26.852,0.0,0.0,2026-05,2026-05.xlsx,37794.0
599,Lucknow,Patna,3762.0,3317.0,9.876,0.939,1.662,1.457,2026-05,2026-05.xlsx,7079.0
600,Lucknow,Pune,10764.0,10658.0,44.397,74.92075817,0.353,1.03,2026-05,2026-05.xlsx,21422.0
601,Lucknow,Raipur,2671.0,3382.0,1.64,0.003,0.731,0.624,2026-05,2026-05.xlsx,6053.0
602,Lucknow,Ranchi,1160.0,1325.0,4.62,3.926,0.487,0.0,2026-05,2026-05.xlsx,2485.0
603,Madurai,Mumbai,4283.0,5171.0,24.984,5.646,0.0,0.963,2026-05,2026-05.xlsx,9454.0
604,Madurai,Mumbai,3913.0,5960.0,10.545,2.032,0.0,0.0,2026-05,2026-05.xlsx,9873.0
605,Malvan,Pune,1875.0,1949.0,0.0,0.0,0.0,0.0,2026-05,2026-05.xlsx,3824.0
606,Mangalore (Mangaluru),Mumbai,21087.0,21892.0,4.149,23.394982502,54.893,1.493,2026-05,2026-05.xlsx,42979.0
607,Mangalore (Mangaluru),Mumbai,13072.0,12344.0,0.0,0.037,1.891,0.0,2026-05,2026-05.xlsx,25416.0
608,Mangalore (Mangaluru),Thiruvananthapuram,466.0,511.0,0.002,0.041,0.0,0.0,2026-05,2026-05.xlsx,977.0
609,Mumbai,Mumbai,123.0,0.0,0.0,0.0,0.0,0.0,2026-05,2026-05.xlsx,123.0
610,Mumbai,Nagpur,31310.0,32349.0,109.405,99.4435,42.79376,17.57253,2026-05,2026-05.xlsx,63659.0
611,Mumbai,Nanded,719.0,787.0,0.0,0.0,0.0,0.0,2026-05,2026-05.xlsx,1506.0
612,Mumbai,Patna,24452.0,23326.0,121.12216713,37.652499998,9.074276,3.6296,2026-05,2026-05.xlsx,47778.0
613,Mumbai,Raipur,13662.0,14166.0,69.171,58.724,16.253,3.185,2026-05,2026-05.xlsx,27828.0
614,Mumbai,Rajahmundry,1968.0,1850.0,0.694,2.911,0.0,0.0,2026-05,2026-05.xlsx,3818.0
615,Mumbai,Ranchi,17515.0,17358.0,86.439023146,11.913499998,3.911,0.4,2026-05,2026-05.xlsx,34873.0
616,Mumbai,Silchar,4.0,1.0,0.0,0.0,0.0,0.0,2026-05,2026-05.xlsx,5.0
617,Mumbai,Solapur,887.0,749.0,0.0,0.0,0.0,0.0,2026-05,2026-05.xlsx,1636.0
618,Mumbai,Srinagar,19348.0,15159.0,49.839471,80.634638,5.480913,1.146,2026-05,2026-05.xlsx,34507.0
619,Mumbai,Thiruvananthapuram,15789.0,12803.0,26.1995,2.5665,4.017715,4.9044303,2026-05,2026-05.xlsx,28592.0
620,Mumbai,Tiruchirappalli,2618.0,2166.0,0.269,0.004,0.0,0.0,2026-05,2026-05.xlsx,4784.0
621,Mumbai,Udaipur,24307.0,27142.0,17.984,4.858,0.0,0.0,2026-05,2026-05.xlsx,51449.0
622,Mumbai,Vadodara,10984.0,12370.0,22.599,0.0,5.011,0.0,2026-05,2026-05.xlsx,23354.0
623,Mumbai,Varanasi,34694.0,36404.0,68.50138,23.82838,5.798857,0.805,2026-05,2026-05.xlsx,71098.0
624,Mumbai,Vijaywada,5811.0,6024.0,29.52,2.116,10.158888,0.0692,2026-05,2026-05.xlsx,11835.0
625,Mumbai,Nagpur,3925.0,5312.0,15.294,0.079,2.771,0.0,2026-05,2026-05.xlsx,9237.0
626,Mumbai,Patna,5001.0,4002.0,12.66,9.657,2.485,0.0,2026-05,2026-05.xlsx,9003.0
627,Mumbai,Raipur,3367.0,3987.0,6.307,0.0,0.0,0.0,2026-05,2026-05.xlsx,7354.0
628,Mumbai,Srinagar,3860.0,3252.0,3.3,0.007,0.0,0.0,2026-05,2026-05.xlsx,7112.0
629,Mumbai,Thiruvananthapuram,6065.0,5146.0,0.61,0.001,0.0,0.0,2026-05,2026-05.xlsx,11211.0
630,Mumbai,Tirupati,5443.0,4353.0,0.345,3.151,0.0,0.0,2026-05,2026-05.xlsx,9796.0
631,Mumbai,Vadodara,2770.0,2988.0,2.591,0.0,0.0,0.0,2026-05,2026-05.xlsx,5758.0
632,Mumbai,Varanasi,16104.0,16836.0,4.85467,0.101,0.0,0.0,2026-05,2026-05.xlsx,32940.0
633,Mumbai,Vijaywada,2.0,0.0,0.0,0.0,0.0,0.0,2026-05,2026-05.xlsx,2.0
634,Mumbai,Vishakhapatnam (Visakhapatnam),4863.0,5555.0,1.464,1.794,0.0,0.0,2026-05,2026-05.xlsx,10418.0
635,Nagpur,Nanded,937.0,929.0,0.0,0.0,0.0,0.0,2026-05,2026-05.xlsx,1866.0
636,Nagpur,Pune,13063.0,13401.0,10.754,40.56,8.844,4.777,2026-05,2026-05.xlsx,26464.0
637,Nagpur,Raipur,3.0,0.0,0.0,0.0,0.0,0.0,2026-05,2026-05.xlsx,3.0
638,Nanded,Pune,1564.0,1500.0,0.0,0.0,0.0,0.0,2026-05,2026-05.xlsx,3064.0
639,Patna,Pune,7442.0,7616.0,8.926,25.858,1.237,1.729,2026-05,2026-05.xlsx,15058.0
640,Patna,Ranchi,2937.0,3636.0,0.357,0.139,1.598,0.0,2026-05,2026-05.xlsx,6573.0
641,Pondicherry (Puducherry),Rajahmundry,20.0,20.0,0.0,0.0,0.0,0.0,2026-05,2026-05.xlsx,40.0
642,Port Blair,Vishakhapatnam (Visakhapatnam),632.0,1682.0,1.029,1.891,0.0,0.0,2026-05,2026-05.xlsx,2314.0
643,Pune,Raipur,4659.0,4844.0,16.126,36.663,0.758,0.891,2026-05,2026-05.xlsx,9503.0
644,Pune,Ranchi,4967.0,5242.0,37.384,11.505,0.512,0.261,2026-05,2026-05.xlsx,10209.0
645,Pune,Surat,2656.0,3064.0,7.282,12.352,0.292,0.096,2026-05,2026-05.xlsx,5720.0
646,Pune,Vadodara,2044.0,2089.0,1.093,0.0,0.016,0.0,2026-05,2026-05.xlsx,4133.0
647,Pune,Varanasi,10885.0,11033.0,9.658,3.14906,0.175,1.435,2026-05,2026-05.xlsx,21918.0
648,Pune,Vijaywada,6.0,0.0,0.0,0.0,0.0,0.0,2026-05,2026-05.xlsx,6.0
649,Raipur,Rewa,233.0,429.0,0.0,0.0,0.0,0.0,2026-05,2026-05.xlsx,662.0
650,Rajahmundry,Tirupati,212.0,87.0,0.0,0.0,0.0,0.0,2026-05,2026-05.xlsx,299.0
651,Shivamogga,Tirupati,1472.0,993.0,0.0,0.0,0.0,0.0,2026-05,2026-05.xlsx,2465.0
652,Tirupati,Vijaywada,276.0,658.0,0.232,0.0,1.374,0.0,2026-05,2026-05.xlsx,934.0
653,Tirupati,Vishakhapatnam (Visakhapatnam),1693.0,2089.0,0.002,0.0,0.0,0.211,2026-05,2026-05.xlsx,3782.0
654,Varanasi,Vishakhapatnam (Visakhapatnam),887.0,694.0,0.0,0.0,0.0,0.0,2026-05,2026-05.xlsx,1581.0
655,Vijaywada,Vishakhapatnam (Visakhapatnam),4529.0,4634.0,0.026,0.312999998,0.0,2.768,2026-05,2026-05.xlsx,9163.0
1,Adampur,Ghaziabad,1235.0,1336.0,0.0,0.0,0.0,0.0,2026-06,2026-06.xlsx,2571.0
2,Adampur,Mumbai,5061.0,4150.0,0.0,0.191,0.0,0.0,2026-06,2026-06.xlsx,9211.0
3,Adampur,Nanded,315.0,0.0,0.0,0.0,0.0,0.0,2026-06,2026-06.xlsx,315.0
4,Agartala,Bagdogra,3479.0,4168.0,0.0661,3.388001,0.0,0.02605,2026-06,2026-06.xlsx,7647.0
5,Agartala,Bengaluru,3214.0,2953.0,0.537,14.0,0.0,0.572,2026-06,2026-06.xlsx,6167.0
6,Agartala,Bhubaneswar,52.0,0.0,0.0,0.0,0.0,0.0,2026-06,2026-06.xlsx,52.0
7,Agartala,Delhi,7278.0,7427.0,13.742,37.978,2.052,0.458,2026-06,2026-06.xlsx,14705.0
8,Agartala,Dibrugarh,368.0,291.0,0.11,0.03,0.0,0.0,2026-06,2026-06.xlsx,659.0
9,Agartala,Guwahati,8498.0,13580.0,12.814,53.788,3.549,6.52375,2026-06,2026-06.xlsx,22078.0
10,Agartala,Hyderabad,3695.0,3219.0,0.345,8.327,0.0,0.0,2026-06,2026-06.xlsx,6914.0
11,Agartala,Imphal,1547.0,1290.0,6.456,0.145,0.138,0.0,2026-06,2026-06.xlsx,2837.0
12,Agartala,Jaipur,107.0,50.0,0.0,0.01,0.0,0.0,2026-06,2026-06.xlsx,157.0
13,Agartala,Kolkata,34812.0,36162.0,24.475433,333.2691,3.88121,6.32981,2026-06,2026-06.xlsx,70974.0
14,Agartala,Ranchi,0.0,5.0,0.0,0.0,0.0,0.0,2026-06,2026-06.xlsx,5.0
15,Agartala,Silchar,278.0,433.0,0.0,0.0,0.0,0.0,2026-06,2026-06.xlsx,711.0
16,Agatti Island,Bengaluru,123.0,169.0,0.0,0.006,0.0,0.0,2026-06,2026-06.xlsx,292.0
17,Agatti Island,"Goa (Mopa, North Goa)",1514.0,1587.0,0.0,0.0,0.0,0.0,2026-06,2026-06.xlsx,3101.0
18,Agatti Island,Kochi,3609.0,4513.0,0.0,3.854,0.0,0.0,2026-06,2026-06.xlsx,8122.0
19,Agra,Bengaluru,4983.0,5073.0,9.028,6.101,0.0,0.0,2026-06,2026-06.xlsx,10056.0
20,Agra,Hyderabad,1431.0,1285.0,1.27,0.0,0.0,0.0,2026-06,2026-06.xlsx,2716.0
21,Agra,Mumbai,2264.0,1950.0,4.029,0.859,0.0,0.0,2026-06,2026-06.xlsx,4214.0
22,Ahmedabad,Amritsar,1697.0,2020.0,0.73,0.748,0.0,0.0,2026-06,2026-06.xlsx,3717.0
23,Ahmedabad,Ayodhya,4899.0,5789.0,0.002,0.0,0.0,0.0,2026-06,2026-06.xlsx,10688.0
24,Ahmedabad,Bagdogra,4887.0,5841.0,4.235,34.18152,0.0,0.228,2026-06,2026-06.xlsx,10728.0
25,Ahmedabad,Bengaluru,46504.0,47182.0,492.133075,445.386821,2.17,7.06433,2026-06,2026-06.xlsx,93686.0
26,Ahmedabad,Bhopal,2079.0,2241.0,0.002,0.001,1.225,0.802,2026-06,2026-06.xlsx,4320.0
27,Ahmedabad,Bhubaneswar,4075.0,4199.0,19.929,5.415,3.111,0.888,2026-06,2026-06.xlsx,8274.0
28,Ahmedabad,Chandigarh,13448.0,14131.0,69.031834,47.97716,2.547,1.377,2026-06,2026-06.xlsx,27579.0
29,Ahmedabad,Chennai,15184.0,14344.0,181.309,213.994,3.701,7.37746,2026-06,2026-06.xlsx,29528.0
30,Ahmedabad,Coimbatore,1616.0,1646.0,9.128,4.1,0.0,0.149,2026-06,2026-06.xlsx,3262.0
31,Ahmedabad,Dehradun,4886.0,5239.0,3.591,1.316,0.582,0.58,2026-06,2026-06.xlsx,10125.0
32,Ahmedabad,Delhi,86753.0,96732.0,1352.443398,1353.740193,8.6012,26.137913,2026-06,2026-06.xlsx,183485.0
33,Ahmedabad,Dibrugarh,262.0,251.0,2.421,6.3,0.0,0.042,2026-06,2026-06.xlsx,513.0
34,Ahmedabad,Diu,2318.0,2612.0,0.175,0.0,0.0,0.0,2026-06,2026-06.xlsx,4930.0
35,Ahmedabad,"Goa (Dabolim, South Goa)",10392.0,10719.0,5.593,10.668,0.0,0.207,2026-06,2026-06.xlsx,21111.0
36,Ahmedabad,"Goa (Mopa, North Goa)",693.0,703.0,0.001,0.0,0.0,0.0,2026-06,2026-06.xlsx,1396.0
37,Ahmedabad,Guwahati,4342.0,4923.0,24.628,19.203,2.528,0.005,2026-06,2026-06.xlsx,9265.0
38,Ahmedabad,Hyderabad,22913.0,22543.0,170.188,124.322,10.904,5.825,2026-06,2026-06.xlsx,45456.0
39,Ahmedabad,Indore,3993.0,4173.0,0.195,0.05,0.371,1.243,2026-06,2026-06.xlsx,8166.0
40,Ahmedabad,Jaipur,6352.0,7169.0,0.252,7.41,1.249,0.0,2026-06,2026-06.xlsx,13521.0
41,Ahmedabad,Jalgaon,705.0,727.0,0.0,0.0,0.0,0.0,2026-06,2026-06.xlsx,1432.0
42,Ahmedabad,Jammu,2096.0,1574.0,2.406,0.101,0.0,0.0,2026-06,2026-06.xlsx,3670.0
43,Ahmedabad,Jamnagar,690.0,706.0,0.0,0.0,0.0,0.0,2026-06,2026-06.xlsx,1396.0
44,Ahmedabad,Jodhpur,1221.0,1449.0,0.0,0.001,0.0,0.0,2026-06,2026-06.xlsx,2670.0
45,Ahmedabad,Keshod,188.0,108.0,0.0,0.0,0.0,0.0,2026-06,2026-06.xlsx,296.0
46,Ahmedabad,Kishangarh,967.0,1280.0,0.056,0.0,0.0,0.0,2026-06,2026-06.xlsx,2247.0
47,Ahmedabad,Kochi,4075.0,4503.0,36.126,27.189,1.238,2.472,2026-06,2026-06.xlsx,8578.0
48,Ahmedabad,Kolkata,18560.0,21762.0,242.67078,142.333,3.565,5.8669,2026-06,2026-06.xlsx,40322.0
49,Ahmedabad,Lucknow,7655.0,10491.0,36.759,20.414,3.0,1.63,2026-06,2026-06.xlsx,18146.0
50,Ahmedabad,Mumbai,82590.0,80128.0,829.695379,875.809822,21.7396,70.56047,2026-06,2026-06.xlsx,162718.0
51,Ahmedabad,Mumbai,5837.0,5987.0,2.97,10.768,0.912,0.0,2026-06,2026-06.xlsx,11824.0
52,Ahmedabad,Nagpur,3486.0,3500.0,0.039,0.043,0.84,3.009,2026-06,2026-06.xlsx,6986.0
53,Ahmedabad,Nanded,1640.0,1723.0,0.0,0.0,0.0,0.0,2026-06,2026-06.xlsx,3363.0
54,Ahmedabad,Nashik,1958.0,2013.0,0.003,0.006,0.0,0.0,2026-06,2026-06.xlsx,3971.0
55,Ahmedabad,Patna,4404.0,5293.0,34.618,21.483,2.441,2.207,2026-06,2026-06.xlsx,9697.0
56,Ahmedabad,Pune,26709.0,28065.0,81.74072,139.99527,4.633,2.019,2026-06,2026-06.xlsx,54774.0
57,Ahmedabad,Purnea,2481.0,2442.0,0.0,0.0,0.0,0.0,2026-06,2026-06.xlsx,4923.0
58,Ahmedabad,Raipur,4717.0,4834.0,9.071,0.316,1.813,0.905,2026-06,2026-06.xlsx,9551.0
59,Ahmedabad,Ranchi,3835.0,4307.0,21.265,0.643,1.487,0.698,2026-06,2026-06.xlsx,8142.0
60,Ahmedabad,Srinagar,4030.0,3206.0,1.201,10.592,1.472,0.0,2026-06,2026-06.xlsx,7236.0
61,Ahmedabad,Surat,1.0,160.0,0.0,0.0,0.0,0.0,2026-06,2026-06.xlsx,161.0
62,Ahmedabad,Udaipur,0.0,11.0,0.0,0.0,0.0,0.0,2026-06,2026-06.xlsx,11.0
63,Ahmedabad,Vadodara,181.0,0.0,0.0,0.0,0.0,0.0,2026-06,2026-06.xlsx,181.0
64,Ahmedabad,Varanasi,4561.0,6543.0,8.862,6.835,1.534,0.0,2026-06,2026-06.xlsx,11104.0
65,Ahmedabad,Vishakhapatnam (Visakhapatnam),105.0,127.0,3.747,2.718,0.0,0.0,2026-06,2026-06.xlsx,232.0
66,Aizawl,Delhi,5449.0,5818.0,16.536,17.395,0.123,0.304,2026-06,2026-06.xlsx,11267.0
67,Aizawl,Guwahati,4534.0,4893.0,1.119,11.714,5.08,7.402,2026-06,2026-06.xlsx,9427.0
68,Aizawl,Kolkata,5223.0,4487.0,11.175,12.846,13.513,5.291,2026-06,2026-06.xlsx,9710.0
69,Aizawl,Lucknow,68.0,41.0,0.0,0.005,0.0,0.0,2026-06,2026-06.xlsx,109.0
70,Aizawl,Shillong,104.0,145.0,0.0,0.0,0.0,0.0,2026-06,2026-06.xlsx,249.0
71,Allahabad (Prayagraj),Bengaluru,3155.0,2659.0,0.498,0.593,0.58,0.817,2026-06,2026-06.xlsx,5814.0
72,Allahabad (Prayagraj),Bhubaneswar,921.0,880.0,0.0,0.0,0.0,0.197,2026-06,2026-06.xlsx,1801.0
73,Allahabad (Prayagraj),Bilaspur,170.0,136.0,0.0,0.0,0.0,0.0,2026-06,2026-06.xlsx,306.0
74,Allahabad (Prayagraj),Delhi,4272.0,4059.0,0.087,2.059,1.245,4.556,2026-06,2026-06.xlsx,8331.0
75,Allahabad (Prayagraj),Hyderabad,2866.0,2699.0,0.0,0.086,0.827,1.111,2026-06,2026-06.xlsx,5565.0
76,Allahabad (Prayagraj),Mumbai,10959.0,9076.0,0.603,1.279,0.911,3.4,2026-06,2026-06.xlsx,20035.0
77,Ambikapur,Bilaspur,168.0,313.0,0.0,0.0,0.0,0.0,2026-06,2026-06.xlsx,481.0
78,Ambikapur,Delhi,254.0,174.0,0.0,0.0,0.0,0.0,2026-06,2026-06.xlsx,428.0
79,Ambikapur,Kolkata,116.0,77.0,0.0,0.0,0.0,0.0,2026-06,2026-06.xlsx,193.0
80,Amravati,Mumbai,943.0,841.0,0.0,0.0,0.0,0.0,2026-06,2026-06.xlsx,1784.0
81,Amritsar,Bengaluru,4670.0,3192.0,53.543,4.44,0.0,3.425,2026-06,2026-06.xlsx,7862.0
82,Amritsar,Delhi,43165.0,36409.0,97.674833,36.443834,0.0,0.05142,2026-06,2026-06.xlsx,79574.0
83,Amritsar,Gautam Buddha Nagar,798.0,675.0,1.577,0.141,0.0,0.0,2026-06,2026-06.xlsx,1473.0
84,Amritsar,Guwahati,15.0,58.0,0.0,0.0,0.0,0.003,2026-06,2026-06.xlsx,73.0
85,Amritsar,Hyderabad,762.0,643.0,10.144,0.17,0.0,0.0,2026-06,2026-06.xlsx,1405.0
86,Amritsar,Kochi,429.0,372.0,0.016,0.533,0.0,0.0,2026-06,2026-06.xlsx,801.0
87,Amritsar,Kolkata,1047.0,716.0,0.128,4.433,0.0,0.0,2026-06,2026-06.xlsx,1763.0
88,Amritsar,Kullu,101.0,44.0,0.0,0.0,0.0,0.0,2026-06,2026-06.xlsx,145.0
89,Amritsar,Mumbai,16508.0,13826.0,48.6123,17.841802,0.0,2.8087,2026-06,2026-06.xlsx,30334.0
90,Amritsar,Pune,6253.0,5063.0,29.815,5.261333,0.0,0.0,2026-06,2026-06.xlsx,11316.0
91,Amritsar,Srinagar,5111.0,5101.0,0.96,0.04,0.0,0.0,2026-06,2026-06.xlsx,10212.0
92,Aurangabad,Bengaluru,2409.0,2492.0,0.0,1.295,0.0,0.511,2026-06,2026-06.xlsx,4901.0
93,Aurangabad,Delhi,10695.0,14841.0,0.0,114.239199,0.0,4.49045,2026-06,2026-06.xlsx,25536.0
94,Aurangabad,"Goa (Dabolim, South Goa)",440.0,426.0,0.0,0.0,0.0,0.0,2026-06,2026-06.xlsx,866.0
95,Aurangabad,Hyderabad,2295.0,1489.0,0.0,0.102,0.0,1.287,2026-06,2026-06.xlsx,3784.0
96,Aurangabad,Mumbai,3675.0,3246.0,0.0,14.718,1.446,21.736,2026-06,2026-06.xlsx,6921.0
97,Aurangabad,Mumbai,2209.0,2680.0,0.0,6.152,0.0,0.0,2026-06,2026-06.xlsx,4889.0
98,Ayodhya,Bengaluru,1037.0,916.0,0.0,0.023,0.0,0.0,2026-06,2026-06.xlsx,1953.0
99,Ayodhya,Delhi,10987.0,11325.0,0.0,0.643,0.0,0.0,2026-06,2026-06.xlsx,22312.0
100,Ayodhya,Hisar,185.0,331.0,0.0,0.0,0.0,0.0,2026-06,2026-06.xlsx,516.0
101,Ayodhya,Hyderabad,2286.0,1966.0,0.0,0.017,0.0,0.0,2026-06,2026-06.xlsx,4252.0
102,Ayodhya,Mumbai,2853.0,2227.0,0.0,0.0,0.0,0.0,2026-06,2026-06.xlsx,5080.0
103,Bagdogra,Bengaluru,27278.0,25202.0,204.777055,207.245748,2.29146,5.4916,2026-06,2026-06.xlsx,52480.0
104,Bagdogra,Chennai,8794.0,7596.0,58.093,20.256887,0.877,0.666,2026-06,2026-06.xlsx,16390.0
105,Bagdogra,Delhi,60007.0,61759.0,192.94253,300.960176,6.5309,18.12047,2026-06,2026-06.xlsx,121766.0
106,Bagdogra,Dibrugarh,4809.0,3207.0,1.557666,0.072,0.0571,0.0,2026-06,2026-06.xlsx,8016.0
107,Bagdogra,Guwahati,0.0,1831.0,0.0,9.48092,0.0,0.41071,2026-06,2026-06.xlsx,1831.0
108,Bagdogra,Hyderabad,13342.0,10974.0,94.721467,18.62,3.255,1.2,2026-06,2026-06.xlsx,24316.0
109,Bagdogra,Imphal,4195.0,4147.0,41.72448,0.0,0.5536,0.0,2026-06,2026-06.xlsx,8342.0
110,Bagdogra,Kolkata,30117.0,27252.0,103.411803,49.46,21.10972,24.65142,2026-06,2026-06.xlsx,57369.0
111,Bagdogra,Mumbai,23055.0,21824.0,163.105031,90.261094,1.6614,9.08254,2026-06,2026-06.xlsx,44879.0
112,Bagdogra,Mumbai,1766.0,1243.0,4.544,0.048,0.0,0.0,2026-06,2026-06.xlsx,3009.0
113,Bagdogra,Pune,3459.0,2882.0,16.924958,2.791667,0.09472,0.0,2026-06,2026-06.xlsx,6341.0
114,Bagdogra,Ranchi,1.0,0.0,0.0,0.0,0.0,0.0,2026-06,2026-06.xlsx,1.0
115,Bareilly,Bengaluru,2177.0,2055.0,0.0,0.299,0.0,0.0,2026-06,2026-06.xlsx,4232.0
116,Bareilly,Mumbai,2688.0,2154.0,0.0,0.039,0.0,0.0,2026-06,2026-06.xlsx,4842.0
117,Bathinda,Delhi,508.0,525.0,0.0,0.0,0.0,0.0,2026-06,2026-06.xlsx,1033.0
118,Belgaum,Bengaluru,2657.0,2761.0,0.021,0.307,0.0,0.0,2026-06,2026-06.xlsx,5418.0
119,Belgaum,Delhi,4582.0,5145.0,0.361,1.759,0.0,0.0,2026-06,2026-06.xlsx,9727.0
120,Belgaum,Hyderabad,1676.0,1951.0,0.004,0.004,0.0,0.0,2026-06,2026-06.xlsx,3627.0
121,Belgaum,Mumbai,1243.0,1210.0,0.0,0.0,0.0,0.0,2026-06,2026-06.xlsx,2453.0
122,Belgaum,Mumbai,1184.0,1087.0,0.0,0.0,0.0,0.0,2026-06,2026-06.xlsx,2271.0
123,Bengaluru,Bhopal,10072.0,10456.0,26.921,23.161,9.644,4.137,2026-06,2026-06.xlsx,20528.0
124,Bengaluru,Bhubaneswar,33810.0,34436.0,173.892008,42.929427,15.00618,5.447755,2026-06,2026-06.xlsx,68246.0
125,Bengaluru,Bidar,1052.0,1060.0,0.0,0.0,0.0,0.0,2026-06,2026-06.xlsx,2112.0
126,Bengaluru,Chandigarh,24603.0,26365.0,232.328304,354.873,10.40642,1.619,2026-06,2026-06.xlsx,50968.0
127,Bengaluru,Chennai,61428.0,61584.0,484.909134,578.506273,52.854589,30.69464,2026-06,2026-06.xlsx,123012.0
128,Bengaluru,Coimbatore,20540.0,21844.0,28.009,19.444,10.227,3.357,2026-06,2026-06.xlsx,42384.0
129,Bengaluru,Darbhanga,5558.0,5510.0,1.298,119.585,0.0,0.0,2026-06,2026-06.xlsx,11068.0
130,Bengaluru,Dehradun,13637.0,14470.0,17.6,24.37,4.908,1.517,2026-06,2026-06.xlsx,28107.0
131,Bengaluru,Delhi,179451.0,195894.0,2965.771972,3026.917272,22.22114,39.31578,2026-06,2026-06.xlsx,375345.0
132,Bengaluru,Deoghar,3465.0,4141.0,0.293,0.0,0.0,0.0,2026-06,2026-06.xlsx,7606.0
133,Bengaluru,Dibrugarh,96.0,213.0,0.349,0.0,0.0,0.065,2026-06,2026-06.xlsx,309.0
134,Bengaluru,Durgapur,3672.0,4530.0,8.825,16.503,0.0,0.0,2026-06,2026-06.xlsx,8202.0
135,Bengaluru,Gautam Buddha Nagar,4213.0,4153.0,1.008,68.20899,0.0,0.0,2026-06,2026-06.xlsx,8366.0
136,Bengaluru,Ghaziabad,4327.0,5207.0,0.065,0.0,0.0,0.0,2026-06,2026-06.xlsx,9534.0
137,Bengaluru,"Goa (Dabolim, South Goa)",37942.0,38237.0,58.055563,132.548266,1.4243,2.17048,2026-06,2026-06.xlsx,76179.0
138,Bengaluru,"Goa (Mopa, North Goa)",14534.0,13750.0,4.243,36.481,0.0,0.0,2026-06,2026-06.xlsx,28284.0
139,Bengaluru,Gorakhpur,8473.0,9420.0,47.98652,48.62044,6.0438,0.181,2026-06,2026-06.xlsx,17893.0
140,Bengaluru,Gulbarga,963.0,1030.0,0.0,0.0,0.0,0.0,2026-06,2026-06.xlsx,1993.0
141,Bengaluru,Guwahati,31167.0,32766.0,223.200103,57.13582,16.0291,5.03904,2026-06,2026-06.xlsx,63933.0
142,Bengaluru,Gwalior,1900.0,2029.0,0.0,0.0,0.0,0.0,2026-06,2026-06.xlsx,3929.0
143,Bengaluru,Hirasar (Rajkot),4094.0,3245.0,8.347,8.594,2.849,0.0,2026-06,2026-06.xlsx,7339.0
144,Bengaluru,Hubli,4927.0,5379.0,0.546,0.83,0.512,1.542,2026-06,2026-06.xlsx,10306.0
145,Bengaluru,Hyderabad,89363.0,85130.0,356.289837,210.161181,52.831732,33.72577,2026-06,2026-06.xlsx,174493.0
146,Bengaluru,Imphal,544.0,563.0,4.148,17.041,0.023,0.0,2026-06,2026-06.xlsx,1107.0
147,Bengaluru,Indore,20274.0,21115.0,132.493667,184.67612,4.03184,1.524,2026-06,2026-06.xlsx,41389.0
148,Bengaluru,Jabalpur,3849.0,3909.0,0.333,0.043,4.46,4.348,2026-06,2026-06.xlsx,7758.0
149,Bengaluru,Jaipur,27891.0,29624.0,161.996789,323.050262,13.66675,1.727,2026-06,2026-06.xlsx,57515.0
150,Bengaluru,Jammu,2377.0,2641.0,1.695,0.0,0.1,0.0,2026-06,2026-06.xlsx,5018.0
151,Bengaluru,Jharsuguda,6041.0,6344.0,0.314,0.0,0.0,0.0,2026-06,2026-06.xlsx,12385.0
152,Bengaluru,Jodhpur,2872.0,2797.0,1.753,0.041,1.012,0.911,2026-06,2026-06.xlsx,5669.0
153,Bengaluru,Kannur,2831.0,2808.0,0.039,0.003,0.025,0.0,2026-06,2026-06.xlsx,5639.0
154,Bengaluru,Kanpur,2751.0,2899.0,2.371,0.619,0.0,0.0,2026-06,2026-06.xlsx,5650.0
155,Bengaluru,Kochi,53160.0,56505.0,120.420445,102.571713,41.728062,20.768435,2026-06,2026-06.xlsx,109665.0
156,Bengaluru,Kolhapur,1916.0,1766.0,0.331,0.286,0.0,0.0,2026-06,2026-06.xlsx,3682.0
157,Bengaluru,Kolkata,79692.0,85188.0,614.722342,667.880129,21.80007,17.894436,2026-06,2026-06.xlsx,164880.0
158,Bengaluru,Kozhikode,16638.0,15666.0,15.454833,0.115,10.318,0.0,2026-06,2026-06.xlsx,32304.0
159,Bengaluru,Kurnool,257.0,235.0,0.079,0.0,0.0,0.0,2026-06,2026-06.xlsx,492.0
160,Bengaluru,Lucknow,36115.0,39282.0,176.507313,258.927233,14.1688,3.687,2026-06,2026-06.xlsx,75397.0
161,Bengaluru,Madurai,9471.0,9546.0,0.373,0.632,1.294,1.186,2026-06,2026-06.xlsx,19017.0
162,Bengaluru,Malvan,1523.0,1286.0,0.0,0.0,0.0,0.0,2026-06,2026-06.xlsx,2809.0
163,Bengaluru,Mangalore (Mangaluru),27752.0,28687.0,18.285053,20.997349,7.56923,141.040218,2026-06,2026-06.xlsx,56439.0
164,Bengaluru,Mumbai,145142.0,148608.0,1381.142786,1869.025403,16.445,41.567962,2026-06,2026-06.xlsx,293750.0
165,Bengaluru,Mumbai,27697.0,27563.0,22.012873,123.235668,0.0,0.0,2026-06,2026-06.xlsx,55260.0
166,Bengaluru,Nagpur,23974.0,22627.0,59.787,53.432833,5.9923,6.421117,2026-06,2026-06.xlsx,46601.0
167,Bengaluru,Nanded,2050.0,1739.0,0.0,0.0,0.0,0.0,2026-06,2026-06.xlsx,3789.0
168,Bengaluru,Nashik,4951.0,4707.0,0.324,1.312,0.938,0.123,2026-06,2026-06.xlsx,9658.0
169,Bengaluru,Patna,23991.0,28277.0,145.99042,141.46,21.498468,6.924,2026-06,2026-06.xlsx,52268.0
170,Bengaluru,Pondicherry (Puducherry),2142.0,1991.0,0.114,0.0,0.0,0.0,2026-06,2026-06.xlsx,4133.0
171,Bengaluru,Port Blair,11296.0,10025.0,118.061625,70.947,2.957134,0.0,2026-06,2026-06.xlsx,21321.0
172,Bengaluru,Pune,79624.0,76143.0,511.94002,353.377302,13.83812,4.836,2026-06,2026-06.xlsx,155767.0
173,Bengaluru,Raipur,11949.0,11474.0,42.332,1.381,6.429,2.012,2026-06,2026-06.xlsx,23423.0
174,Bengaluru,Rajahmundry,2125.0,1787.0,0.174,0.0,0.0,0.0,2026-06,2026-06.xlsx,3912.0
175,Bengaluru,Ranchi,19314.0,20356.0,90.549691,50.322434,4.91067,2.7192,2026-06,2026-06.xlsx,39670.0
176,Bengaluru,Salem,1933.0,2258.0,0.093,0.0,0.0,0.0,2026-06,2026-06.xlsx,4191.0
177,Bengaluru,Shirdi,6335.0,6234.0,0.097,3.11,0.0,0.0,2026-06,2026-06.xlsx,12569.0
178,Bengaluru,Silchar,168.0,356.0,0.266,0.0,0.0,0.0,2026-06,2026-06.xlsx,524.0
179,Bengaluru,Srinagar,8159.0,8098.0,6.139233,101.552061,0.9203,0.0,2026-06,2026-06.xlsx,16257.0
180,Bengaluru,Surat,12198.0,11761.0,61.735333,131.305178,2.501,5.1107,2026-06,2026-06.xlsx,23959.0
181,Bengaluru,Thiruvananthapuram,26358.0,27120.0,27.165666,29.360368,22.01887,26.416533,2026-06,2026-06.xlsx,53478.0
182,Bengaluru,Tiruchirappalli,7023.0,6888.0,0.596333,0.262,0.556,0.0,2026-06,2026-06.xlsx,13911.0
183,Bengaluru,Tirupati,2078.0,2086.0,0.2,0.302,1.439,0.0,2026-06,2026-06.xlsx,4164.0
184,Bengaluru,Tuticorin,2115.0,2117.0,0.124,0.0,0.0,0.0,2026-06,2026-06.xlsx,4232.0
185,Bengaluru,Udaipur,4070.0,4264.0,9.009,45.261,0.0,0.0,2026-06,2026-06.xlsx,8334.0
186,Bengaluru,Vadodara,3355.0,2670.0,15.559,0.0,3.763,0.0,2026-06,2026-06.xlsx,6025.0
187,Bengaluru,Varanasi,27582.0,31976.0,49.894613,117.348676,5.5407,0.198,2026-06,2026-06.xlsx,59558.0
188,Bengaluru,Vidyanagar,1049.0,1476.0,0.0,0.0,0.0,0.0,2026-06,2026-06.xlsx,2525.0
189,Bengaluru,Vijaywada,12138.0,11514.0,9.807834,3.643268,3.2734,0.575,2026-06,2026-06.xlsx,23652.0
190,Bengaluru,Vishakhapatnam (Visakhapatnam),22136.0,21428.0,81.024834,47.067105,8.7269,0.81,2026-06,2026-06.xlsx,43564.0
191,Bhavnagar,Mumbai,2162.0,2133.0,0.0,0.17,0.0,0.0,2026-06,2026-06.xlsx,4295.0
192,Bhopal,Delhi,27134.0,30065.0,15.387,124.581838,22.65304,21.897976,2026-06,2026-06.xlsx,57199.0
193,Bhopal,Hyderabad,2034.0,2230.0,0.002,0.045,0.784,0.475,2026-06,2026-06.xlsx,4264.0
194,Bhopal,Indore,128.0,0.0,0.0,0.0,0.0,0.0,2026-06,2026-06.xlsx,128.0
195,Bhopal,Mumbai,11797.0,11368.0,10.088,29.51,4.377,30.607,2026-06,2026-06.xlsx,23165.0
196,Bhopal,Mumbai,4577.0,3637.0,0.394,0.666,0.0,0.0,2026-06,2026-06.xlsx,8214.0
197,Bhopal,Pune,4704.0,4450.0,0.0,3.595,0.0,1.771,2026-06,2026-06.xlsx,9154.0
198,Bhopal,Raipur,2055.0,2046.0,0.024,0.001,1.423,0.0,2026-06,2026-06.xlsx,4101.0
199,Bhubaneswar,Chandigarh,1132.0,1468.0,0.066,20.641,0.298,0.0,2026-06,2026-06.xlsx,2600.0
200,Bhubaneswar,Chennai,7257.0,7438.0,0.88,33.61,1.909,7.757,2026-06,2026-06.xlsx,14695.0
201,Bhubaneswar,Delhi,45404.0,49622.0,47.976809,396.992356,11.96619,29.414858,2026-06,2026-06.xlsx,95026.0
202,Bhubaneswar,Dimapur,74.0,67.0,0.204,0.0,0.0,0.0,2026-06,2026-06.xlsx,141.0
203,Bhubaneswar,Guwahati,3787.0,4983.0,22.923,3.193,0.518,1.816,2026-06,2026-06.xlsx,8770.0
204,Bhubaneswar,Hyderabad,18642.0,17766.0,9.121,47.36,15.337,10.238,2026-06,2026-06.xlsx,36408.0
205,Bhubaneswar,Itanagar,0.0,100.0,0.0,0.0,0.0,0.0,2026-06,2026-06.xlsx,100.0
206,Bhubaneswar,Jamshedpur,28.0,36.0,0.0,0.0,0.0,0.0,2026-06,2026-06.xlsx,64.0
207,Bhubaneswar,Jeypore,419.0,430.0,0.0,0.0,0.0,0.0,2026-06,2026-06.xlsx,849.0
208,Bhubaneswar,Jharsuguda,1330.0,1332.0,0.0,0.0,0.0,0.0,2026-06,2026-06.xlsx,2662.0
209,Bhubaneswar,Kochi,552.0,478.0,0.038,2.267,0.0,0.0,2026-06,2026-06.xlsx,1030.0
210,Bhubaneswar,Kolkata,13851.0,14737.0,41.393,24.538,5.335,4.895,2026-06,2026-06.xlsx,28588.0
211,Bhubaneswar,Lucknow,1719.0,1802.0,0.174,1.304,2.29,0.805,2026-06,2026-06.xlsx,3521.0
212,Bhubaneswar,Mumbai,26070.0,25815.0,27.511,138.193534,6.287,20.425503,2026-06,2026-06.xlsx,51885.0
213,Bhubaneswar,Patna,3474.0,3535.0,0.355,4.41,1.665,1.144,2026-06,2026-06.xlsx,7009.0
214,Bhubaneswar,Pune,4699.0,4536.0,1.873,15.3095,1.020646,1.04637,2026-06,2026-06.xlsx,9235.0
215,Bhubaneswar,Raipur,2316.0,1952.0,0.088,0.067,0.294,0.577,2026-06,2026-06.xlsx,4268.0
216,Bhubaneswar,Ranchi,1526.0,1535.0,0.0,0.0,0.369,1.173,2026-06,2026-06.xlsx,3061.0
217,Bhubaneswar,Rourkela,76.0,57.0,0.0,0.0,0.0,0.0,2026-06,2026-06.xlsx,133.0
218,Bhubaneswar,Utkela,201.0,317.0,0.0,0.0,0.0,0.0,2026-06,2026-06.xlsx,518.0
219,Bhubaneswar,Varanasi,1184.0,1199.0,0.01,0.0,0.023,0.0,2026-06,2026-06.xlsx,2383.0
220,Bhubaneswar,Vishakhapatnam (Visakhapatnam),495.0,319.0,0.002,0.0,0.255,0.0,2026-06,2026-06.xlsx,814.0
221,Bhuj,Delhi,3756.0,4969.0,0.0,0.264667,0.0,0.0,2026-06,2026-06.xlsx,8725.0
222,Bhuj,Mumbai,7456.0,8106.0,0.0,0.498,0.0,0.0,2026-06,2026-06.xlsx,15562.0
223,Bhuj,Surat,159.0,190.0,0.0,0.0,0.0,0.0,2026-06,2026-06.xlsx,349.0
224,Bikaner,Delhi,1634.0,1843.0,0.0,0.087,0.0,0.0,2026-06,2026-06.xlsx,3477.0
225,Bikaner,Jaipur,143.0,165.0,0.0,0.0,0.0,0.0,2026-06,2026-06.xlsx,308.0
226,Bilaspur,Delhi,258.0,410.0,0.0,0.0,0.0,0.0,2026-06,2026-06.xlsx,668.0
227,Bilaspur,Kolkata,71.0,131.0,0.0,0.0,0.0,0.0,2026-06,2026-06.xlsx,202.0
228,Bilaspur,Rewa,8.0,21.0,0.0,0.0,0.0,0.0,2026-06,2026-06.xlsx,29.0
229,Chandigarh,Chennai,4938.0,3974.0,21.773,40.868,0.664,10.704,2026-06,2026-06.xlsx,8912.0
230,Chandigarh,Delhi,35913.0,33641.0,166.094168,49.071418,11.922,12.396968,2026-06,2026-06.xlsx,69554.0
231,Chandigarh,Dharamsala,1064.0,888.0,0.0,0.0,0.0,0.0,2026-06,2026-06.xlsx,1952.0
232,Chandigarh,"Goa (Dabolim, South Goa)",5146.0,5275.0,58.626,1.496,0.0,0.0,2026-06,2026-06.xlsx,10421.0
233,Chandigarh,Guwahati,1051.0,880.0,6.502,0.207,0.0,0.673,2026-06,2026-06.xlsx,1931.0
234,Chandigarh,Hisar,43.0,98.0,0.0,0.0,0.0,0.0,2026-06,2026-06.xlsx,141.0
235,Chandigarh,Hyderabad,11022.0,10189.0,105.711,41.625,0.898,6.032,2026-06,2026-06.xlsx,21211.0
236,Chandigarh,Indore,5525.0,5225.0,97.2,4.653,0.884,0.519,2026-06,2026-06.xlsx,10750.0
237,Chandigarh,Jaipur,4373.0,4312.0,0.013,0.063,0.0,0.0,2026-06,2026-06.xlsx,8685.0
238,Chandigarh,Jammu,681.0,915.0,0.0,0.0,0.0,0.0,2026-06,2026-06.xlsx,1596.0
239,Chandigarh,Kolkata,5294.0,3808.0,19.409,7.706,0.0,0.671,2026-06,2026-06.xlsx,9102.0
240,Chandigarh,Leh,876.0,1039.0,2.659667,0.1,0.74312,0.0,2026-06,2026-06.xlsx,1915.0
241,Chandigarh,Lucknow,3959.0,4198.0,36.415,0.407,0.0,3.727,2026-06,2026-06.xlsx,8157.0
242,Chandigarh,Mumbai,34289.0,30855.0,174.631833,140.020745,3.801,26.787363,2026-06,2026-06.xlsx,65144.0
243,Chandigarh,Mumbai,5665.0,3530.0,0.212,23.637,0.0,0.0,2026-06,2026-06.xlsx,9195.0
244,Chandigarh,Patna,3691.0,3941.0,5.31,0.026,0.0,1.429,2026-06,2026-06.xlsx,7632.0
245,Chandigarh,Pune,10633.0,10758.0,72.801,80.83507,0.0,0.0,2026-06,2026-06.xlsx,21391.0
246,Chandigarh,Srinagar,9993.0,9380.0,0.96,0.514,0.716,0.0,2026-06,2026-06.xlsx,19373.0
247,Chandigarh,Udaipur,497.0,326.0,0.0,0.0,0.0,0.0,2026-06,2026-06.xlsx,823.0
248,Chennai,Coimbatore,34324.0,35645.0,70.087,20.481,2.27,10.047,2026-06,2026-06.xlsx,69969.0
249,Chennai,Cuddapah (Kadapa),189.0,315.0,0.0,0.0,0.0,0.0,2026-06,2026-06.xlsx,504.0
250,Chennai,Dehradun,444.0,565.0,0.379,23.267,2.443,0.308,2026-06,2026-06.xlsx,1009.0
251,Chennai,Delhi,79068.0,86967.0,1878.144984,1440.637217,29.74939,97.461312,2026-06,2026-06.xlsx,166035.0
252,Chennai,Durgapur,2851.0,3856.0,0.584,10.124,0.0,0.0,2026-06,2026-06.xlsx,6707.0
253,Chennai,Ghaziabad,2265.0,2923.0,0.0,0.0,0.0,0.0,2026-06,2026-06.xlsx,5188.0
254,Chennai,"Goa (Dabolim, South Goa)",4813.0,5109.0,10.338,5.077,0.588,1.018,2026-06,2026-06.xlsx,9922.0
255,Chennai,"Goa (Mopa, North Goa)",5516.0,5643.0,7.125,21.572,0.0,3.659,2026-06,2026-06.xlsx,11159.0
256,Chennai,Guwahati,12611.0,15061.0,67.547568,44.296699,6.801,3.99224,2026-06,2026-06.xlsx,27672.0
257,Chennai,Hyderabad,47314.0,45246.0,588.476,397.981,32.904,29.143,2026-06,2026-06.xlsx,92560.0
258,Chennai,Indore,4047.0,4339.0,57.468,22.028,7.034,2.827,2026-06,2026-06.xlsx,8386.0
259,Chennai,Jaipur,5419.0,6031.0,33.194,63.49,5.694,1.226,2026-06,2026-06.xlsx,11450.0
260,Chennai,Kannur,1082.0,958.0,0.009,0.0,0.0,0.0,2026-06,2026-06.xlsx,2040.0
261,Chennai,Kochi,18008.0,17820.0,53.079,18.076,19.781,9.184,2026-06,2026-06.xlsx,35828.0
262,Chennai,Kolkata,41542.0,45664.0,316.208002,281.291631,14.13872,14.92854,2026-06,2026-06.xlsx,87206.0
263,Chennai,Kozhikode,1954.0,1906.0,0.177,0.001,0.124,0.0,2026-06,2026-06.xlsx,3860.0
264,Chennai,Lucknow,2352.0,2359.0,19.348,5.91,5.444,1.363,2026-06,2026-06.xlsx,4711.0
265,Chennai,Madurai,20322.0,20804.0,16.394533,20.854333,17.051776,10.17034,2026-06,2026-06.xlsx,41126.0
266,Chennai,Mangalore (Mangaluru),1366.0,1472.0,0.021,0.006,0.294,5.246,2026-06,2026-06.xlsx,2838.0
267,Chennai,Mumbai,79190.0,84153.0,780.235989,612.877077,39.22745,24.434382,2026-06,2026-06.xlsx,163343.0
268,Chennai,Mumbai,5546.0,6197.0,5.358,81.621,0.674,1.418,2026-06,2026-06.xlsx,11743.0
269,Chennai,Mysore,1597.0,1401.0,0.002,0.0,0.0,0.0,2026-06,2026-06.xlsx,2998.0
270,Chennai,Patna,3958.0,4092.0,18.286,21.22,7.556,2.033,2026-06,2026-06.xlsx,8050.0
271,Chennai,Port Blair,18785.0,17146.0,141.76881,115.17,44.28022,8.808,2026-06,2026-06.xlsx,35931.0
272,Chennai,Pune,33416.0,31618.0,636.886667,319.875667,6.047,7.12,2026-06,2026-06.xlsx,65034.0
273,Chennai,Raipur,2318.0,2287.0,21.164,8.522,0.958,0.409,2026-06,2026-06.xlsx,4605.0
274,Chennai,Rajahmundry,1208.0,1445.0,0.023,0.002,0.0,0.0,2026-06,2026-06.xlsx,2653.0
275,Chennai,Ranchi,4808.0,5069.0,16.376,6.076,2.952,0.55,2026-06,2026-06.xlsx,9877.0
276,Chennai,Salem,1504.0,1799.0,0.068,0.0,0.0,0.0,2026-06,2026-06.xlsx,3303.0
277,Chennai,Shirdi,5855.0,5959.0,1.604,0.0,0.0,0.0,2026-06,2026-06.xlsx,11814.0
278,Chennai,Shivamogga,21.0,57.0,0.0,0.0,0.0,0.0,2026-06,2026-06.xlsx,78.0
279,Chennai,Surat,1948.0,1951.0,41.776,16.666,0.276,0.213,2026-06,2026-06.xlsx,3899.0
280,Chennai,Thiruvananthapuram,11226.0,13461.0,23.159,2.43,9.484,6.874,2026-06,2026-06.xlsx,24687.0
281,Chennai,Tiruchirappalli,11160.0,12837.0,0.181,0.138,0.183,0.0,2026-06,2026-06.xlsx,23997.0
282,Chennai,Tuticorin,7836.0,8249.0,0.403,0.125,0.0,0.0,2026-06,2026-06.xlsx,16085.0
283,Chennai,Varanasi,4347.0,5277.0,5.558,14.634,2.896,0.0,2026-06,2026-06.xlsx,9624.0
284,Chennai,Vijaywada,3753.0,3799.0,0.283,0.903,0.0,0.0,2026-06,2026-06.xlsx,7552.0
285,Chennai,Vishakhapatnam (Visakhapatnam),5643.0,6200.0,22.443,6.43,5.836,6.425,2026-06,2026-06.xlsx,11843.0
286,Coimbatore,Delhi,18184.0,19544.0,203.473167,208.297752,6.96989,15.283203,2026-06,2026-06.xlsx,37728.0
287,Coimbatore,Durgapur,0.0,23.0,0.0,0.0,0.0,0.0,2026-06,2026-06.xlsx,23.0
288,Coimbatore,"Goa (Dabolim, South Goa)",2147.0,2132.0,0.0,0.0,0.0,0.0,2026-06,2026-06.xlsx,4279.0
289,Coimbatore,Guwahati,282.0,487.0,0.977,0.084,3.58,0.0,2026-06,2026-06.xlsx,769.0
290,Coimbatore,Hyderabad,22670.0,20916.0,62.443,32.669,7.578,7.683,2026-06,2026-06.xlsx,43586.0
291,Coimbatore,Mumbai,16397.0,16441.0,116.47631,121.156568,7.20174,8.269431,2026-06,2026-06.xlsx,32838.0
292,Coimbatore,Mumbai,5064.0,4574.0,22.406,32.047,0.0,0.0,2026-06,2026-06.xlsx,9638.0
293,Coimbatore,Pune,5790.0,5194.0,79.968,22.795,0.111,0.557,2026-06,2026-06.xlsx,10984.0
294,Coimbatore,Shirdi,427.0,292.0,0.0,0.0,0.0,0.0,2026-06,2026-06.xlsx,719.0
295,Coimbatore,Varanasi,178.0,0.0,0.0,0.0,0.0,0.0,2026-06,2026-06.xlsx,178.0
296,Cuddapah (Kadapa),Hyderabad,1502.0,1486.0,0.0,0.146,0.0,0.0,2026-06,2026-06.xlsx,2988.0
297,Cuddapah (Kadapa),Vijaywada,122.0,140.0,0.0,0.0,0.0,0.0,2026-06,2026-06.xlsx,262.0
298,Darbhanga,Delhi,13369.0,13550.0,58.15933,71.68039,0.0,0.0,2026-06,2026-06.xlsx,26919.0
299,Darbhanga,Hyderabad,3864.0,3242.0,0.0,0.242,0.0,0.0,2026-06,2026-06.xlsx,7106.0
300,Darbhanga,Kolkata,650.0,451.0,0.0,0.002,0.0,0.0,2026-06,2026-06.xlsx,1101.0
301,Darbhanga,Mumbai,12271.0,12428.0,82.551,27.07473,0.0,0.0,2026-06,2026-06.xlsx,24699.0
302,Darbhanga,Patna,0.0,155.0,0.0,0.0,0.0,0.0,2026-06,2026-06.xlsx,155.0
303,Dehradun,Delhi,26403.0,24895.0,57.261,5.765,8.321,2.308,2026-06,2026-06.xlsx,51298.0
304,Dehradun,Guwahati,225.0,312.0,0.275,0.002,0.34,0.336,2026-06,2026-06.xlsx,537.0
305,Dehradun,Hyderabad,4146.0,5216.0,5.207,9.447,0.364,1.647,2026-06,2026-06.xlsx,9362.0
306,Dehradun,Jaipur,1886.0,1871.0,0.0,0.009,0.0,0.0,2026-06,2026-06.xlsx,3757.0
307,Dehradun,Kolkata,2305.0,2182.0,3.262,0.025,0.31,0.014,2026-06,2026-06.xlsx,4487.0
308,Dehradun,Lucknow,2319.0,2318.0,0.123,0.78,0.708,1.394,2026-06,2026-06.xlsx,4637.0
309,Dehradun,Mumbai,18449.0,16388.0,33.269,9.548,0.924,5.547,2026-06,2026-06.xlsx,34837.0
310,Dehradun,Mumbai,4976.0,2778.0,0.972,0.026,0.0,0.0,2026-06,2026-06.xlsx,7754.0
311,Dehradun,Pithoragarh,343.0,253.0,0.0,0.0,0.0,0.0,2026-06,2026-06.xlsx,596.0
312,Dehradun,Pune,3688.0,3633.0,4.497,5.067,0.343,0.39,2026-06,2026-06.xlsx,7321.0
313,Delhi,Deoghar,10887.0,9159.0,0.061,0.0,0.0,0.0,2026-06,2026-06.xlsx,20046.0
314,Delhi,Dharamsala,9360.0,6687.0,0.073,0.51012,0.0,0.0,2026-06,2026-06.xlsx,16047.0
315,Delhi,Dibrugarh,14286.0,14408.0,39.790666,14.4265,1.39,2.413,2026-06,2026-06.xlsx,28694.0
316,Delhi,Dimapur,5056.0,5135.0,6.202,26.367,0.21,6.561,2026-06,2026-06.xlsx,10191.0
317,Delhi,Durgapur,6282.0,5667.0,14.379,19.141,0.0,0.0,2026-06,2026-06.xlsx,11949.0
318,Delhi,Gaya,4956.0,4846.0,0.053,0.0,0.0,0.0,2026-06,2026-06.xlsx,9802.0
319,Delhi,"Goa (Dabolim, South Goa)",49019.0,48747.0,187.492065,139.785246,4.276573,2.20613,2026-06,2026-06.xlsx,97766.0
320,Delhi,"Goa (Mopa, North Goa)",46496.0,45225.0,156.533407,63.093783,3.912,0.0,2026-06,2026-06.xlsx,91721.0
321,Delhi,Gorakhpur,19018.0,19515.0,74.25865,44.09752,10.1631,3.3628,2026-06,2026-06.xlsx,38533.0
322,Delhi,Guwahati,63600.0,66758.0,531.559514,144.713754,43.497148,13.63646,2026-06,2026-06.xlsx,130358.0
323,Delhi,Gwalior,2713.0,2123.0,0.079,0.0,0.0,0.0,2026-06,2026-06.xlsx,4836.0
324,Delhi,Hirasar (Rajkot),16308.0,12822.0,38.662833,42.6949,6.881398,10.38118,2026-06,2026-06.xlsx,29130.0
325,Delhi,Hisar,24.0,29.0,0.0,0.0,0.0,0.0,2026-06,2026-06.xlsx,53.0
326,Delhi,Hubli,5371.0,4067.0,12.328,1.161,5.457,3.062,2026-06,2026-06.xlsx,9438.0
327,Delhi,Hyderabad,134804.0,123177.0,1226.476337,812.413432,79.623306,24.798121,2026-06,2026-06.xlsx,257981.0
328,Delhi,Imphal,15464.0,14842.0,145.665167,92.439,11.157472,6.329,2026-06,2026-06.xlsx,30306.0
329,Delhi,Indore,47859.0,43319.0,266.384445,123.716289,21.45223,7.389761,2026-06,2026-06.xlsx,91178.0
330,Delhi,Itanagar,5208.0,4797.0,0.701,0.124,0.0,0.0,2026-06,2026-06.xlsx,10005.0
331,Delhi,Jabalpur,9834.0,8255.0,0.779,5.937,4.505,0.677,2026-06,2026-06.xlsx,18089.0
332,Delhi,Jagdalpur,305.0,487.0,0.0,0.0,0.0,0.0,2026-06,2026-06.xlsx,792.0
333,Delhi,Jaipur,21396.0,18946.0,43.681922,118.932392,32.109854,12.874,2026-06,2026-06.xlsx,40342.0
334,Delhi,Jammu,34998.0,33746.0,62.330963,15.488735,9.712776,2.449409,2026-06,2026-06.xlsx,68744.0
335,Delhi,Jharsuguda,6391.0,5181.0,0.029,0.0,0.0,0.0,2026-06,2026-06.xlsx,11572.0
336,Delhi,Jodhpur,10126.0,9678.0,4.961,0.375667,9.934762,9.482,2026-06,2026-06.xlsx,19804.0
337,Delhi,Jorhat,2713.0,2661.0,0.594,0.001,0.0,0.0,2026-06,2026-06.xlsx,5374.0
338,Delhi,Kannur,6269.0,4480.0,2.436,1.193,0.0,0.0,2026-06,2026-06.xlsx,10749.0
339,Delhi,Kanpur,4542.0,5558.0,0.506,0.0,3.143,0.0,2026-06,2026-06.xlsx,10100.0
340,Delhi,Khajuraho,1545.0,1480.0,0.029,0.0,0.0,0.0,2026-06,2026-06.xlsx,3025.0
341,Delhi,Kochi,44072.0,37416.0,394.472385,243.633742,25.52109,27.86153,2026-06,2026-06.xlsx,81488.0
342,Delhi,Kolkata,119800.0,121912.0,1629.750169,1788.028846,132.70824,38.15259,2026-06,2026-06.xlsx,241712.0
343,Delhi,Kozhikode,5175.0,4749.0,13.506,1.254,3.149,0.0,2026-06,2026-06.xlsx,9924.0
344,Delhi,Kullu,693.0,418.0,0.0,0.0,0.0,0.0,2026-06,2026-06.xlsx,1111.0
345,Delhi,Leh,47126.0,51085.0,101.123656,6.109583,7.74275,15.948,2026-06,2026-06.xlsx,98211.0
346,Delhi,Lucknow,59992.0,59100.0,181.088696,80.342797,70.403417,23.628,2026-06,2026-06.xlsx,119092.0
347,Delhi,Ludhiana,5131.0,6362.0,0.0,0.0,0.0,0.0,2026-06,2026-06.xlsx,11493.0
348,Delhi,Madurai,4995.0,4641.0,31.55,95.43,8.648,2.429,2026-06,2026-06.xlsx,9636.0
349,Delhi,Mangalore (Mangaluru),4421.0,3939.0,7.513,3.898,0.047,35.376,2026-06,2026-06.xlsx,8360.0
350,Delhi,Mumbai,267073.0,218850.0,4090.538071,2714.070218,45.9551,91.817225,2026-06,2026-06.xlsx,485923.0
351,Delhi,Mumbai,25721.0,21631.0,86.913746,140.202653,7.126,0.0,2026-06,2026-06.xlsx,47352.0
352,Delhi,Nagpur,36025.0,30151.0,198.730335,78.1595,12.765426,18.455,2026-06,2026-06.xlsx,66176.0
353,Delhi,Nashik,6573.0,5402.0,14.316,17.221,0.677,0.439,2026-06,2026-06.xlsx,11975.0
354,Delhi,Pantnagar,4183.0,3421.0,0.06,0.0,0.0,0.0,2026-06,2026-06.xlsx,7604.0
355,Delhi,Patna,68026.0,67973.0,296.823419,114.242333,85.134241,28.91438,2026-06,2026-06.xlsx,135999.0
356,Delhi,Pithoragarh,411.0,217.0,0.0,0.0,0.0,0.0,2026-06,2026-06.xlsx,628.0
357,Delhi,Port Blair,4388.0,4081.0,46.202632,21.943333,1.96475,4.61345,2026-06,2026-06.xlsx,8469.0
358,Delhi,Pune,125937.0,107782.0,1443.786218,1321.978055,15.781623,6.89107,2026-06,2026-06.xlsx,233719.0
359,Delhi,Purnea,4986.0,5145.0,0.093,0.0,0.0,0.0,2026-06,2026-06.xlsx,10131.0
360,Delhi,Raipur,38411.0,34279.0,247.859501,21.635,20.521014,10.19804,2026-06,2026-06.xlsx,72690.0
361,Delhi,Rajahmundry,2966.0,2484.0,0.807,0.546,0.0,0.0,2026-06,2026-06.xlsx,5450.0
362,Delhi,Ranchi,43199.0,39731.0,275.99298,32.891732,21.093097,9.26382,2026-06,2026-06.xlsx,82930.0
363,Delhi,Rewa,809.0,738.0,0.0,0.0,0.0,0.0,2026-06,2026-06.xlsx,1547.0
364,Delhi,Shillong,716.0,558.0,0.0,0.0,0.0,0.0,2026-06,2026-06.xlsx,1274.0
365,Delhi,Shimla,782.0,526.0,0.0,0.0,0.0,0.0,2026-06,2026-06.xlsx,1308.0
366,Delhi,Shirdi,5999.0,4930.0,0.241,0.874,0.0,0.0,2026-06,2026-06.xlsx,10929.0
367,Delhi,Silchar,1053.0,1103.0,0.307,0.1,0.0,0.0,2026-06,2026-06.xlsx,2156.0
368,Delhi,Srinagar,99110.0,93583.0,259.113349,560.995316,11.542166,36.143,2026-06,2026-06.xlsx,192693.0
369,Delhi,Surat,32389.0,25457.0,105.528834,212.66833,10.148357,5.6809,2026-06,2026-06.xlsx,57846.0
370,Delhi,Thiruvananthapuram,16414.0,15734.0,103.562235,30.992,28.589315,6.90228,2026-06,2026-06.xlsx,32148.0
371,Delhi,Tiruchirappalli,3698.0,2700.0,1.156,0.409,0.0,0.0,2026-06,2026-06.xlsx,6398.0
372,Delhi,Tirupati,2686.0,2468.0,10.431,3.09,0.0,1.052,2026-06,2026-06.xlsx,5154.0
373,Delhi,Udaipur,16944.0,15732.0,10.550333,0.452,0.0,0.0,2026-06,2026-06.xlsx,32676.0
374,Delhi,Vadodara,25160.0,20138.0,55.443168,0.0,4.111771,0.0,2026-06,2026-06.xlsx,45298.0
375,Delhi,Varanasi,37463.0,37272.0,143.669333,41.480833,37.596286,4.195,2026-06,2026-06.xlsx,74735.0
376,Delhi,Vijaywada,11233.0,9459.0,70.74177,12.680499,6.725719,2.876,2026-06,2026-06.xlsx,20692.0
377,Delhi,Vishakhapatnam (Visakhapatnam),21636.0,18495.0,111.14969,70.92946,11.737703,2.868,2026-06,2026-06.xlsx,40131.0
378,Deoghar,Kolkata,303.0,197.0,0.0,0.015,0.0,0.0,2026-06,2026-06.xlsx,500.0
379,Deoghar,Mumbai,2113.0,2071.0,0.0,0.012,0.0,0.0,2026-06,2026-06.xlsx,4184.0
380,Dharamsala,Shimla,108.0,110.0,0.0,0.0,0.0,0.0,2026-06,2026-06.xlsx,218.0
381,Dibrugarh,Guwahati,8487.0,10862.0,1.512667,1.794334,5.39,9.79666,2026-06,2026-06.xlsx,19349.0
382,Dibrugarh,Kolkata,9599.0,7335.0,38.591,27.476,1.768,4.014,2026-06,2026-06.xlsx,16934.0
383,Dimapur,Guwahati,4256.0,5412.0,18.245,4.0585,0.0,0.662619,2026-06,2026-06.xlsx,9668.0
384,Dimapur,Imphal,621.0,557.0,0.0,0.0,0.0,0.0,2026-06,2026-06.xlsx,1178.0
385,Dimapur,Kolkata,4490.0,3249.0,18.596,12.794,6.585,3.632,2026-06,2026-06.xlsx,7739.0
386,Diu,"Goa (Mopa, North Goa)",1322.0,1663.0,0.0,0.0,0.0,0.0,2026-06,2026-06.xlsx,2985.0
387,Diu,Keshod,30.0,66.0,0.0,0.0,0.0,0.0,2026-06,2026-06.xlsx,96.0
388,Diu,Mumbai,625.0,513.0,0.0,0.0,0.0,0.0,2026-06,2026-06.xlsx,1138.0
389,Diu,Mumbai,1386.0,1147.0,0.0,0.03,0.0,0.0,2026-06,2026-06.xlsx,2533.0
390,Diu,Surat,1432.0,1258.0,0.0,0.0,0.0,0.0,2026-06,2026-06.xlsx,2690.0
391,Durgapur,Hyderabad,6586.0,4646.0,11.436,1.595,0.0,0.0,2026-06,2026-06.xlsx,11232.0
392,Durgapur,Mumbai,3539.0,2828.0,12.818,0.566,0.0,0.0,2026-06,2026-06.xlsx,6367.0
393,Gautam Buddha Nagar,Hyderabad,1929.0,1813.0,17.443,0.216,0.0,0.0,2026-06,2026-06.xlsx,3742.0
394,Gautam Buddha Nagar,Jammu,1016.0,632.0,0.0,0.0,0.0,0.0,2026-06,2026-06.xlsx,1648.0
395,Gautam Buddha Nagar,Lucknow,119.0,167.0,1.545,0.386,0.0,0.0,2026-06,2026-06.xlsx,286.0
396,Gautam Buddha Nagar,Mumbai,2477.0,2066.0,32.061,0.02,0.0,0.0,2026-06,2026-06.xlsx,4543.0
397,Gaya,Kolkata,3229.0,3375.0,0.0,0.218,0.0,0.0,2026-06,2026-06.xlsx,6604.0
398,Ghaziabad,Kishangarh,464.0,522.0,0.0,0.0,0.0,0.0,2026-06,2026-06.xlsx,986.0
399,Ghaziabad,Kolkata,3256.0,3346.0,0.0,0.0,0.0,0.0,2026-06,2026-06.xlsx,6602.0
400,Ghaziabad,Mumbai,4641.0,3034.0,0.0,0.0,0.0,0.0,2026-06,2026-06.xlsx,7675.0
401,Ghaziabad,Mundra,174.0,175.0,0.0,0.0,0.0,0.0,2026-06,2026-06.xlsx,349.0
402,Ghaziabad,Nanded,2255.0,2509.0,0.0,0.0,0.0,0.0,2026-06,2026-06.xlsx,4764.0
403,Ghaziabad,Varanasi,3099.0,2873.0,0.0,0.0,0.0,0.0,2026-06,2026-06.xlsx,5972.0
404,"Goa (Dabolim, South Goa)",Hyderabad,21397.0,20314.0,44.477,8.388,1.307,0.567,2026-06,2026-06.xlsx,41711.0
405,"Goa (Dabolim, South Goa)",Indore,5763.0,5473.0,0.75,2.562,0.089,0.0,2026-06,2026-06.xlsx,11236.0
406,"Goa (Dabolim, South Goa)",Jaipur,24.0,0.0,0.0,0.0,0.0,0.0,2026-06,2026-06.xlsx,24.0
407,"Goa (Dabolim, South Goa)",Kochi,4656.0,4359.0,11.806,0.057,0.654,0.0,2026-06,2026-06.xlsx,9015.0
408,"Goa (Dabolim, South Goa)",Kolkata,5957.0,6728.0,11.732,16.63,1.356,0.636,2026-06,2026-06.xlsx,12685.0
409,"Goa (Dabolim, South Goa)",Lucknow,3981.0,4091.0,3.302,20.89,0.341,0.006,2026-06,2026-06.xlsx,8072.0
410,"Goa (Dabolim, South Goa)",Mumbai,57474.0,55092.0,73.991612,70.005378,7.59719,16.75116,2026-06,2026-06.xlsx,112566.0
411,"Goa (Dabolim, South Goa)",Mumbai,8650.0,7083.0,0.165,0.086,0.0,0.0,2026-06,2026-06.xlsx,15733.0
412,"Goa (Dabolim, South Goa)",Nashik,674.0,574.0,0.008,0.0,0.0,0.0,2026-06,2026-06.xlsx,1248.0
413,"Goa (Dabolim, South Goa)",Pune,4533.0,4305.0,0.358,2.183,0.0,0.0,2026-06,2026-06.xlsx,8838.0
414,"Goa (Dabolim, South Goa)",Raipur,5877.0,6173.0,2.495,1.004,0.074,0.0,2026-06,2026-06.xlsx,12050.0
415,"Goa (Dabolim, South Goa)",Surat,5887.0,5184.0,3.532,28.277,0.128,0.126,2026-06,2026-06.xlsx,11071.0
416,"Goa (Mopa, North Goa)",Hyderabad,21222.0,20309.0,32.926086,2.984,9.951177,0.206,2026-06,2026-06.xlsx,41531.0
417,"Goa (Mopa, North Goa)",Jaipur,4339.0,4407.0,6.424,23.075,0.0,4.571,2026-06,2026-06.xlsx,8746.0
418,"Goa (Mopa, North Goa)",Jalgaon,1911.0,1664.0,0.0,0.0,0.0,0.0,2026-06,2026-06.xlsx,3575.0
419,"Goa (Mopa, North Goa)",Kolkata,3227.0,3314.0,4.945,1.109,0.0,0.0,2026-06,2026-06.xlsx,6541.0
420,"Goa (Mopa, North Goa)",Mumbai,30403.0,29361.0,66.88788,15.049085,0.0,5.380177,2026-06,2026-06.xlsx,59764.0
421,"Goa (Mopa, North Goa)",Mumbai,14181.0,13170.0,1.088,22.653,0.0,0.0,2026-06,2026-06.xlsx,27351.0
422,"Goa (Mopa, North Goa)",Mundra,259.0,303.0,0.0,0.0,0.0,0.0,2026-06,2026-06.xlsx,562.0
423,"Goa (Mopa, North Goa)",Nagpur,5078.0,4255.0,2.367,0.008,0.206,0.0,2026-06,2026-06.xlsx,9333.0
424,"Goa (Mopa, North Goa)",Nanded,1459.0,1516.0,0.0,0.0,0.0,0.0,2026-06,2026-06.xlsx,2975.0
425,"Goa (Mopa, North Goa)",Pune,14087.0,13342.0,54.26091,32.981,0.253,0.0,2026-06,2026-06.xlsx,27429.0
426,"Goa (Mopa, North Goa)",Shivamogga,1314.0,1125.0,0.0,0.0,0.0,0.0,2026-06,2026-06.xlsx,2439.0
427,"Goa (Mopa, North Goa)",Solapur,578.0,803.0,0.0,0.0,0.0,0.0,2026-06,2026-06.xlsx,1381.0
428,"Goa (Mopa, North Goa)",Vijaywada,12.0,0.0,0.0,0.0,0.0,0.0,2026-06,2026-06.xlsx,12.0
429,Gorakhpur,Guwahati,0.0,209.0,0.0,0.0,0.0,0.0,2026-06,2026-06.xlsx,209.0
430,Gorakhpur,Hyderabad,7544.0,6320.0,0.0,1.115,0.0,0.679,2026-06,2026-06.xlsx,13864.0
431,Gorakhpur,Kolkata,3740.0,3174.0,0.0,0.006,0.0,0.0,2026-06,2026-06.xlsx,6914.0
432,Gorakhpur,Mumbai,11218.0,11239.0,0.0,10.53349,0.0,1.419,2026-06,2026-06.xlsx,22457.0
433,Gorakhpur,Mumbai,3451.0,4241.0,0.0,0.23,0.0,0.0,2026-06,2026-06.xlsx,7692.0
434,Gorakhpur,Vijaywada,182.0,0.0,0.0,0.0,0.0,0.0,2026-06,2026-06.xlsx,182.0
435,Guwahati,Hyderabad,17000.0,15936.0,19.479,64.011827,8.24095,4.216,2026-06,2026-06.xlsx,32936.0
436,Guwahati,Imphal,18350.0,17519.0,186.551532,31.468,21.061686,7.332,2026-06,2026-06.xlsx,35869.0
437,Guwahati,Itanagar,198.0,184.0,0.0,0.0,0.0,0.0,2026-06,2026-06.xlsx,382.0
438,Guwahati,Jaipur,10405.0,9632.0,2.849,57.572222,1.60956,0.529,2026-06,2026-06.xlsx,20037.0
439,Guwahati,Kochi,466.0,553.0,5.885,2.411,0.0,0.0,2026-06,2026-06.xlsx,1019.0
440,Guwahati,Kolkata,37282.0,34899.0,92.178701,350.140935,11.29742,38.736847,2026-06,2026-06.xlsx,72181.0
441,Guwahati,Lucknow,4199.0,3693.0,3.817,11.808,3.071,1.319,2026-06,2026-06.xlsx,7892.0
442,Guwahati,Mumbai,17249.0,15908.0,58.579,135.19397,6.24456,16.9347,2026-06,2026-06.xlsx,33157.0
443,Guwahati,Mumbai,879.0,732.0,0.198,1.039,0.0,0.0,2026-06,2026-06.xlsx,1611.0
444,Guwahati,Pasighat,14.0,18.0,0.0,0.0,0.0,0.0,2026-06,2026-06.xlsx,32.0
445,Guwahati,Pune,5334.0,3724.0,16.308,21.189,1.329,0.755,2026-06,2026-06.xlsx,9058.0
446,Guwahati,Silchar,5901.0,6156.0,4.611,0.034,6.327,0.0,2026-06,2026-06.xlsx,12057.0
447,Guwahati,Tezu,292.0,229.0,0.0,0.0,0.0,0.0,2026-06,2026-06.xlsx,521.0
448,Guwahati,Thiruvananthapuram,31.0,95.0,0.0,0.0,0.0,0.0,2026-06,2026-06.xlsx,126.0
449,Guwahati,Ziro,0.0,0.0,0.0,0.0,0.0,0.0,2026-06,2026-06.xlsx,0.0
450,Gwalior,Mumbai,5122.0,4815.0,0.0,0.157,0.0,0.0,2026-06,2026-06.xlsx,9937.0
451,Hirasar (Rajkot),Hyderabad,2726.0,2959.0,0.597,4.793,0.0,2.954,2026-06,2026-06.xlsx,5685.0
452,Hirasar (Rajkot),Mumbai,21223.0,24192.0,54.42,14.157116,7.10284,12.417043,2026-06,2026-06.xlsx,45415.0
453,Hirasar (Rajkot),Mumbai,977.0,660.0,0.0,0.0,0.0,0.0,2026-06,2026-06.xlsx,1637.0
454,Hirasar (Rajkot),Pune,2193.0,2271.0,2.354,0.427,0.0,0.0,2026-06,2026-06.xlsx,4464.0
455,Hisar,Jaipur,65.0,29.0,0.0,0.0,0.0,0.0,2026-06,2026-06.xlsx,94.0
456,Hubli,Hyderabad,3425.0,3178.0,0.003,0.027,1.32,2.819,2026-06,2026-06.xlsx,6603.0
457,Hubli,Mumbai,2689.0,2900.0,0.076,0.129,0.0,0.0,2026-06,2026-06.xlsx,5589.0
458,Hubli,Pune,820.0,904.0,0.204,0.0,0.0,0.527,2026-06,2026-06.xlsx,1724.0
459,Hyderabad,Indore,11695.0,11798.0,40.105,25.222,5.474,7.491,2026-06,2026-06.xlsx,23493.0
460,Hyderabad,Jabalpur,1807.0,1927.0,0.004,0.003,2.124,0.0,2026-06,2026-06.xlsx,3734.0
461,Hyderabad,Jagdalpur,2179.0,1960.0,0.038,0.0,0.0,0.0,2026-06,2026-06.xlsx,4139.0
462,Hyderabad,Jaipur,14527.0,15802.0,38.449,162.98,4.588,12.42,2026-06,2026-06.xlsx,30329.0
463,Hyderabad,Jalgaon,1596.0,1520.0,0.0,0.0,0.0,0.0,2026-06,2026-06.xlsx,3116.0
464,Hyderabad,Jammu,1278.0,1338.0,0.433,0.0,0.093,0.0,2026-06,2026-06.xlsx,2616.0
465,Hyderabad,Jharsuguda,1922.0,2061.0,0.0,0.0,0.0,0.0,2026-06,2026-06.xlsx,3983.0
466,Hyderabad,Jodhpur,3835.0,3670.0,0.276,0.0,1.331,7.691,2026-06,2026-06.xlsx,7505.0
467,Hyderabad,Kannur,1251.0,1281.0,0.003,0.001,0.183,0.0,2026-06,2026-06.xlsx,2532.0
468,Hyderabad,Kanpur,1158.0,2012.0,0.004,0.0,0.0,0.0,2026-06,2026-06.xlsx,3170.0
469,Hyderabad,Kochi,23652.0,24124.0,39.614,24.498,9.478,18.517,2026-06,2026-06.xlsx,47776.0
470,Hyderabad,Kolhapur,1956.0,1630.0,0.112,0.0,0.0,0.0,2026-06,2026-06.xlsx,3586.0
471,Hyderabad,Kolkata,33095.0,42186.0,164.765,236.878,13.443,30.9046,2026-06,2026-06.xlsx,75281.0
472,Hyderabad,Kozhikode,4279.0,4702.0,2.134,0.02,2.495,0.0,2026-06,2026-06.xlsx,8981.0
473,Hyderabad,Lucknow,11303.0,12469.0,56.916,54.275,7.296,1.568,2026-06,2026-06.xlsx,23772.0
474,Hyderabad,Madurai,6910.0,7267.0,10.31,76.987,14.714,1.648,2026-06,2026-06.xlsx,14177.0
475,Hyderabad,Malvan,1659.0,1685.0,0.0,0.0,0.0,0.0,2026-06,2026-06.xlsx,3344.0
476,Hyderabad,Mangalore (Mangaluru),3543.0,3769.0,0.194,0.0,2.243,0.549,2026-06,2026-06.xlsx,7312.0
477,Hyderabad,Mumbai,77119.0,86464.0,681.154302,929.220833,23.556935,40.821692,2026-06,2026-06.xlsx,163583.0
478,Hyderabad,Mumbai,8632.0,8992.0,1.47,35.034,0.0,3.164,2026-06,2026-06.xlsx,17624.0
479,Hyderabad,Mysore,2053.0,1698.0,0.011,0.0,0.0,0.0,2026-06,2026-06.xlsx,3751.0
480,Hyderabad,Nagpur,4952.0,5302.0,0.155,0.029,1.265,0.0,2026-06,2026-06.xlsx,10254.0
481,Hyderabad,Nanded,1300.0,1227.0,0.0,0.0,0.0,0.0,2026-06,2026-06.xlsx,2527.0
482,Hyderabad,Nashik,2311.0,2336.0,0.008,0.023,0.356,0.072,2026-06,2026-06.xlsx,4647.0
483,Hyderabad,Patna,13962.0,16086.0,41.969,46.537,5.637,3.102,2026-06,2026-06.xlsx,30048.0
484,Hyderabad,Pondicherry (Puducherry),2166.0,1932.0,0.007,0.0,0.0,0.0,2026-06,2026-06.xlsx,4098.0
485,Hyderabad,Port Blair,6382.0,5760.0,37.955,12.782,5.782,0.0,2026-06,2026-06.xlsx,12142.0
486,Hyderabad,Pune,29404.0,30895.0,75.736,89.968,6.491,12.197,2026-06,2026-06.xlsx,60299.0
487,Hyderabad,Purnea,4184.0,5002.0,0.0,0.0,0.0,0.0,2026-06,2026-06.xlsx,9186.0
488,Hyderabad,Raipur,11067.0,13090.0,14.676,1.359,10.725,7.472,2026-06,2026-06.xlsx,24157.0
489,Hyderabad,Rajahmundry,15763.0,15353.0,0.588,1.511,0.0,0.0,2026-06,2026-06.xlsx,31116.0
490,Hyderabad,Ranchi,10844.0,14869.0,23.618,10.813809,1.754,8.40277,2026-06,2026-06.xlsx,25713.0
491,Hyderabad,Salem,1130.0,1133.0,0.004,0.0,0.0,0.0,2026-06,2026-06.xlsx,2263.0
492,Hyderabad,Shirdi,5688.0,5800.0,0.062,3.868,0.0,0.0,2026-06,2026-06.xlsx,11488.0
493,Hyderabad,Shivamogga,2159.0,2239.0,0.0,0.0,0.0,0.0,2026-06,2026-06.xlsx,4398.0
494,Hyderabad,Solapur,427.0,672.0,0.0,0.0,0.0,0.0,2026-06,2026-06.xlsx,1099.0
495,Hyderabad,Srinagar,5221.0,5900.0,3.27,38.669,0.668,3.009,2026-06,2026-06.xlsx,11121.0
496,Hyderabad,Surat,3984.0,4365.0,4.218,45.882,3.481,3.291,2026-06,2026-06.xlsx,8349.0
497,Hyderabad,Thiruvananthapuram,9073.0,10883.0,2.924,2.854,4.053,5.78,2026-06,2026-06.xlsx,19956.0
498,Hyderabad,Tiruchirappalli,4683.0,4554.0,1.351,0.226,7.37,0.0,2026-06,2026-06.xlsx,9237.0
499,Hyderabad,Tirupati,20577.0,19613.0,9.3555,1.919,13.90066,1.488,2026-06,2026-06.xlsx,40190.0
500,Hyderabad,Udaipur,4199.0,3842.0,1.947,0.018,0.0,0.0,2026-06,2026-06.xlsx,8041.0
501,Hyderabad,Vadodara,5614.0,5124.0,37.655,0.0,1.656,0.0,2026-06,2026-06.xlsx,10738.0
502,Hyderabad,Varanasi,12914.0,12884.0,6.87,25.179,2.245,0.426,2026-06,2026-06.xlsx,25798.0
503,Hyderabad,Vijaywada,17270.0,17177.0,1.1385,7.292,10.426,2.37,2026-06,2026-06.xlsx,34447.0
504,Hyderabad,Vishakhapatnam (Visakhapatnam),44202.0,46840.0,58.322967,62.88049,25.446842,1.808,2026-06,2026-06.xlsx,91042.0
505,Imphal,Jaipur,176.0,195.0,0.363,0.056,0.0,0.0,2026-06,2026-06.xlsx,371.0
506,Imphal,Kolkata,6993.0,7379.0,62.083,68.443,2.271,0.913,2026-06,2026-06.xlsx,14372.0
507,Imphal,Shillong,826.0,605.0,0.0,0.0,0.0,0.0,2026-06,2026-06.xlsx,1431.0
508,Imphal,Tezu,335.0,373.0,0.0,0.0,0.0,0.0,2026-06,2026-06.xlsx,708.0
509,Indore,Jabalpur,1619.0,1883.0,0.001,0.0,0.0,0.0,2026-06,2026-06.xlsx,3502.0
510,Indore,Jaipur,2504.0,2738.0,0.016,0.379,1.779,0.0,2026-06,2026-06.xlsx,5242.0
511,Indore,Kolkata,3839.0,5222.0,15.973,33.691,2.718,1.404,2026-06,2026-06.xlsx,9061.0
512,Indore,Lucknow,1926.0,2230.0,0.005,0.059,0.721,1.288,2026-06,2026-06.xlsx,4156.0
513,Indore,Mumbai,30220.0,30648.0,74.110333,90.037166,7.95138,15.568146,2026-06,2026-06.xlsx,60868.0
514,Indore,Mumbai,4111.0,3746.0,0.961,9.625,0.0,0.0,2026-06,2026-06.xlsx,7857.0
515,Indore,Nagpur,1035.0,1308.0,0.368,0.233,0.067,0.0,2026-06,2026-06.xlsx,2343.0
516,Indore,Pune,15251.0,14496.0,19.329167,27.3755,0.82091,0.983,2026-06,2026-06.xlsx,29747.0
517,Indore,Raipur,4387.0,3728.0,1.233,0.108,0.652,2.076,2026-06,2026-06.xlsx,8115.0
518,Indore,Rewa,973.0,1433.0,0.016,0.0,0.0,0.0,2026-06,2026-06.xlsx,2406.0
519,Indore,Vadodara,0.0,27.0,0.0,0.0,0.0,0.0,2026-06,2026-06.xlsx,27.0
520,Itanagar,Kolkata,3254.0,3110.0,0.107,0.759,0.0,0.0,2026-06,2026-06.xlsx,6364.0
521,Jabalpur,Mumbai,4111.0,3291.0,0.0,0.003,0.0,0.0,2026-06,2026-06.xlsx,7402.0
522,Jagdalpur,Raipur,172.0,157.0,0.0,0.0,0.0,0.0,2026-06,2026-06.xlsx,329.0
523,Jaipur,Jaisalmer,35.0,17.0,0.0,0.0,0.0,0.0,2026-06,2026-06.xlsx,52.0
524,Jaipur,Kochi,646.0,469.0,7.424,0.81,0.0,0.0,2026-06,2026-06.xlsx,1115.0
525,Jaipur,Kolkata,14121.0,13596.0,111.634,57.152,2.831,3.815,2026-06,2026-06.xlsx,27717.0
526,Jaipur,Kullu,344.0,129.0,0.0,0.0,0.0,0.0,2026-06,2026-06.xlsx,473.0
527,Jaipur,Lucknow,2351.0,2467.0,0.047,0.07,0.0,0.791,2026-06,2026-06.xlsx,4818.0
528,Jaipur,Mumbai,26072.0,25773.0,254.916718,181.841011,7.314,35.23679,2026-06,2026-06.xlsx,51845.0
529,Jaipur,Mumbai,6386.0,6059.0,27.501,12.924,1.306,0.0,2026-06,2026-06.xlsx,12445.0
530,Jaipur,Nagpur,759.0,680.0,0.051,0.019,0.0,0.0,2026-06,2026-06.xlsx,1439.0
531,Jaipur,Pune,10650.0,8970.0,92.019963,40.974167,0.0,2.17366,2026-06,2026-06.xlsx,19620.0
532,Jaipur,Surat,4474.0,4085.0,2.363,0.294,0.403,0.797,2026-06,2026-06.xlsx,8559.0
533,Jaipur,Udaipur,2743.0,2402.0,0.032,0.0,0.0,0.0,2026-06,2026-06.xlsx,5145.0
534,Jalgaon,Mumbai,705.0,497.0,0.0,0.0,0.0,0.0,2026-06,2026-06.xlsx,1202.0
535,Jalgaon,Pune,1596.0,1640.0,0.0,0.0,0.0,0.0,2026-06,2026-06.xlsx,3236.0
536,Jammu,Leh,998.0,1205.0,8.534,0.1,0.0,0.347,2026-06,2026-06.xlsx,2203.0
537,Jammu,Mumbai,2945.0,1823.0,0.048,1.77,0.0,0.107,2026-06,2026-06.xlsx,4768.0
538,Jammu,Mumbai,1135.0,1043.0,0.0,0.186,0.0,0.0,2026-06,2026-06.xlsx,2178.0
539,Jammu,Srinagar,13161.0,11931.0,6.58863,4.842707,0.0,4.713377,2026-06,2026-06.xlsx,25092.0
540,Jamnagar,Mumbai,8000.0,9737.0,0.0,13.319166,0.0,0.0,2026-06,2026-06.xlsx,17737.0
541,Jamnagar,Surat,943.0,999.0,0.0,0.0,0.0,0.0,2026-06,2026-06.xlsx,1942.0
542,Jeypore,Vishakhapatnam (Visakhapatnam),129.0,109.0,0.0,0.0,0.0,0.0,2026-06,2026-06.xlsx,238.0
543,Jharsuguda,Kolkata,1504.0,1668.0,0.0,0.003,0.0,0.0,2026-06,2026-06.xlsx,3172.0
544,Jharsuguda,Mumbai,1545.0,1439.0,0.0,0.0,0.0,0.0,2026-06,2026-06.xlsx,2984.0
545,Jodhpur,Mumbai,9518.0,10124.0,0.0,5.144995,1.8931,11.371402,2026-06,2026-06.xlsx,19642.0
546,Jodhpur,Pune,3658.0,3825.0,0.0,0.714,0.628,0.0,2026-06,2026-06.xlsx,7483.0
547,Jorhat,Kolkata,4335.0,3856.0,1.188,3.129,0.0,0.0,2026-06,2026-06.xlsx,8191.0
548,Kannur,Kochi,973.0,1471.0,0.001,0.002,0.0,0.0,2026-06,2026-06.xlsx,2444.0
549,Kannur,Mumbai,3140.0,3706.0,0.049,0.752,0.0,1.664,2026-06,2026-06.xlsx,6846.0
550,Kannur,Mumbai,896.0,1565.0,0.466,0.0,0.0,0.0,2026-06,2026-06.xlsx,2461.0
551,Kannur,Thiruvananthapuram,1142.0,1225.0,0.0,0.410667,0.0,0.0,2026-06,2026-06.xlsx,2367.0
552,Kanpur,Mumbai,6204.0,4611.0,1.682,7.245,0.0,6.115,2026-06,2026-06.xlsx,10815.0
553,Keshod,Porbandar,4.0,10.0,0.0,0.0,0.0,0.0,2026-06,2026-06.xlsx,14.0
554,Kishangarh,Lucknow,576.0,759.0,0.0,0.0,0.0,0.0,2026-06,2026-06.xlsx,1335.0
555,Kishangarh,Nagpur,1151.0,1547.0,0.0,0.0,0.0,0.0,2026-06,2026-06.xlsx,2698.0
556,Kishangarh,Pune,1227.0,1614.0,0.0,0.0,0.0,0.0,2026-06,2026-06.xlsx,2841.0
557,Kochi,Kolkata,0.0,176.0,0.0,1.061,0.0,0.05409,2026-06,2026-06.xlsx,176.0
558,Kochi,Mumbai,41075.0,42542.0,104.013567,222.415851,33.802399,24.458668,2026-06,2026-06.xlsx,83617.0
559,Kochi,Mumbai,5578.0,5623.0,0.01,16.023,0.0,0.0,2026-06,2026-06.xlsx,11201.0
560,Kochi,Patna,197.0,153.0,3.098,0.062,0.0,0.0,2026-06,2026-06.xlsx,350.0
561,Kochi,Pune,9492.0,8756.0,39.647667,47.721502,0.29,0.0,2026-06,2026-06.xlsx,18248.0
562,Kochi,Raipur,612.0,473.0,0.667,0.166,0.0,0.0,2026-06,2026-06.xlsx,1085.0
563,Kochi,Salem,899.0,852.0,0.0,0.0,0.0,0.0,2026-06,2026-06.xlsx,1751.0
564,Kochi,Thiruvananthapuram,1376.0,1844.0,0.0,0.029,0.0,0.0,2026-06,2026-06.xlsx,3220.0
565,Kochi,Vadodara,349.0,287.0,0.259,0.0,0.0,0.0,2026-06,2026-06.xlsx,636.0
566,Kochi,Varanasi,391.0,0.0,0.005,0.0,0.0,0.0,2026-06,2026-06.xlsx,391.0
567,Kolhapur,Mumbai,1938.0,2138.0,0.0,0.0,0.0,0.0,2026-06,2026-06.xlsx,4076.0
568,Kolhapur,Mumbai,3371.0,3296.0,1.851,3.208,0.0,0.0,2026-06,2026-06.xlsx,6667.0
569,Kolkata,Lilabari,300.0,399.0,0.0,0.0,0.0,0.0,2026-06,2026-06.xlsx,699.0
570,Kolkata,Lucknow,7990.0,8104.0,50.489,35.365,2.483,1.345,2026-06,2026-06.xlsx,16094.0
571,Kolkata,Mumbai,80095.0,69795.0,941.697366,618.818464,13.58069,36.714184,2026-06,2026-06.xlsx,149890.0
572,Kolkata,Mumbai,10618.0,8246.0,25.725,94.80684,0.0,1.099,2026-06,2026-06.xlsx,18864.0
573,Kolkata,Nagpur,6128.0,5298.0,12.828,18.783,0.123,3.765,2026-06,2026-06.xlsx,11426.0
574,Kolkata,Patna,11747.0,12648.0,28.665,31.889,2.397,9.957,2026-06,2026-06.xlsx,24395.0
575,Kolkata,Port Blair,19590.0,18270.0,181.394834,40.721667,16.788892,9.47518,2026-06,2026-06.xlsx,37860.0
576,Kolkata,Pune,21436.0,19564.0,150.7623,116.923,4.11872,3.149,2026-06,2026-06.xlsx,41000.0
577,Kolkata,Purnea,3021.0,3629.0,0.083,0.0,0.0,0.0,2026-06,2026-06.xlsx,6650.0
578,Kolkata,Raipur,10163.0,8826.0,27.401,1.199,1.285,1.588,2026-06,2026-06.xlsx,18989.0
579,Kolkata,Ranchi,7908.0,7335.0,0.677,0.208,0.0,1.271,2026-06,2026-06.xlsx,15243.0
580,Kolkata,Rupsi,208.0,212.0,0.0,0.0,0.0,0.0,2026-06,2026-06.xlsx,420.0
581,Kolkata,Shillong,2556.0,1948.0,0.121,0.0,0.0,0.0,2026-06,2026-06.xlsx,4504.0
582,Kolkata,Silchar,8187.0,9320.0,39.855,0.575,1.27,0.0,2026-06,2026-06.xlsx,17507.0
583,Kolkata,Srinagar,2571.0,979.0,0.675,23.167,0.0,0.0,2026-06,2026-06.xlsx,3550.0
584,Kolkata,Surat,5574.0,3458.0,34.834,63.952,0.0,0.531,2026-06,2026-06.xlsx,9032.0
585,Kolkata,Tiruchirappalli,2.0,0.0,0.0,0.0,0.0,0.0,2026-06,2026-06.xlsx,2.0
586,Kolkata,Varanasi,9450.0,10888.0,4.198,19.672,3.342,0.0,2026-06,2026-06.xlsx,20338.0
587,Kolkata,Vishakhapatnam (Visakhapatnam),3026.0,2135.0,1.004,21.94,0.0,0.0,2026-06,2026-06.xlsx,5161.0
588,Kozhikode,Mumbai,6945.0,6502.0,0.014,9.259,0.0,6.046,2026-06,2026-06.xlsx,13447.0
589,Kurnool,Vijaywada,263.0,253.0,0.0,0.0,0.0,0.0,2026-06,2026-06.xlsx,516.0
590,Kurnool,Vishakhapatnam (Visakhapatnam),332.0,316.0,0.0,0.0,0.0,0.0,2026-06,2026-06.xlsx,648.0
591,Leh,Mumbai,3465.0,3811.0,0.543,1.698,0.0,0.0,2026-06,2026-06.xlsx,7276.0
592,Leh,Srinagar,976.0,758.0,0.0,0.0,0.038,0.0,2026-06,2026-06.xlsx,1734.0
593,Lucknow,Mumbai,42571.0,37976.0,74.043666,186.892107,3.787,25.168913,2026-06,2026-06.xlsx,80547.0
594,Lucknow,Mumbai,12874.0,11651.0,0.149,19.40629,0.0,0.674,2026-06,2026-06.xlsx,24525.0
595,Lucknow,Nagpur,0.0,37.0,0.0,0.0,0.0,0.0,2026-06,2026-06.xlsx,37.0
596,Lucknow,Nashik,0.0,3.0,0.0,0.0,0.0,0.0,2026-06,2026-06.xlsx,3.0
597,Lucknow,Patna,3315.0,3496.0,6.333,3.294,3.997,11.067,2026-06,2026-06.xlsx,6811.0
598,Lucknow,Pune,9991.0,8966.0,57.9715,56.596433,1.462,0.782,2026-06,2026-06.xlsx,18957.0
599,Lucknow,Raipur,2289.0,1980.0,2.268,0.19,0.615,0.482,2026-06,2026-06.xlsx,4269.0
600,Lucknow,Ranchi,1107.0,1101.0,1.339,1.119,0.767,0.241,2026-06,2026-06.xlsx,2208.0
601,Madurai,Mumbai,5658.0,5993.0,50.275,10.668,0.255,2.216,2026-06,2026-06.xlsx,11651.0
602,Madurai,Mumbai,3593.0,3494.0,19.664,1.009,0.0,4.399,2026-06,2026-06.xlsx,7087.0
603,Malvan,Pune,1411.0,1557.0,0.0,0.0,0.0,0.0,2026-06,2026-06.xlsx,2968.0
604,Mangalore (Mangaluru),Mumbai,19575.0,19552.0,4.213167,25.800423,68.498,6.22762,2026-06,2026-06.xlsx,39127.0
605,Mangalore (Mangaluru),Mumbai,7220.0,5540.0,0.079,0.003,0.0,0.0,2026-06,2026-06.xlsx,12760.0
606,Mangalore (Mangaluru),Thiruvananthapuram,321.0,233.0,0.0,0.005,0.0,0.0,2026-06,2026-06.xlsx,554.0
607,Mumbai,Mundra,338.0,375.0,0.0,0.0,0.0,0.0,2026-06,2026-06.xlsx,713.0
608,Mumbai,Nagpur,24794.0,25686.0,82.83,62.36,45.591,16.038,2026-06,2026-06.xlsx,50480.0
609,Mumbai,Nanded,391.0,482.0,0.0,0.0,0.0,0.0,2026-06,2026-06.xlsx,873.0
610,Mumbai,Patna,17309.0,18548.0,106.341053,61.640733,16.422484,4.395,2026-06,2026-06.xlsx,35857.0
611,Mumbai,Porbandar,24.0,40.0,0.0,0.0,0.0,0.0,2026-06,2026-06.xlsx,64.0
612,Mumbai,Pune,0.0,0.0,0.0,0.0,0.0,0.0,2026-06,2026-06.xlsx,0.0
613,Mumbai,Raipur,14519.0,15416.0,72.463,38.23,17.379,3.111,2026-06,2026-06.xlsx,29935.0
614,Mumbai,Rajahmundry,1885.0,1421.0,1.053,0.367,0.0,0.0,2026-06,2026-06.xlsx,3306.0
615,Mumbai,Ranchi,15032.0,16314.0,79.917009,9.072467,8.716973,1.579,2026-06,2026-06.xlsx,31346.0
616,Mumbai,Solapur,489.0,522.0,0.0,0.0,0.0,0.0,2026-06,2026-06.xlsx,1011.0
617,Mumbai,Srinagar,15430.0,16966.0,39.326559,228.021333,4.810204,2.689,2026-06,2026-06.xlsx,32396.0
618,Mumbai,Surat,1.0,0.0,0.0,0.0,0.0,0.0,2026-06,2026-06.xlsx,1.0
619,Mumbai,Thiruvananthapuram,10197.0,10170.0,32.752442,1.424834,5.425875,2.91705,2026-06,2026-06.xlsx,20367.0
620,Mumbai,Tiruchirappalli,2585.0,2499.0,0.107,0.0,0.159,0.0,2026-06,2026-06.xlsx,5084.0
621,Mumbai,Udaipur,28296.0,27384.0,23.706667,22.957,0.0,0.0,2026-06,2026-06.xlsx,55680.0
622,Mumbai,Vadodara,13260.0,14387.0,23.413499,0.0,4.93735,0.0,2026-06,2026-06.xlsx,27647.0
623,Mumbai,Varanasi,28868.0,33676.0,68.342304,28.49807,6.530425,1.004,2026-06,2026-06.xlsx,62544.0
624,Mumbai,Vijaywada,6590.0,5728.0,33.810168,1.830468,10.36994,0.0687,2026-06,2026-06.xlsx,12318.0
625,Mumbai,Nagpur,4308.0,5068.0,10.122,0.195,0.912,0.0,2026-06,2026-06.xlsx,9376.0
626,Mumbai,Patna,3835.0,5162.0,8.911,33.679,0.809,0.0,2026-06,2026-06.xlsx,8997.0
627,Mumbai,Raipur,3603.0,3903.0,1.39,0.0,0.0,0.0,2026-06,2026-06.xlsx,7506.0
628,Mumbai,Srinagar,3067.0,3227.0,2.295,22.253,0.0,0.0,2026-06,2026-06.xlsx,6294.0
629,Mumbai,Surat,0.0,74.0,0.0,0.0,0.0,0.0,2026-06,2026-06.xlsx,74.0
630,Mumbai,Thiruvananthapuram,2944.0,5203.0,0.157,0.028,0.0,0.0,2026-06,2026-06.xlsx,8147.0
631,Mumbai,Tirupati,4735.0,4007.0,0.0,1.008,0.0,1.83,2026-06,2026-06.xlsx,8742.0
632,Mumbai,Vadodara,2794.0,2397.0,0.236,0.0,0.0,0.0,2026-06,2026-06.xlsx,5191.0
633,Mumbai,Varanasi,11939.0,15140.0,16.41281,0.16,0.0,0.0,2026-06,2026-06.xlsx,27079.0
634,Mumbai,Vishakhapatnam (Visakhapatnam),5097.0,5038.0,2.576,6.068,0.0,0.0,2026-06,2026-06.xlsx,10135.0
635,Mundra,Surat,155.0,163.0,0.0,0.0,0.0,0.0,2026-06,2026-06.xlsx,318.0
636,Nagpur,Nanded,983.0,1059.0,0.0,0.0,0.0,0.0,2026-06,2026-06.xlsx,2042.0
637,Nagpur,Pune,12245.0,13282.0,11.975,41.663,8.653,3.596,2026-06,2026-06.xlsx,25527.0
638,Nanded,Pune,1437.0,1269.0,0.0,0.0,0.0,0.0,2026-06,2026-06.xlsx,2706.0
639,Patna,Pune,7219.0,6485.0,27.823,27.382,2.047,1.47,2026-06,2026-06.xlsx,13704.0
640,Patna,Ranchi,3020.0,2710.0,0.531,1.045,1.907,0.127,2026-06,2026-06.xlsx,5730.0
641,Pondicherry (Puducherry),Rajahmundry,19.0,24.0,0.0,0.0,0.0,0.0,2026-06,2026-06.xlsx,43.0
642,Port Blair,Vishakhapatnam (Visakhapatnam),1013.0,0.0,0.355,0.0,0.0,0.0,2026-06,2026-06.xlsx,1013.0
643,Pune,Raipur,2075.0,2154.0,10.029,14.644,0.294,0.459,2026-06,2026-06.xlsx,4229.0
644,Pune,Ranchi,4453.0,5040.0,21.463,11.355,0.575,0.931,2026-06,2026-06.xlsx,9493.0
645,Pune,Surat,2732.0,2385.0,4.509,7.642,0.311,0.056,2026-06,2026-06.xlsx,5117.0
646,Pune,Vadodara,1956.0,1820.0,0.551,0.0,0.008,0.0,2026-06,2026-06.xlsx,3776.0
647,Pune,Varanasi,5539.0,6515.0,7.516,7.863,0.205,0.0,2026-06,2026-06.xlsx,12054.0
648,Raipur,Rewa,243.0,420.0,0.0,0.0,0.0,0.0,2026-06,2026-06.xlsx,663.0
649,Rajahmundry,Tirupati,284.0,141.0,0.0,0.0,0.0,0.0,2026-06,2026-06.xlsx,425.0
650,Rewa,Vadodara,9.0,0.0,0.0,0.0,0.0,0.0,2026-06,2026-06.xlsx,9.0
651,Shivamogga,Tirupati,1294.0,875.0,0.0,0.0,0.0,0.0,2026-06,2026-06.xlsx,2169.0
652,Tirupati,Vijaywada,337.0,652.0,0.001,0.0,0.667,0.0,2026-06,2026-06.xlsx,989.0
653,Tirupati,Vishakhapatnam (Visakhapatnam),1806.0,2004.0,0.001,0.0,0.0,0.799,2026-06,2026-06.xlsx,3810.0
654,Varanasi,Vishakhapatnam (Visakhapatnam),651.0,0.0,0.0,0.0,0.0,0.0,2026-06,2026-06.xlsx,651.0
655,Vijaywada,Vishakhapatnam (Visakhapatnam),3741.0,3499.0,0.0,0.509,0.0,1.724,2026-06,2026-06.xlsx,7240.0
1,Adampur,Ghaziabad,1190.0,1301.0,0.0,0.0,0.0,0.0,2026-07,2026-07.xlsx,2491.0
2,Adampur,Mumbai,4142.0,4010.0,0.0,0.14,0.0,0.0,2026-07,2026-07.xlsx,8152.0
3,Adampur,Nanded,279.0,0.0,0.0,0.0,0.0,0.0,2026-07,2026-07.xlsx,279.0
4,Agartala,Bagdogra,4063.0,4251.0,0.0725,6.315832,0.0,0.046376,2026-07,2026-07.xlsx,8314.0
5,Agartala,Bengaluru,3120.0,2647.0,0.525,11.735,0.0,0.641,2026-07,2026-07.xlsx,5767.0
6,Agartala,Delhi,4666.0,4513.0,2.988,29.83,1.651,0.462,2026-07,2026-07.xlsx,9179.0
7,Agartala,Dibrugarh,962.0,599.0,0.078,0.265,0.0,0.0,2026-07,2026-07.xlsx,1561.0
8,Agartala,Guwahati,8418.0,9749.0,1.814,54.486,2.856,8.39322,2026-07,2026-07.xlsx,18167.0
9,Agartala,Hyderabad,3904.0,3623.0,0.008,4.521,0.0,0.0,2026-07,2026-07.xlsx,7527.0
10,Agartala,Imphal,1124.0,1203.0,9.793,0.014,0.0,0.0,2026-07,2026-07.xlsx,2327.0
11,Agartala,Jaipur,152.0,114.0,0.0,0.032,0.0,0.0,2026-07,2026-07.xlsx,266.0
12,Agartala,Kolkata,33634.0,33006.0,26.497084,305.205424,4.328108,8.227264,2026-07,2026-07.xlsx,66640.0
13,Agartala,Silchar,282.0,319.0,0.003,0.002,0.0,0.0,2026-07,2026-07.xlsx,601.0
14,Agatti Island,Bengaluru,50.0,142.0,0.0,0.008,0.0,0.0,2026-07,2026-07.xlsx,192.0
15,Agatti Island,"Goa (Mopa, North Goa)",1537.0,1542.0,0.0,0.0,0.0,0.0,2026-07,2026-07.xlsx,3079.0
16,Agatti Island,Kochi,4391.0,5165.0,0.0,6.561,0.0,0.0,2026-07,2026-07.xlsx,9556.0
17,Agra,Bengaluru,4750.0,4587.0,18.082,5.599,0.0,0.0,2026-07,2026-07.xlsx,9337.0
18,Agra,Mumbai,1738.0,1022.0,4.804,1.512,0.0,0.0,2026-07,2026-07.xlsx,2760.0
19,Ahmedabad,Amritsar,1391.0,1278.0,0.354,1.191,0.0,0.0,2026-07,2026-07.xlsx,2669.0
20,Ahmedabad,Ayodhya,4334.0,5226.0,0.002,0.0,0.0,0.0,2026-07,2026-07.xlsx,9560.0
21,Ahmedabad,Bagdogra,471.0,632.0,1.699,8.701,0.0,0.283,2026-07,2026-07.xlsx,1103.0
22,Ahmedabad,Bengaluru,34344.0,33937.0,441.30647,355.776136,5.609,12.6473,2026-07,2026-07.xlsx,68281.0
23,Ahmedabad,Bhopal,2204.0,2258.0,0.039,0.012,0.855,1.008,2026-07,2026-07.xlsx,4462.0
24,Ahmedabad,Bhubaneswar,4292.0,4511.0,18.019,1.925,3.968,0.842,2026-07,2026-07.xlsx,8803.0
25,Ahmedabad,Chandigarh,4623.0,4535.0,39.619,18.215,2.415,1.878,2026-07,2026-07.xlsx,9158.0
26,Ahmedabad,Chennai,13997.0,13171.0,181.453,196.114,1.509,10.66208,2026-07,2026-07.xlsx,27168.0
27,Ahmedabad,Coimbatore,1088.0,1025.0,9.198,2.764,0.0,0.065,2026-07,2026-07.xlsx,2113.0
28,Ahmedabad,Dehradun,4243.0,4685.0,5.682,2.098,0.584,0.676,2026-07,2026-07.xlsx,8928.0
29,Ahmedabad,Delhi,82821.0,87309.0,1466.2249686,1454.9731972,12.8949,31.15145,2026-07,2026-07.xlsx,170130.0
30,Ahmedabad,Dibrugarh,339.0,387.0,2.431,0.499,0.0,0.001,2026-07,2026-07.xlsx,726.0
31,Ahmedabad,Diu,1820.0,2020.0,0.498,0.0,0.0,0.0,2026-07,2026-07.xlsx,3840.0
32,Ahmedabad,"Goa (Dabolim, South Goa)",9093.0,9252.0,16.415,8.09,0.0,0.302,2026-07,2026-07.xlsx,18345.0
33,Ahmedabad,"Goa (Mopa, North Goa)",684.0,732.0,0.031,0.019,0.0,0.0,2026-07,2026-07.xlsx,1416.0
34,Ahmedabad,Guwahati,4068.0,4484.0,29.413,18.258,35.275,0.051,2026-07,2026-07.xlsx,8552.0
35,Ahmedabad,Hyderabad,21758.0,21148.0,168.082,117.636,3.757,4.229,2026-07,2026-07.xlsx,42906.0
36,Ahmedabad,Indore,4096.0,4556.0,0.359,0.061,0.458,1.821,2026-07,2026-07.xlsx,8652.0
37,Ahmedabad,Jaipur,6272.0,6227.0,0.408,6.204,1.164,0.0,2026-07,2026-07.xlsx,12499.0
38,Ahmedabad,Jalgaon,770.0,765.0,0.0,0.0,0.0,0.0,2026-07,2026-07.xlsx,1535.0
39,Ahmedabad,Jammu,1199.0,595.0,1.84,0.0,0.0,0.0,2026-07,2026-07.xlsx,1794.0
40,Ahmedabad,Jamnagar,561.0,536.0,0.0,0.0,0.0,0.0,2026-07,2026-07.xlsx,1097.0
41,Ahmedabad,Jodhpur,787.0,1073.0,0.0,0.004,0.0,0.0,2026-07,2026-07.xlsx,1860.0
42,Ahmedabad,Keshod,140.0,95.0,0.0,0.0,0.0,0.0,2026-07,2026-07.xlsx,235.0
43,Ahmedabad,Kochi,3619.0,2889.0,32.572,27.664,1.389,2.174,2026-07,2026-07.xlsx,6508.0
44,Ahmedabad,Kolhapur,0.0,13.0,0.0,0.0,0.0,0.0,2026-07,2026-07.xlsx,13.0
45,Ahmedabad,Kolkata,16671.0,17053.0,228.7685,133.047,5.043,4.485,2026-07,2026-07.xlsx,33724.0
46,Ahmedabad,Lucknow,6153.0,8106.0,44.773,23.581,4.29,1.504,2026-07,2026-07.xlsx,14259.0
47,Ahmedabad,Mumbai,66720.0,64923.0,980.6939792,800.0183445,26.9368,57.395717,2026-07,2026-07.xlsx,131643.0
48,Ahmedabad,Mumbai,3066.0,2709.0,1.27,0.069,0.0,0.0,2026-07,2026-07.xlsx,5775.0
49,Ahmedabad,Nagpur,2941.0,3187.0,0.064,0.052,0.933,4.059,2026-07,2026-07.xlsx,6128.0
50,Ahmedabad,Nanded,1726.0,1582.0,0.0,0.0,0.0,0.0,2026-07,2026-07.xlsx,3308.0
51,Ahmedabad,Nashik,1981.0,1941.0,0.004,0.017,0.0,0.0,2026-07,2026-07.xlsx,3922.0
52,Ahmedabad,Patna,3983.0,5361.0,36.215,5.592,5.184,3.354,2026-07,2026-07.xlsx,9344.0
53,Ahmedabad,Porbandar,15.0,8.0,0.0,0.0,0.0,0.0,2026-07,2026-07.xlsx,23.0
54,Ahmedabad,Pune,30463.0,31386.0,129.40293,147.52996,6.904,2.596,2026-07,2026-07.xlsx,61849.0
55,Ahmedabad,Purnea,2289.0,2401.0,0.0,0.0,0.0,0.0,2026-07,2026-07.xlsx,4690.0
56,Ahmedabad,Raipur,4390.0,4731.0,16.269,0.361,2.174,1.174,2026-07,2026-07.xlsx,9121.0
57,Ahmedabad,Ranchi,2919.0,3568.0,13.103,1.467,1.691,0.765,2026-07,2026-07.xlsx,6487.0
58,Ahmedabad,Srinagar,2382.0,1517.0,1.919,0.785,1.117,0.0,2026-07,2026-07.xlsx,3899.0
59,Ahmedabad,Surat,0.0,166.0,0.0,0.0,0.0,0.0,2026-07,2026-07.xlsx,166.0
60,Ahmedabad,Varanasi,3936.0,5905.0,17.424,18.148,1.618,0.129,2026-07,2026-07.xlsx,9841.0
61,Ahmedabad,Vishakhapatnam (Visakhapatnam),70.0,137.0,2.818,2.665,0.0,0.0,2026-07,2026-07.xlsx,207.0
62,Aizawl,Delhi,4761.0,4209.0,15.224,18.278,0.023,0.219,2026-07,2026-07.xlsx,8970.0
63,Aizawl,Guwahati,4802.0,5221.0,2.383,11.291,4.85,7.335,2026-07,2026-07.xlsx,10023.0
64,Aizawl,Kolkata,5117.0,4537.0,16.099,11.467,15.253,7.953,2026-07,2026-07.xlsx,9654.0
65,Aizawl,Lucknow,81.0,47.0,0.08,0.0,0.0,0.0,2026-07,2026-07.xlsx,128.0
66,Aizawl,Shillong,117.0,144.0,0.0,0.0,0.0,0.0,2026-07,2026-07.xlsx,261.0
67,Allahabad (Prayagraj),Bengaluru,2917.0,2868.0,0.007,0.744,1.176,0.933,2026-07,2026-07.xlsx,5785.0
68,Allahabad (Prayagraj),Bhubaneswar,582.0,588.0,0.0,0.0,0.0,0.257,2026-07,2026-07.xlsx,1170.0
69,Allahabad (Prayagraj),Bilaspur,158.0,79.0,0.0,0.0,0.0,0.0,2026-07,2026-07.xlsx,237.0
70,Allahabad (Prayagraj),Delhi,4260.0,4004.0,0.355,1.363,0.981,4.296,2026-07,2026-07.xlsx,8264.0
71,Allahabad (Prayagraj),Hyderabad,1960.0,1826.0,0.0,0.046,0.573,1.035,2026-07,2026-07.xlsx,3786.0
72,Allahabad (Prayagraj),Mumbai,4590.0,3963.0,0.002,0.751,0.611,1.518,2026-07,2026-07.xlsx,8553.0
73,Ambikapur,Bilaspur,256.0,145.0,0.0,0.0,0.0,0.0,2026-07,2026-07.xlsx,401.0
74,Ambikapur,Delhi,151.0,193.0,0.0,0.0,0.0,0.0,2026-07,2026-07.xlsx,344.0
75,Ambikapur,Kolkata,43.0,69.0,0.0,0.0,0.0,0.0,2026-07,2026-07.xlsx,112.0
76,Amravati,Mumbai,995.0,890.0,0.0,0.0,0.0,0.0,2026-07,2026-07.xlsx,1885.0
77,Amritsar,Bengaluru,3104.0,2428.0,19.825,4.041,0.0,3.985,2026-07,2026-07.xlsx,5532.0
78,Amritsar,Delhi,34800.0,36134.0,38.6392,76.3785689,0.0,0.07542,2026-07,2026-07.xlsx,70934.0
79,Amritsar,Gautam Buddha Nagar,1832.0,1158.0,0.0,0.053,0.0,0.0,2026-07,2026-07.xlsx,2990.0
80,Amritsar,Hyderabad,1070.0,971.0,5.088,0.58,0.0,0.0,2026-07,2026-07.xlsx,2041.0
81,Amritsar,Kochi,469.0,687.0,0.006,0.17,0.0,0.0,2026-07,2026-07.xlsx,1156.0
82,Amritsar,Kullu,23.0,13.0,0.0,0.0,0.0,0.0,2026-07,2026-07.xlsx,36.0
83,Amritsar,Mumbai,8717.0,8405.0,3.2154,20.7324669,0.0,3.12357,2026-07,2026-07.xlsx,17122.0
84,Amritsar,Pune,5811.0,5297.0,2.361,0.853501,0.0,0.0,2026-07,2026-07.xlsx,11108.0
85,Amritsar,Srinagar,3680.0,3880.0,0.0,0.022,0.0,0.0,2026-07,2026-07.xlsx,7560.0
86,Aurangabad,Bengaluru,1888.0,2037.0,0.0,1.542,0.0,1.789,2026-07,2026-07.xlsx,3925.0
87,Aurangabad,Delhi,9898.0,12327.0,0.0,151.0499165,0.012,3.6578,2026-07,2026-07.xlsx,22225.0
88,Aurangabad,Hyderabad,2233.0,1408.0,0.0,0.244,0.0,1.369,2026-07,2026-07.xlsx,3641.0
89,Aurangabad,Mumbai,4215.0,3660.0,0.0,13.441,0.14,24.933,2026-07,2026-07.xlsx,7875.0
90,Aurangabad,Mumbai,1049.0,1613.0,0.0,1.71,0.0,0.0,2026-07,2026-07.xlsx,2662.0
91,Ayodhya,Delhi,7166.0,6651.0,0.0,0.556,0.0,0.0,2026-07,2026-07.xlsx,13817.0
92,Ayodhya,Hisar,140.0,234.0,0.0,0.0,0.0,0.0,2026-07,2026-07.xlsx,374.0
93,Ayodhya,Hyderabad,991.0,906.0,0.0,0.004,0.0,0.0,2026-07,2026-07.xlsx,1897.0
94,Ayodhya,Mumbai,2729.0,1884.0,0.0,0.0,0.0,0.0,2026-07,2026-07.xlsx,4613.0
95,Bagdogra,Bengaluru,18874.0,16761.0,99.172644,275.793112,2.833117,7.0311,2026-07,2026-07.xlsx,35635.0
96,Bagdogra,Chennai,2904.0,2586.0,16.885,7.434,1.081,0.537,2026-07,2026-07.xlsx,5490.0
97,Bagdogra,Delhi,51228.0,48520.0,124.993135,332.081398,6.383681,5.481001,2026-07,2026-07.xlsx,99748.0
98,Bagdogra,Dibrugarh,6744.0,7043.0,1.312168,0.003,0.0,0.0,2026-07,2026-07.xlsx,13787.0
99,Bagdogra,Guwahati,0.0,2439.0,0.0,15.46494,0.0,0.72352,2026-07,2026-07.xlsx,2439.0
100,Bagdogra,Hyderabad,11342.0,9907.0,33.100731,21.631232,0.851,0.682332,2026-07,2026-07.xlsx,21249.0
101,Bagdogra,Imphal,4217.0,4450.0,9.284078,0.0,0.10725,0.0,2026-07,2026-07.xlsx,8667.0
102,Bagdogra,Jaipur,8.0,0.0,0.0,0.0,0.0,0.0,2026-07,2026-07.xlsx,8.0
103,Bagdogra,Kolkata,23225.0,21590.0,74.420272,63.617164,13.36136,17.69642,2026-07,2026-07.xlsx,44815.0
104,Bagdogra,Mumbai,13793.0,13791.0,44.783694,97.932752,1.9728,13.351456,2026-07,2026-07.xlsx,27584.0
105,Bagdogra,Pune,3797.0,2433.0,2.1537,3.626301,0.0,0.0,2026-07,2026-07.xlsx,6230.0
106,Bareilly,Bengaluru,2162.0,1967.0,0.0,0.343,0.0,0.0,2026-07,2026-07.xlsx,4129.0
107,Bareilly,Delhi,735.0,740.0,0.0,0.07,0.0,0.0,2026-07,2026-07.xlsx,1475.0
108,Bareilly,Gautam Buddha Nagar,649.0,481.0,0.0,0.0,0.0,0.0,2026-07,2026-07.xlsx,1130.0
109,Bareilly,Mumbai,1774.0,1521.0,0.0,0.006,0.0,0.0,2026-07,2026-07.xlsx,3295.0
110,Bathinda,Delhi,643.0,667.0,0.0,0.0,0.0,0.0,2026-07,2026-07.xlsx,1310.0
111,Belgaum,Bengaluru,1924.0,1721.0,0.114,0.174,0.0,0.0,2026-07,2026-07.xlsx,3645.0
112,Belgaum,Delhi,2094.0,1849.0,1.03,0.799,0.0,0.0,2026-07,2026-07.xlsx,3943.0
113,Belgaum,"Goa (Mopa, North Goa)",43.0,0.0,0.0,0.0,0.0,0.0,2026-07,2026-07.xlsx,43.0
114,Belgaum,Hyderabad,1526.0,1873.0,0.01,0.092,0.0,0.0,2026-07,2026-07.xlsx,3399.0
115,Belgaum,Mumbai,1111.0,1187.0,0.0,0.0,0.0,0.0,2026-07,2026-07.xlsx,2298.0
116,Belgaum,Mumbai,1118.0,1403.0,0.003,0.009,0.0,0.0,2026-07,2026-07.xlsx,2521.0
117,Bengaluru,Bhopal,8536.0,8713.0,50.122,9.435,15.258,2.091,2026-07,2026-07.xlsx,17249.0
118,Bengaluru,Bhubaneswar,25201.0,25487.0,177.196969,39.239501,17.028479,4.812316,2026-07,2026-07.xlsx,50688.0
119,Bengaluru,Bidar,891.0,878.0,0.0,0.0,0.0,0.0,2026-07,2026-07.xlsx,1769.0
120,Bengaluru,Chandigarh,19758.0,19911.0,222.243332,299.570104,17.53512,0.0,2026-07,2026-07.xlsx,39669.0
121,Bengaluru,Chennai,64477.0,62259.0,445.536566,363.733213,28.264913,39.526399,2026-07,2026-07.xlsx,126736.0
122,Bengaluru,Coimbatore,18770.0,18069.0,28.431,15.213,10.955,4.428,2026-07,2026-07.xlsx,36839.0
123,Bengaluru,Darbhanga,5551.0,5424.0,11.077,0.0,0.0,0.0,2026-07,2026-07.xlsx,10975.0
124,Bengaluru,Dehradun,12059.0,12491.0,14.988,17.28,4.978,1.051,2026-07,2026-07.xlsx,24550.0
125,Bengaluru,Delhi,189511.0,192916.0,3599.752912,3047.6279264,34.832158,55.192927,2026-07,2026-07.xlsx,382427.0
126,Bengaluru,Deoghar,2765.0,2911.0,0.106,0.0,0.0,0.0,2026-07,2026-07.xlsx,5676.0
127,Bengaluru,Dibrugarh,347.0,242.0,0.186,0.062,0.0,0.0,2026-07,2026-07.xlsx,589.0
128,Bengaluru,Durgapur,3351.0,3814.0,9.249,11.274,0.0,0.0,2026-07,2026-07.xlsx,7165.0
129,Bengaluru,Gautam Buddha Nagar,3113.0,3765.0,1.652,78.263,0.0,0.0,2026-07,2026-07.xlsx,6878.0
130,Bengaluru,Ghaziabad,3960.0,5208.0,0.152,0.0,0.0,0.0,2026-07,2026-07.xlsx,9168.0
131,Bengaluru,"Goa (Dabolim, South Goa)",39526.0,39767.0,64.438802,169.118704,1.4085,2.116,2026-07,2026-07.xlsx,79293.0
132,Bengaluru,"Goa (Mopa, North Goa)",12061.0,11507.0,5.541,31.63,0.0,0.741,2026-07,2026-07.xlsx,23568.0
133,Bengaluru,Gorakhpur,5216.0,5936.0,4.241,0.0,1.7944,0.0,2026-07,2026-07.xlsx,11152.0
134,Bengaluru,Gulbarga,1408.0,1538.0,0.0,0.0,0.0,0.0,2026-07,2026-07.xlsx,2946.0
135,Bengaluru,Guwahati,31714.0,30086.0,279.982246,85.519952,22.14,5.095182,2026-07,2026-07.xlsx,61800.0
136,Bengaluru,Gwalior,2219.0,2175.0,0.0,0.0,0.0,0.0,2026-07,2026-07.xlsx,4394.0
137,Bengaluru,Hirasar (Rajkot),2692.0,2643.0,5.59,5.4,2.214,0.0,2026-07,2026-07.xlsx,5335.0
138,Bengaluru,Hubli,5707.0,5516.0,0.943,1.54,0.639,1.892,2026-07,2026-07.xlsx,11223.0
139,Bengaluru,Hyderabad,81618.0,83940.0,358.967178,235.751636,35.100538,29.059002,2026-07,2026-07.xlsx,165558.0
140,Bengaluru,Imphal,376.0,299.0,3.563,16.049,0.003,0.0,2026-07,2026-07.xlsx,675.0
141,Bengaluru,Indore,18650.0,19476.0,155.919166,158.520218,5.682398,2.588,2026-07,2026-07.xlsx,38126.0
142,Bengaluru,Jabalpur,2834.0,2929.0,1.505,1.419,4.096,0.009,2026-07,2026-07.xlsx,5763.0
143,Bengaluru,Jaipur,27516.0,27551.0,186.821668,353.25567,18.175799,2.11,2026-07,2026-07.xlsx,55067.0
144,Bengaluru,Jammu,1809.0,1793.0,1.792,0.0,0.023,0.0,2026-07,2026-07.xlsx,3602.0
145,Bengaluru,Jharsuguda,3678.0,3828.0,0.111,0.0,0.0,0.0,2026-07,2026-07.xlsx,7506.0
146,Bengaluru,Jodhpur,3812.0,3739.0,2.581,0.003,2.544,1.344,2026-07,2026-07.xlsx,7551.0
147,Bengaluru,Kannur,2740.0,2153.0,0.3795,0.072,0.097,0.0,2026-07,2026-07.xlsx,4893.0
148,Bengaluru,Kanpur,2111.0,2152.0,1.075,0.233,0.0,0.0,2026-07,2026-07.xlsx,4263.0
149,Bengaluru,Kochi,53883.0,52215.0,155.76214,77.720745,34.83645,17.410025,2026-07,2026-07.xlsx,106098.0
150,Bengaluru,Kolhapur,1782.0,1948.0,0.354,0.164,0.0,0.0,2026-07,2026-07.xlsx,3730.0
151,Bengaluru,Kolkata,68141.0,70563.0,793.261862,562.647393,21.0126,13.219818,2026-07,2026-07.xlsx,138704.0
152,Bengaluru,Kozhikode,16921.0,15648.0,16.160665,0.265,3.25368,0.0,2026-07,2026-07.xlsx,32569.0
153,Bengaluru,Kurnool,215.0,189.0,0.025,0.0,0.0,0.0,2026-07,2026-07.xlsx,404.0
154,Bengaluru,Lucknow,28745.0,30749.0,223.63866,284.072335,19.2012,3.634,2026-07,2026-07.xlsx,59494.0
155,Bengaluru,Madurai,10165.0,9140.0,3.83,33.16,9.722,2.155,2026-07,2026-07.xlsx,19305.0
156,Bengaluru,Malvan,1750.0,1555.0,0.0,0.0,0.0,0.0,2026-07,2026-07.xlsx,3305.0
157,Bengaluru,Mangalore (Mangaluru),32045.0,29123.0,33.597836,8.248916,4.451298,197.373,2026-07,2026-07.xlsx,61168.0
158,Bengaluru,Mumbai,140250.0,151392.0,1470.2961895,1824.9111391,22.39606,45.868551,2026-07,2026-07.xlsx,291642.0
159,Bengaluru,Mumbai,19444.0,20522.0,56.03963,124.984334,0.403,1.069,2026-07,2026-07.xlsx,39966.0
160,Bengaluru,Nagpur,15886.0,17055.0,65.8445,54.2075,8.40306,5.9328,2026-07,2026-07.xlsx,32941.0
161,Bengaluru,Nanded,1829.0,1994.0,0.0,0.0,0.0,0.0,2026-07,2026-07.xlsx,3823.0
162,Bengaluru,Nashik,3882.0,4025.0,0.408,0.012,1.074,0.122,2026-07,2026-07.xlsx,7907.0
163,Bengaluru,Patna,20416.0,21012.0,204.185,50.109334,21.53982,6.345,2026-07,2026-07.xlsx,41428.0
164,Bengaluru,Pondicherry (Puducherry),1904.0,1911.0,0.265,0.0,0.0,0.0,2026-07,2026-07.xlsx,3815.0
165,Bengaluru,Port Blair,5418.0,4864.0,61.823376,64.134,1.972038,0.0,2026-07,2026-07.xlsx,10282.0
166,Bengaluru,Pune,84184.0,90492.0,581.636711,468.003094,18.404121,7.213,2026-07,2026-07.xlsx,174676.0
167,Bengaluru,Raipur,10864.0,11856.0,43.817,4.323,8.386,2.618,2026-07,2026-07.xlsx,22720.0
168,Bengaluru,Rajahmundry,2092.0,1891.0,0.362,0.006,0.0,0.0,2026-07,2026-07.xlsx,3983.0
169,Bengaluru,Ranchi,19492.0,20954.0,184.104798,14.724336,6.506332,2.947938,2026-07,2026-07.xlsx,40446.0
170,Bengaluru,Salem,2047.0,2193.0,0.023,0.0,0.0,0.0,2026-07,2026-07.xlsx,4240.0
171,Bengaluru,Shirdi,6386.0,6460.0,0.0,1.49,0.0,0.0,2026-07,2026-07.xlsx,12846.0
172,Bengaluru,Silchar,379.0,193.0,0.159,0.0,0.0,0.0,2026-07,2026-07.xlsx,572.0
173,Bengaluru,Srinagar,5396.0,5505.0,8.231864,11.011928,1.0972,0.0,2026-07,2026-07.xlsx,10901.0
174,Bengaluru,Surat,6548.0,6464.0,47.116,78.293667,3.057,1.9267,2026-07,2026-07.xlsx,13012.0
175,Bengaluru,Thiruvananthapuram,23547.0,22803.0,30.168835,27.8141,14.2932,10.3775,2026-07,2026-07.xlsx,46350.0
176,Bengaluru,Tiruchirappalli,7643.0,8000.0,0.440667,0.259,1.112,0.0,2026-07,2026-07.xlsx,15643.0
177,Bengaluru,Tirupati,1158.0,1295.0,0.02,0.001,0.945,0.0,2026-07,2026-07.xlsx,2453.0
178,Bengaluru,Tuticorin,2279.0,2142.0,0.081,0.0,0.0,0.0,2026-07,2026-07.xlsx,4421.0
179,Bengaluru,Udaipur,2623.0,2546.0,3.491,1.169,0.0,0.0,2026-07,2026-07.xlsx,5169.0
180,Bengaluru,Vadodara,2540.0,2372.0,11.112,0.0,5.451,0.0,2026-07,2026-07.xlsx,4912.0
181,Bengaluru,Varanasi,16686.0,17625.0,65.095502,125.34463,7.345,0.341,2026-07,2026-07.xlsx,34311.0
182,Bengaluru,Vidyanagar,1123.0,1217.0,0.0,0.0,0.0,0.0,2026-07,2026-07.xlsx,2340.0
183,Bengaluru,Vijaywada,11063.0,10905.0,11.05751,24.07781,6.6711,1.016,2026-07,2026-07.xlsx,21968.0
184,Bengaluru,Vishakhapatnam (Visakhapatnam),21668.0,22858.0,105.728265,46.162425,8.2744,1.31,2026-07,2026-07.xlsx,44526.0
185,Bhavnagar,Mumbai,2190.0,2051.0,0.0,0.028,0.0,0.0,2026-07,2026-07.xlsx,4241.0
186,Bhopal,Delhi,22059.0,21345.0,16.6174999,140.8841669,24.79026,27.695134,2026-07,2026-07.xlsx,43404.0
187,Bhopal,Gautam Buddha Nagar,806.0,1220.0,0.001,0.0,0.0,0.0,2026-07,2026-07.xlsx,2026.0
188,Bhopal,Hyderabad,2036.0,2235.0,0.0,0.206,0.804,0.272,2026-07,2026-07.xlsx,4271.0
189,Bhopal,Mumbai,11150.0,10621.0,14.892,28.2176667,6.998,31.147,2026-07,2026-07.xlsx,21771.0
190,Bhopal,Pune,3856.0,3858.0,0.061,2.426,0.0,1.618,2026-07,2026-07.xlsx,7714.0
191,Bhopal,Raipur,1879.0,1998.0,0.0,0.0,1.462,0.0,2026-07,2026-07.xlsx,3877.0
192,Bhubaneswar,Chandigarh,837.0,726.0,0.143,1.418,0.198,0.0,2026-07,2026-07.xlsx,1563.0
193,Bhubaneswar,Chennai,6469.0,6316.0,2.506,41.577,2.127,8.166,2026-07,2026-07.xlsx,12785.0
194,Bhubaneswar,Delhi,41616.0,41852.0,66.662664,390.3612442,12.412305,30.699705,2026-07,2026-07.xlsx,83468.0
195,Bhubaneswar,Dimapur,93.0,68.0,0.002,0.0,0.0,0.0,2026-07,2026-07.xlsx,161.0
196,Bhubaneswar,Guwahati,4158.0,4761.0,2.989,2.861,0.439,1.946,2026-07,2026-07.xlsx,8919.0
197,Bhubaneswar,Hyderabad,17230.0,16180.0,5.497,48.204,13.662,10.269,2026-07,2026-07.xlsx,33410.0
198,Bhubaneswar,Jamshedpur,45.0,58.0,0.0,0.0,0.0,0.0,2026-07,2026-07.xlsx,103.0
199,Bhubaneswar,Jeypore,353.0,316.0,0.0,0.0,0.0,0.0,2026-07,2026-07.xlsx,669.0
200,Bhubaneswar,Jharsuguda,886.0,903.0,0.0,0.0,0.0,0.0,2026-07,2026-07.xlsx,1789.0
201,Bhubaneswar,Kochi,327.0,336.0,0.071,0.118,0.0,0.0,2026-07,2026-07.xlsx,663.0
202,Bhubaneswar,Kolkata,13432.0,14191.0,34.713,15.981,6.777,1.902,2026-07,2026-07.xlsx,27623.0
203,Bhubaneswar,Lucknow,1023.0,1043.0,0.022,1.777,2.054,2.372,2026-07,2026-07.xlsx,2066.0
204,Bhubaneswar,Mumbai,21336.0,21060.0,27.408668,121.191652,4.1,13.871212,2026-07,2026-07.xlsx,42396.0
205,Bhubaneswar,Patna,1987.0,2459.0,0.676,1.364,1.521,1.788,2026-07,2026-07.xlsx,4446.0
206,Bhubaneswar,Pune,5290.0,4587.0,0.189,24.452499,1.073586,3.40044,2026-07,2026-07.xlsx,9877.0
207,Bhubaneswar,Raipur,2031.0,1681.0,0.03,0.002,0.354,1.029,2026-07,2026-07.xlsx,3712.0
208,Bhubaneswar,Ranchi,1126.0,1179.0,0.012,0.011,0.268,0.522,2026-07,2026-07.xlsx,2305.0
209,Bhubaneswar,Rourkela,69.0,70.0,0.0,0.0,0.0,0.0,2026-07,2026-07.xlsx,139.0
210,Bhubaneswar,Utkela,149.0,198.0,0.0,0.0,0.0,0.0,2026-07,2026-07.xlsx,347.0
211,Bhubaneswar,Varanasi,972.0,1003.0,0.001,0.0,0.014,0.0,2026-07,2026-07.xlsx,1975.0
212,Bhuj,Delhi,4071.0,4860.0,0.0,0.281,0.0,0.0,2026-07,2026-07.xlsx,8931.0
213,Bhuj,Mumbai,7749.0,7805.0,0.0,1.1578333,0.0,0.0,2026-07,2026-07.xlsx,15554.0
214,Bikaner,Delhi,1938.0,1930.0,0.0,0.039,0.0,0.0,2026-07,2026-07.xlsx,3868.0
215,Bikaner,Jaipur,261.0,266.0,0.0,0.0,0.0,0.0,2026-07,2026-07.xlsx,527.0
216,Bilaspur,Delhi,400.0,257.0,0.0,0.0,0.0,0.0,2026-07,2026-07.xlsx,657.0
217,Bilaspur,Kolkata,132.0,65.0,0.0,0.0,0.0,0.0,2026-07,2026-07.xlsx,197.0
218,Chandigarh,Chennai,3780.0,3260.0,22.724,28.735,0.7,10.531,2026-07,2026-07.xlsx,7040.0
219,Chandigarh,Delhi,32108.0,31750.0,202.9373967,52.5181295,20.154,19.99725,2026-07,2026-07.xlsx,63858.0
220,Chandigarh,Dharamsala,226.0,488.0,0.0,0.0,0.0,0.0,2026-07,2026-07.xlsx,714.0
221,Chandigarh,Gautam Buddha Nagar,49.0,22.0,0.0,0.0,0.0,0.0,2026-07,2026-07.xlsx,71.0
222,Chandigarh,"Goa (Dabolim, South Goa)",2741.0,2892.0,30.087,5.944,0.0,0.0,2026-07,2026-07.xlsx,5633.0
223,Chandigarh,Guwahati,1014.0,1225.0,6.238,0.258,0.0,0.9,2026-07,2026-07.xlsx,2239.0
224,Chandigarh,Hisar,35.0,48.0,0.0,0.0,0.0,0.0,2026-07,2026-07.xlsx,83.0
225,Chandigarh,Hyderabad,9021.0,8943.0,85.633,42.137,0.647,5.213,2026-07,2026-07.xlsx,17964.0
226,Chandigarh,Indore,2672.0,2424.0,47.328,2.689,0.951,0.328,2026-07,2026-07.xlsx,5096.0
227,Chandigarh,Jaipur,3284.0,3306.0,0.004,0.155,0.0,0.0,2026-07,2026-07.xlsx,6590.0
228,Chandigarh,Kolkata,4235.0,4224.0,20.834,12.174,0.0,0.951,2026-07,2026-07.xlsx,8459.0
229,Chandigarh,Leh,711.0,913.0,1.598,0.125,0.0,0.0,2026-07,2026-07.xlsx,1624.0
230,Chandigarh,Lucknow,2618.0,3314.0,23.02,1.181,0.343,3.063,2026-07,2026-07.xlsx,5932.0
231,Chandigarh,Mumbai,23662.0,23098.0,104.6221667,129.9535796,5.8,30.883827,2026-07,2026-07.xlsx,46760.0
232,Chandigarh,Mumbai,3611.0,2910.0,4.026,32.308,0.0,0.0,2026-07,2026-07.xlsx,6521.0
233,Chandigarh,Patna,2334.0,2735.0,17.638,0.134,0.0,1.132,2026-07,2026-07.xlsx,5069.0
234,Chandigarh,Pune,10246.0,9298.0,52.503784,39.369,0.0,0.0,2026-07,2026-07.xlsx,19544.0
235,Chandigarh,Srinagar,5433.0,7067.0,0.993,0.218,0.734,0.157,2026-07,2026-07.xlsx,12500.0
236,Chandigarh,Udaipur,180.0,0.0,0.0,0.0,0.0,0.0,2026-07,2026-07.xlsx,180.0
237,Chennai,Coimbatore,33202.0,33787.0,55.858,10.748,2.773,12.337,2026-07,2026-07.xlsx,66989.0
238,Chennai,Cuddapah (Kadapa),148.0,285.0,0.01,0.0,0.0,0.0,2026-07,2026-07.xlsx,433.0
239,Chennai,Dehradun,261.0,267.0,0.371,2.947,1.959,0.348,2026-07,2026-07.xlsx,528.0
240,Chennai,Delhi,79837.0,84403.0,1925.753743,1477.6990998,44.09186,46.190484,2026-07,2026-07.xlsx,164240.0
241,Chennai,Durgapur,2749.0,3542.0,1.268,6.378,0.0,0.0,2026-07,2026-07.xlsx,6291.0
242,Chennai,Ghaziabad,2248.0,2799.0,0.003,0.0,0.0,0.0,2026-07,2026-07.xlsx,5047.0
243,Chennai,"Goa (Dabolim, South Goa)",4000.0,4466.0,7.118,5.303,0.497,0.302,2026-07,2026-07.xlsx,8466.0
244,Chennai,"Goa (Mopa, North Goa)",4644.0,4967.0,2.353,33.939,0.0,0.369,2026-07,2026-07.xlsx,9611.0
245,Chennai,Guwahati,14713.0,15280.0,81.615609,31.994481,9.591,3.35215,2026-07,2026-07.xlsx,29993.0
246,Chennai,Hyderabad,45277.0,46247.0,769.483,795.776,27.647,27.925,2026-07,2026-07.xlsx,91524.0
247,Chennai,Indore,3469.0,4403.0,46.508,27.489,4.539,1.434,2026-07,2026-07.xlsx,7872.0
248,Chennai,Jaipur,6084.0,6411.0,31.478,69.425,5.469,1.547,2026-07,2026-07.xlsx,12495.0
249,Chennai,Kannur,1139.0,1020.0,0.02,0.0,0.0,0.0,2026-07,2026-07.xlsx,2159.0
250,Chennai,Kochi,20786.0,19091.0,66.497,31.375,22.426,11.364,2026-07,2026-07.xlsx,39877.0
251,Chennai,Kolkata,43696.0,45016.0,404.12708,236.041404,20.333,15.604448,2026-07,2026-07.xlsx,88712.0
252,Chennai,Kozhikode,2173.0,2057.0,0.195,0.017,0.146,0.0,2026-07,2026-07.xlsx,4230.0
253,Chennai,Lucknow,2564.0,2798.0,18.831,10.923,8.318,1.548,2026-07,2026-07.xlsx,5362.0
254,Chennai,Madurai,19606.0,18903.0,18.7891334,47.669,15.9021,12.53661,2026-07,2026-07.xlsx,38509.0
255,Chennai,Mangalore (Mangaluru),1893.0,1622.0,0.295,0.013,0.162,7.262,2026-07,2026-07.xlsx,3515.0
256,Chennai,Mumbai,76787.0,85660.0,675.2625821,586.5176294,45.32914,28.490455,2026-07,2026-07.xlsx,162447.0
257,Chennai,Mumbai,6050.0,6944.0,11.501,91.897,0.295,0.0,2026-07,2026-07.xlsx,12994.0
258,Chennai,Mysore,1231.0,1265.0,0.0,0.0,0.0,0.0,2026-07,2026-07.xlsx,2496.0
259,Chennai,Patna,2628.0,2930.0,13.63,7.873,5.256,2.339,2026-07,2026-07.xlsx,5558.0
260,Chennai,Port Blair,10465.0,9365.0,79.60175,90.401,22.88846,3.858,2026-07,2026-07.xlsx,19830.0
261,Chennai,Pune,33218.0,34023.0,555.688999,336.477509,8.246,5.949,2026-07,2026-07.xlsx,67241.0
262,Chennai,Raipur,2232.0,2279.0,21.865,11.865,1.286,0.664,2026-07,2026-07.xlsx,4511.0
263,Chennai,Rajahmundry,1036.0,1244.0,0.006,0.0,0.0,0.0,2026-07,2026-07.xlsx,2280.0
264,Chennai,Ranchi,3248.0,3614.0,12.733,4.496,2.509,0.49,2026-07,2026-07.xlsx,6862.0
265,Chennai,Salem,1171.0,1407.0,0.011,0.0,0.0,0.0,2026-07,2026-07.xlsx,2578.0
266,Chennai,Shirdi,5780.0,6010.0,9.074,0.0,0.0,0.0,2026-07,2026-07.xlsx,11790.0
267,Chennai,Surat,1665.0,2203.0,40.54,31.148,0.249,0.148,2026-07,2026-07.xlsx,3868.0
268,Chennai,Thiruvananthapuram,10545.0,10505.0,17.138,4.616,10.118,6.516,2026-07,2026-07.xlsx,21050.0
269,Chennai,Tiruchirappalli,11761.0,11743.0,0.237,0.197,0.452,0.0,2026-07,2026-07.xlsx,23504.0
270,Chennai,Tuticorin,8540.0,8244.0,0.872,3.194,0.0,0.0,2026-07,2026-07.xlsx,16784.0
271,Chennai,Varanasi,4400.0,4734.0,13.036,24.222,3.22,0.0,2026-07,2026-07.xlsx,9134.0
272,Chennai,Vijaywada,3645.0,4054.0,0.527,0.896,0.05,0.0,2026-07,2026-07.xlsx,7699.0
273,Chennai,Vishakhapatnam (Visakhapatnam),6588.0,8859.0,27.361,17.177,7.456,3.025,2026-07,2026-07.xlsx,15447.0
274,Coimbatore,Delhi,15777.0,17064.0,261.8164664,190.1376,6.82332,15.895049,2026-07,2026-07.xlsx,32841.0
275,Coimbatore,"Goa (Dabolim, South Goa)",2057.0,2105.0,0.0,0.0,0.0,0.0,2026-07,2026-07.xlsx,4162.0
276,Coimbatore,Guwahati,443.0,397.0,0.325,0.512,3.027,0.0,2026-07,2026-07.xlsx,840.0
277,Coimbatore,Hyderabad,20672.0,22675.0,124.798,40.461,4.836,10.669,2026-07,2026-07.xlsx,43347.0
278,Coimbatore,Mumbai,15349.0,16808.0,114.7869708,116.6242161,8.50839,6.53506,2026-07,2026-07.xlsx,32157.0
279,Coimbatore,Mumbai,3426.0,3761.0,18.279,40.666,0.0,0.0,2026-07,2026-07.xlsx,7187.0
280,Coimbatore,Pune,5151.0,5407.0,73.387,20.749,0.031,0.493,2026-07,2026-07.xlsx,10558.0
281,Coimbatore,Shirdi,446.0,413.0,0.0,0.0,0.0,0.0,2026-07,2026-07.xlsx,859.0
282,Coimbatore,Varanasi,117.0,0.0,0.0,0.0,0.0,0.0,2026-07,2026-07.xlsx,117.0
283,Cuddapah (Kadapa),Hyderabad,1063.0,1089.0,0.0,0.045,0.0,0.0,2026-07,2026-07.xlsx,2152.0
284,Cuddapah (Kadapa),Vijaywada,92.0,178.0,0.0,0.0,0.0,0.0,2026-07,2026-07.xlsx,270.0
285,Daman,Delhi,86.0,80.0,0.0,0.0,0.0,0.0,2026-07,2026-07.xlsx,166.0
286,Darbhanga,Delhi,11818.0,11840.0,0.0,55.021,0.0,0.0,2026-07,2026-07.xlsx,23658.0
287,Darbhanga,Hyderabad,2730.0,1866.0,0.0,0.285,0.0,0.0,2026-07,2026-07.xlsx,4596.0
288,Darbhanga,Mumbai,6892.0,6344.0,0.0,37.69405,0.0,0.0,2026-07,2026-07.xlsx,13236.0
289,Dehradun,Delhi,20450.0,22184.0,12.328,7.273,7.703,1.585,2026-07,2026-07.xlsx,42634.0
290,Dehradun,Gautam Buddha Nagar,114.0,212.0,0.001,0.0,0.0,0.0,2026-07,2026-07.xlsx,326.0
291,Dehradun,Guwahati,281.0,454.0,0.001,0.0,0.247,0.399,2026-07,2026-07.xlsx,735.0
292,Dehradun,Hyderabad,2898.0,4377.0,3.388,14.479,0.322,2.01,2026-07,2026-07.xlsx,7275.0
293,Dehradun,Indore,9.0,0.0,0.0,0.0,0.0,0.0,2026-07,2026-07.xlsx,9.0
294,Dehradun,Jaipur,1166.0,1158.0,0.0,0.0,0.0,0.0,2026-07,2026-07.xlsx,2324.0
295,Dehradun,Kolkata,1955.0,1797.0,3.274,0.159,0.242,0.001,2026-07,2026-07.xlsx,3752.0
296,Dehradun,Lucknow,1777.0,1754.0,0.107,4.857,0.719,0.894,2026-07,2026-07.xlsx,3531.0
297,Dehradun,Mumbai,10851.0,10910.0,2.239,13.393,1.294,8.269,2026-07,2026-07.xlsx,21761.0
298,Dehradun,Mumbai,3862.0,2272.0,0.001,0.001,0.0,0.0,2026-07,2026-07.xlsx,6134.0
299,Dehradun,Pithoragarh,43.0,47.0,0.0,0.0,0.0,0.0,2026-07,2026-07.xlsx,90.0
300,Dehradun,Pune,2881.0,2900.0,2.353,3.55,0.265,0.371,2026-07,2026-07.xlsx,5781.0
301,Delhi,Deoghar,5197.0,5999.0,0.294,0.0,0.0,0.0,2026-07,2026-07.xlsx,11196.0
302,Delhi,Dharamsala,6058.0,5006.0,0.248,0.0,0.0,0.0,2026-07,2026-07.xlsx,11064.0
303,Delhi,Dibrugarh,12528.0,13188.0,62.044668,24.053,0.654,1.79,2026-07,2026-07.xlsx,25716.0
304,Delhi,Dimapur,4979.0,5327.0,7.991,33.85,0.412,7.332,2026-07,2026-07.xlsx,10306.0
305,Delhi,Durgapur,3986.0,4745.0,13.735,17.379,0.0,0.0,2026-07,2026-07.xlsx,8731.0
306,Delhi,Gaya,3002.0,3728.0,0.26,0.0,0.0,0.0,2026-07,2026-07.xlsx,6730.0
307,Delhi,"Goa (Dabolim, South Goa)",38575.0,39014.0,196.5626885,69.649686,4.244743,2.2019,2026-07,2026-07.xlsx,77589.0
308,Delhi,"Goa (Mopa, North Goa)",38512.0,37421.0,102.123101,16.931503,1.243,0.0,2026-07,2026-07.xlsx,75933.0
309,Delhi,Gorakhpur,14882.0,15918.0,21.2672,0.0,6.4802,0.0,2026-07,2026-07.xlsx,30800.0
310,Delhi,Guwahati,57504.0,59575.0,565.9504557,188.5391462,37.584947,14.208287,2026-07,2026-07.xlsx,117079.0
311,Delhi,Gwalior,2514.0,2283.0,0.071,0.0,0.0,0.0,2026-07,2026-07.xlsx,4797.0
312,Delhi,Hirasar (Rajkot),13887.0,11868.0,63.3805,76.8425,7.034491,9.23404,2026-07,2026-07.xlsx,25755.0
313,Delhi,Hisar,29.0,21.0,0.0,0.0,0.0,0.0,2026-07,2026-07.xlsx,50.0
314,Delhi,Hubli,3030.0,2732.0,6.914,0.686,4.264,0.0,2026-07,2026-07.xlsx,5762.0
315,Delhi,Hyderabad,122643.0,120755.0,1907.9362065,1302.2277753,36.655482,26.6418,2026-07,2026-07.xlsx,243398.0
316,Delhi,Imphal,12975.0,16706.0,164.936,104.921,9.91916,6.977,2026-07,2026-07.xlsx,29681.0
317,Delhi,Indore,41984.0,42059.0,299.5922506,128.3053312,21.072719,8.015668,2026-07,2026-07.xlsx,84043.0
318,Delhi,Itanagar,4924.0,5189.0,1.148,0.228,0.0,0.0,2026-07,2026-07.xlsx,10113.0
319,Delhi,Jabalpur,6290.0,6256.0,1.647,6.114,7.87,0.112,2026-07,2026-07.xlsx,12546.0
320,Delhi,Jagdalpur,231.0,422.0,0.0,0.0,0.0,0.0,2026-07,2026-07.xlsx,653.0
321,Delhi,Jaipur,19498.0,20342.0,50.2577647,122.8381617,43.018017,7.822,2026-07,2026-07.xlsx,39840.0
322,Delhi,Jammu,30583.0,29322.0,64.341899,22.843279,7.984171,0.196251,2026-07,2026-07.xlsx,59905.0
323,Delhi,Jharsuguda,5988.0,5897.0,0.068,0.0,0.0,0.0,2026-07,2026-07.xlsx,11885.0
324,Delhi,Jodhpur,9082.0,9229.0,6.9883333,0.2265,9.268871,9.559,2026-07,2026-07.xlsx,18311.0
325,Delhi,Jorhat,2580.0,2801.0,0.584,0.569,0.0,0.0,2026-07,2026-07.xlsx,5381.0
326,Delhi,Kannur,2473.0,1753.0,0.996,1.031,0.0,0.0,2026-07,2026-07.xlsx,4226.0
327,Delhi,Kanpur,4437.0,5389.0,0.641,0.001,1.31,0.0,2026-07,2026-07.xlsx,9826.0
328,Delhi,Kishangarh,1024.0,985.0,0.032,0.0,0.0,0.0,2026-07,2026-07.xlsx,2009.0
329,Delhi,Kochi,39014.0,33359.0,397.6529152,253.2344519,23.095226,28.66889,2026-07,2026-07.xlsx,72373.0
330,Delhi,Kolkata,108324.0,112824.0,1815.8225403,1929.519412,69.857603,45.4565,2026-07,2026-07.xlsx,221148.0
331,Delhi,Kozhikode,2960.0,2448.0,12.878,0.91,0.0,0.0,2026-07,2026-07.xlsx,5408.0
332,Delhi,Kullu,104.0,37.0,0.0,0.0,0.0,0.0,2026-07,2026-07.xlsx,141.0
333,Delhi,Leh,46851.0,47273.0,104.2828202,47.5020566,9.72789,20.0354,2026-07,2026-07.xlsx,94124.0
334,Delhi,Lucknow,50662.0,51891.0,184.0134739,95.6953115,79.739056,30.456001,2026-07,2026-07.xlsx,102553.0
335,Delhi,Ludhiana,5768.0,5988.0,0.445,0.0,0.0,0.0,2026-07,2026-07.xlsx,11756.0
336,Delhi,Madurai,3845.0,3559.0,24.229,56.904,0.379,1.402,2026-07,2026-07.xlsx,7404.0
337,Delhi,Mangalore (Mangaluru),4283.0,2911.0,6.519,5.169,0.017,30.598,2026-07,2026-07.xlsx,7194.0
338,Delhi,Mumbai,233888.0,225172.0,4112.274242,3073.00495,52.2526,88.197816,2026-07,2026-07.xlsx,459060.0
339,Delhi,Mumbai,24664.0,20827.0,78.7765,146.91722,2.942,0.0,2026-07,2026-07.xlsx,45491.0
340,Delhi,Nagpur,29375.0,26222.0,205.4366832,63.2278334,14.30291,20.239,2026-07,2026-07.xlsx,55597.0
341,Delhi,Nashik,5710.0,4359.0,8.331,26.565,0.515,0.0,2026-07,2026-07.xlsx,10069.0
342,Delhi,Pantnagar,1701.0,1636.0,0.055,0.0,0.0,0.0,2026-07,2026-07.xlsx,3337.0
343,Delhi,Patna,53172.0,55727.0,323.8647354,40.027192,48.025212,25.58521,2026-07,2026-07.xlsx,108899.0
344,Delhi,Pithoragarh,127.0,113.0,0.0,0.0,0.0,0.0,2026-07,2026-07.xlsx,240.0
345,Delhi,Port Blair,4688.0,4079.0,47.8211461,45.0165,0.839771,3.50674,2026-07,2026-07.xlsx,8767.0
346,Delhi,Pune,113641.0,105838.0,1537.766078,1337.4893418,17.74202,7.474406,2026-07,2026-07.xlsx,219479.0
347,Delhi,Purnea,2878.0,4506.0,0.167,0.0,0.0,0.0,2026-07,2026-07.xlsx,7384.0
348,Delhi,Raipur,32201.0,31953.0,244.1097005,27.975,22.294993,9.14768,2026-07,2026-07.xlsx,64154.0
349,Delhi,Rajahmundry,1995.0,2255.0,0.181,0.174,0.0,0.0,2026-07,2026-07.xlsx,4250.0
350,Delhi,Ranchi,31931.0,33180.0,249.974335,44.050629,19.156787,9.475399,2026-07,2026-07.xlsx,65111.0
351,Delhi,Rewa,758.0,761.0,0.0,0.0,0.0,0.0,2026-07,2026-07.xlsx,1519.0
352,Delhi,Shillong,661.0,573.0,0.0,0.0,0.0,0.0,2026-07,2026-07.xlsx,1234.0
353,Delhi,Shimla,57.0,17.0,0.0,0.0,0.0,0.0,2026-07,2026-07.xlsx,74.0
354,Delhi,Shirdi,4734.0,4091.0,0.308,8.934,0.0,0.0,2026-07,2026-07.xlsx,8825.0
355,Delhi,Silchar,1362.0,1345.0,0.561,0.01,0.0,0.0,2026-07,2026-07.xlsx,2707.0
356,Delhi,Srinagar,70584.0,71812.0,266.5991701,314.4138553,12.876513,35.69843,2026-07,2026-07.xlsx,142396.0
357,Delhi,Surat,26959.0,24889.0,119.427668,251.432632,8.39752,5.8664,2026-07,2026-07.xlsx,51848.0
358,Delhi,Thiruvananthapuram,16506.0,14802.0,122.0679336,27.4126669,8.621983,6.63116,2026-07,2026-07.xlsx,31308.0
359,Delhi,Tiruchirappalli,3280.0,1687.0,0.519,0.161,0.0,0.0,2026-07,2026-07.xlsx,4967.0
360,Delhi,Tirupati,2132.0,2120.0,15.97,7.452,0.0,0.203,2026-07,2026-07.xlsx,4252.0
361,Delhi,Udaipur,16920.0,16744.0,8.8571666,2.4785,0.604,0.0,2026-07,2026-07.xlsx,33664.0
362,Delhi,Vadodara,15595.0,14759.0,87.7143333,0.0,6.069858,0.0,2026-07,2026-07.xlsx,30354.0
363,Delhi,Varanasi,31266.0,33813.0,123.3186528,45.8295,44.055441,3.189,2026-07,2026-07.xlsx,65079.0
364,Delhi,Vijaywada,10742.0,9922.0,107.6115034,7.0576668,7.972047,1.8585,2026-07,2026-07.xlsx,20664.0
365,Delhi,Vishakhapatnam (Visakhapatnam),17638.0,15980.0,117.1702075,96.8569314,9.87121,3.574,2026-07,2026-07.xlsx,33618.0
366,Deoghar,Mumbai,1930.0,1823.0,0.0,0.0,0.0,0.0,2026-07,2026-07.xlsx,3753.0
367,Dharamsala,Gautam Buddha Nagar,954.0,1061.0,0.0,0.0,0.0,0.0,2026-07,2026-07.xlsx,2015.0
368,Dharamsala,Shimla,10.0,11.0,0.0,0.0,0.0,0.0,2026-07,2026-07.xlsx,21.0
369,Dibrugarh,Guwahati,13838.0,14065.0,0.861,4.8055,4.226,17.978412,2026-07,2026-07.xlsx,27903.0
370,Dibrugarh,Kolkata,10144.0,8640.0,54.609,30.746,2.082,4.503,2026-07,2026-07.xlsx,18784.0
371,Dimapur,Guwahati,6521.0,5648.0,19.124,5.403832,0.0,0.0,2026-07,2026-07.xlsx,12169.0
372,Dimapur,Imphal,522.0,561.0,0.0,0.0,0.0,0.0,2026-07,2026-07.xlsx,1083.0
373,Dimapur,Kolkata,4753.0,3924.0,27.473,11.702,7.665,4.319,2026-07,2026-07.xlsx,8677.0
374,Diu,"Goa (Mopa, North Goa)",1070.0,1307.0,0.0,0.0,0.0,0.0,2026-07,2026-07.xlsx,2377.0
375,Diu,Mumbai,485.0,508.0,0.0,0.0,0.0,0.0,2026-07,2026-07.xlsx,993.0
376,Diu,Mumbai,885.0,869.0,0.0,0.033,0.0,0.0,2026-07,2026-07.xlsx,1754.0
377,Diu,Surat,1123.0,787.0,0.0,0.0,0.0,0.0,2026-07,2026-07.xlsx,1910.0
378,Durgapur,Hyderabad,5491.0,4419.0,9.243,0.773,0.0,0.0,2026-07,2026-07.xlsx,9910.0
379,Durgapur,Mumbai,2040.0,1759.0,3.876,0.434,0.0,0.0,2026-07,2026-07.xlsx,3799.0
380,Gautam Buddha Nagar,Hyderabad,4093.0,4124.0,11.804,1.854,0.0,0.0,2026-07,2026-07.xlsx,8217.0
381,Gautam Buddha Nagar,Jaipur,2288.0,2199.0,0.0,0.341,0.0,0.0,2026-07,2026-07.xlsx,4487.0
382,Gautam Buddha Nagar,Jammu,2108.0,2013.0,0.096,0.0,0.0,0.0,2026-07,2026-07.xlsx,4121.0
383,Gautam Buddha Nagar,Jodhpur,976.0,745.0,0.0,0.003,0.0,0.0,2026-07,2026-07.xlsx,1721.0
384,Gautam Buddha Nagar,Kishangarh,476.0,363.0,0.0,0.0,0.0,0.0,2026-07,2026-07.xlsx,839.0
385,Gautam Buddha Nagar,Lucknow,2357.0,3127.0,0.025,0.598,0.0,0.0,2026-07,2026-07.xlsx,5484.0
386,Gautam Buddha Nagar,Mumbai,10567.0,11009.0,37.071,0.642,0.0,0.0,2026-07,2026-07.xlsx,21576.0
387,Gautam Buddha Nagar,Pantnagar,841.0,815.0,0.0,0.0,0.0,0.0,2026-07,2026-07.xlsx,1656.0
388,Gautam Buddha Nagar,Srinagar,2164.0,2258.0,0.0,0.018,0.0,0.0,2026-07,2026-07.xlsx,4422.0
389,Gaya,Kolkata,2451.0,2635.0,0.0,0.051,0.0,0.0,2026-07,2026-07.xlsx,5086.0
390,Ghaziabad,Kolkata,689.0,2603.0,0.0,0.0,0.0,0.0,2026-07,2026-07.xlsx,3292.0
391,Ghaziabad,Mumbai,1487.0,1618.0,0.0,0.014,0.0,0.0,2026-07,2026-07.xlsx,3105.0
392,Ghaziabad,Mundra,369.0,409.0,0.0,0.0,0.0,0.0,2026-07,2026-07.xlsx,778.0
393,Ghaziabad,Nanded,2142.0,2379.0,0.0,0.0,0.0,0.0,2026-07,2026-07.xlsx,4521.0
394,Ghaziabad,Varanasi,1782.0,2709.0,0.0,0.0,0.0,0.0,2026-07,2026-07.xlsx,4491.0
395,"Goa (Dabolim, South Goa)",Hyderabad,18959.0,19478.0,39.994,6.0,1.175,0.679,2026-07,2026-07.xlsx,38437.0
396,"Goa (Dabolim, South Goa)",Indore,5957.0,6115.0,1.3,1.98,0.126,0.0,2026-07,2026-07.xlsx,12072.0
397,"Goa (Dabolim, South Goa)",Kochi,3197.0,2870.0,5.262,0.099,0.569,0.0,2026-07,2026-07.xlsx,6067.0
398,"Goa (Dabolim, South Goa)",Kolkata,6563.0,6695.0,14.714,23.739,1.117,0.851,2026-07,2026-07.xlsx,13258.0
399,"Goa (Dabolim, South Goa)",Lucknow,2939.0,2969.0,2.356,22.842,0.106,0.0,2026-07,2026-07.xlsx,5908.0
400,"Goa (Dabolim, South Goa)",Mumbai,44299.0,46557.0,48.330917,54.3513683,6.16388,17.910675,2026-07,2026-07.xlsx,90856.0
401,"Goa (Dabolim, South Goa)",Mumbai,5778.0,6247.0,0.301,1.22,0.0,0.0,2026-07,2026-07.xlsx,12025.0
402,"Goa (Dabolim, South Goa)",Pune,4387.0,4230.0,0.174,2.743,0.0,0.0,2026-07,2026-07.xlsx,8617.0
403,"Goa (Dabolim, South Goa)",Raipur,4440.0,4659.0,3.038,0.001,0.053,0.0,2026-07,2026-07.xlsx,9099.0
404,"Goa (Dabolim, South Goa)",Surat,5895.0,5281.0,7.414,40.026,0.087,0.393,2026-07,2026-07.xlsx,11176.0
405,"Goa (Mopa, North Goa)",Hyderabad,16945.0,17237.0,25.872349,4.66875,5.810388,0.951,2026-07,2026-07.xlsx,34182.0
406,"Goa (Mopa, North Goa)",Jaipur,3546.0,3520.0,1.513,18.787,0.0,0.134,2026-07,2026-07.xlsx,7066.0
407,"Goa (Mopa, North Goa)",Jalgaon,1798.0,1720.0,0.0,0.0,0.0,0.0,2026-07,2026-07.xlsx,3518.0
408,"Goa (Mopa, North Goa)",Mumbai,26168.0,27465.0,32.2545,6.203684,0.134,5.872848,2026-07,2026-07.xlsx,53633.0
409,"Goa (Mopa, North Goa)",Mumbai,7802.0,8727.0,0.208,12.831,0.0,0.0,2026-07,2026-07.xlsx,16529.0
410,"Goa (Mopa, North Goa)",Mundra,940.0,1173.0,0.0,0.0,0.0,0.0,2026-07,2026-07.xlsx,2113.0
411,"Goa (Mopa, North Goa)",Nagpur,4651.0,3453.0,3.993,0.055,0.951,0.0,2026-07,2026-07.xlsx,8104.0
412,"Goa (Mopa, North Goa)",Nanded,1488.0,1475.0,0.0,0.0,0.0,0.0,2026-07,2026-07.xlsx,2963.0
413,"Goa (Mopa, North Goa)",Pune,9494.0,9412.0,0.763,0.397,0.0,0.0,2026-07,2026-07.xlsx,18906.0
414,"Goa (Mopa, North Goa)",Shivamogga,725.0,672.0,0.0,0.0,0.0,0.0,2026-07,2026-07.xlsx,1397.0
415,"Goa (Mopa, North Goa)",Surat,0.0,7.0,0.0,0.0,0.0,0.0,2026-07,2026-07.xlsx,7.0
416,Gorakhpur,Hyderabad,8107.0,5885.0,0.0,1.683,0.0,1.047,2026-07,2026-07.xlsx,13992.0
417,Gorakhpur,Kolkata,2328.0,2114.0,0.446,0.126,0.0,0.0,2026-07,2026-07.xlsx,4442.0
418,Gorakhpur,Mumbai,11318.0,9982.0,0.0,20.18932,0.0,1.204,2026-07,2026-07.xlsx,21300.0
419,Gorakhpur,Mumbai,2033.0,2038.0,0.0,0.026,0.0,0.0,2026-07,2026-07.xlsx,4071.0
420,Guwahati,Hyderabad,13307.0,12479.0,18.39,41.45,3.299,6.093,2026-07,2026-07.xlsx,25786.0
421,Guwahati,Imphal,17829.0,18560.0,203.044928,29.939,12.076224,7.785,2026-07,2026-07.xlsx,36389.0
422,Guwahati,Itanagar,322.0,277.0,0.0,0.0,0.0,0.0,2026-07,2026-07.xlsx,599.0
423,Guwahati,Jaipur,9653.0,8941.0,5.025,73.473166,2.03421,0.554,2026-07,2026-07.xlsx,18594.0
424,Guwahati,Kochi,596.0,875.0,4.302,4.534,0.0,0.0,2026-07,2026-07.xlsx,1471.0
425,Guwahati,Kolkata,34844.0,34371.0,123.394866,293.545245,14.58342,31.907272,2026-07,2026-07.xlsx,69215.0
426,Guwahati,Lucknow,3439.0,2655.0,4.991,14.48,4.338,2.865,2026-07,2026-07.xlsx,6094.0
427,Guwahati,Mumbai,16914.0,16601.0,75.24209,142.91584,6.80394,17.1945,2026-07,2026-07.xlsx,33515.0
428,Guwahati,Pasighat,57.0,76.0,0.0,0.0,0.0,0.0,2026-07,2026-07.xlsx,133.0
429,Guwahati,Pune,5091.0,4219.0,12.411,21.35,1.751,2.555,2026-07,2026-07.xlsx,9310.0
430,Guwahati,Silchar,7749.0,7408.0,15.608,0.016,15.349,0.0,2026-07,2026-07.xlsx,15157.0
431,Guwahati,Tezu,251.0,322.0,0.0,0.0,0.0,0.0,2026-07,2026-07.xlsx,573.0
432,Guwahati,Thiruvananthapuram,71.0,104.0,0.0,1.0,0.0,0.0,2026-07,2026-07.xlsx,175.0
433,Guwahati,Varanasi,13.0,0.0,0.0,0.0,0.0,0.0,2026-07,2026-07.xlsx,13.0
434,Gwalior,Mumbai,2981.0,2867.0,0.0,0.26,0.0,0.0,2026-07,2026-07.xlsx,5848.0
435,Hirasar (Rajkot),Hyderabad,2052.0,2239.0,0.05,1.994,0.0,2.834,2026-07,2026-07.xlsx,4291.0
436,Hirasar (Rajkot),Mumbai,21617.0,22295.0,40.0802,23.8765667,6.71893,17.811143,2026-07,2026-07.xlsx,43912.0
437,Hirasar (Rajkot),Mumbai,802.0,421.0,0.0,0.133,0.0,0.0,2026-07,2026-07.xlsx,1223.0
438,Hirasar (Rajkot),Pune,2390.0,2668.0,4.057,0.157,0.0,0.0,2026-07,2026-07.xlsx,5058.0
439,Hisar,Jaipur,24.0,29.0,0.0,0.0,0.0,0.0,2026-07,2026-07.xlsx,53.0
440,Hubli,Hyderabad,3518.0,2783.0,0.003,0.127,2.254,3.142,2026-07,2026-07.xlsx,6301.0
441,Hubli,Mumbai,1757.0,2153.0,0.127,0.128,0.0,0.663,2026-07,2026-07.xlsx,3910.0
442,Hubli,Pune,1001.0,1173.0,0.521,0.0,0.0,0.492,2026-07,2026-07.xlsx,2174.0
443,Hyderabad,Indore,10734.0,11310.0,46.8,30.108,8.33,2.122,2026-07,2026-07.xlsx,22044.0
444,Hyderabad,Jabalpur,1861.0,2141.0,0.029,0.002,2.347,0.006,2026-07,2026-07.xlsx,4002.0
445,Hyderabad,Jagdalpur,1701.0,1741.0,0.223,0.0,0.0,0.0,2026-07,2026-07.xlsx,3442.0
446,Hyderabad,Jaipur,16268.0,15681.0,54.794,178.704,4.836,1.494,2026-07,2026-07.xlsx,31949.0
447,Hyderabad,Jalgaon,1531.0,1461.0,0.0,0.0,0.0,0.0,2026-07,2026-07.xlsx,2992.0
448,Hyderabad,Jharsuguda,1689.0,1786.0,0.0,0.0,0.0,0.0,2026-07,2026-07.xlsx,3475.0
449,Hyderabad,Jodhpur,3233.0,2953.0,3.968,0.0,1.33,0.742,2026-07,2026-07.xlsx,6186.0
450,Hyderabad,Kannur,2667.0,2317.0,0.445,0.151,1.823,0.0,2026-07,2026-07.xlsx,4984.0
451,Hyderabad,Kochi,23253.0,19884.0,51.403,31.013,12.742,13.279,2026-07,2026-07.xlsx,43137.0
452,Hyderabad,Kolhapur,2063.0,1861.0,0.15,0.0,0.0,0.0,2026-07,2026-07.xlsx,3924.0
453,Hyderabad,Kolkata,35164.0,36992.0,184.434,231.282,20.726,15.692,2026-07,2026-07.xlsx,72156.0
454,Hyderabad,Kozhikode,4796.0,4704.0,1.073,0.0,3.312,0.0,2026-07,2026-07.xlsx,9500.0
455,Hyderabad,Lucknow,10098.0,11111.0,40.389,66.315,7.019,1.655,2026-07,2026-07.xlsx,21209.0
456,Hyderabad,Madurai,5252.0,4666.0,6.736,54.191,9.102,1.794,2026-07,2026-07.xlsx,9918.0
457,Hyderabad,Malvan,1788.0,1620.0,0.0,0.0,0.0,0.0,2026-07,2026-07.xlsx,3408.0
458,Hyderabad,Mangalore (Mangaluru),3293.0,3116.0,0.008,0.003,0.571,0.0,2026-07,2026-07.xlsx,6409.0
459,Hyderabad,Mumbai,76742.0,79611.0,599.3872421,1009.1604171,24.807,31.487538,2026-07,2026-07.xlsx,156353.0
460,Hyderabad,Mumbai,8422.0,8334.0,1.943,27.58,1.458,0.0,2026-07,2026-07.xlsx,16756.0
461,Hyderabad,Mysore,2010.0,1871.0,0.11,0.0,0.0,0.0,2026-07,2026-07.xlsx,3881.0
462,Hyderabad,Nagpur,3678.0,4007.0,0.132,0.025,1.728,0.0,2026-07,2026-07.xlsx,7685.0
463,Hyderabad,Nanded,1285.0,1461.0,0.0,0.0,0.0,0.0,2026-07,2026-07.xlsx,2746.0
464,Hyderabad,Nashik,2144.0,1941.0,0.011,0.006,0.456,0.157,2026-07,2026-07.xlsx,4085.0
465,Hyderabad,Patna,12769.0,15710.0,56.172,13.173,11.252,3.198,2026-07,2026-07.xlsx,28479.0
466,Hyderabad,Pondicherry (Puducherry),2003.0,1607.0,0.007,0.0,0.0,0.0,2026-07,2026-07.xlsx,3610.0
467,Hyderabad,Pune,30449.0,31184.0,60.932,93.021,9.779,5.376,2026-07,2026-07.xlsx,61633.0
468,Hyderabad,Purnea,4120.0,5090.0,0.0,0.0,0.0,0.0,2026-07,2026-07.xlsx,9210.0
469,Hyderabad,Raipur,8784.0,10465.0,11.008,0.722,12.533,2.463,2026-07,2026-07.xlsx,19249.0
470,Hyderabad,Rajahmundry,14923.0,15560.0,0.356,0.511,0.0,0.0,2026-07,2026-07.xlsx,30483.0
471,Hyderabad,Ranchi,7385.0,7415.0,21.031,4.188,2.201,3.513,2026-07,2026-07.xlsx,14800.0
472,Hyderabad,Salem,1184.0,1088.0,0.001,0.0,0.0,0.0,2026-07,2026-07.xlsx,2272.0
473,Hyderabad,Shirdi,5900.0,6120.0,0.023,8.444,0.0,0.0,2026-07,2026-07.xlsx,12020.0
474,Hyderabad,Shivamogga,1742.0,1956.0,0.0,0.0,0.0,0.0,2026-07,2026-07.xlsx,3698.0
475,Hyderabad,Srinagar,3936.0,4834.0,2.777,1.233,0.845,0.028,2026-07,2026-07.xlsx,8770.0
476,Hyderabad,Surat,4229.0,5110.0,7.748,55.083,3.564,0.263,2026-07,2026-07.xlsx,9339.0
477,Hyderabad,Thiruvananthapuram,10794.0,10379.0,4.034,7.151,5.478,3.821,2026-07,2026-07.xlsx,21173.0
478,Hyderabad,Tiruchirappalli,4921.0,4271.0,1.464,0.083,10.671,0.0,2026-07,2026-07.xlsx,9192.0
479,Hyderabad,Tirupati,20948.0,20063.0,10.9835,9.2495,17.3974,1.597,2026-07,2026-07.xlsx,41011.0
480,Hyderabad,Udaipur,3685.0,4024.0,0.601,1.372,0.0,0.0,2026-07,2026-07.xlsx,7709.0
481,Hyderabad,Vadodara,5914.0,5777.0,41.573,0.0,1.333,0.0,2026-07,2026-07.xlsx,11691.0
482,Hyderabad,Varanasi,13486.0,13332.0,3.04,31.485,2.221,0.467,2026-07,2026-07.xlsx,26818.0
483,Hyderabad,Vijaywada,17079.0,17058.0,3.204132,4.217332,14.392332,3.058,2026-07,2026-07.xlsx,34137.0
484,Hyderabad,Vishakhapatnam (Visakhapatnam),43377.0,47235.0,50.923468,70.124072,10.819572,2.145,2026-07,2026-07.xlsx,90612.0
485,Imphal,Jaipur,298.0,175.0,0.0,0.525,0.0,0.0,2026-07,2026-07.xlsx,473.0
486,Imphal,Kolkata,7334.0,6874.0,66.806,71.723,3.483,5.089,2026-07,2026-07.xlsx,14208.0
487,Imphal,Shillong,909.0,679.0,0.0,0.0,0.0,0.0,2026-07,2026-07.xlsx,1588.0
488,Imphal,Tezu,362.0,203.0,0.0,0.0,0.0,0.0,2026-07,2026-07.xlsx,565.0
489,Indore,Jabalpur,1074.0,1693.0,0.104,0.0,0.0,0.05,2026-07,2026-07.xlsx,2767.0
490,Indore,Jaipur,2452.0,2416.0,0.001,0.189,1.409,0.0,2026-07,2026-07.xlsx,4868.0
491,Indore,Kolkata,3477.0,4877.0,22.558,34.584,0.656,2.337,2026-07,2026-07.xlsx,8354.0
492,Indore,Lucknow,2117.0,2151.0,0.006,0.157,0.774,1.029,2026-07,2026-07.xlsx,4268.0
493,Indore,Mumbai,28453.0,29697.0,89.6506666,87.298,11.83066,18.804032,2026-07,2026-07.xlsx,58150.0
494,Indore,Mumbai,4071.0,2779.0,0.289,12.183,0.0,0.295,2026-07,2026-07.xlsx,6850.0
495,Indore,Nagpur,904.0,882.0,0.25,0.284,0.041,0.0,2026-07,2026-07.xlsx,1786.0
496,Indore,Pune,14892.0,13577.0,2.727,39.51244,1.72488,0.902,2026-07,2026-07.xlsx,28469.0
497,Indore,Raipur,4066.0,3702.0,0.907,0.0,0.716,2.067,2026-07,2026-07.xlsx,7768.0
498,Indore,Rewa,1014.0,1262.0,0.008,0.0,0.0,0.0,2026-07,2026-07.xlsx,2276.0
499,Itanagar,Kolkata,2539.0,2363.0,0.178,0.356,0.0,0.0,2026-07,2026-07.xlsx,4902.0
500,Jabalpur,Mumbai,2546.0,1901.0,0.0,0.0,0.0,0.0,2026-07,2026-07.xlsx,4447.0
501,Jagdalpur,Raipur,78.0,169.0,0.0,0.0,0.0,0.0,2026-07,2026-07.xlsx,247.0
502,Jaipur,Kochi,607.0,525.0,4.574,0.686,0.0,0.0,2026-07,2026-07.xlsx,1132.0
503,Jaipur,Kolkata,12414.0,13448.0,131.22,69.51,3.388,5.587,2026-07,2026-07.xlsx,25862.0
504,Jaipur,Kullu,161.0,66.0,0.0,0.0,0.0,0.0,2026-07,2026-07.xlsx,227.0
505,Jaipur,Lucknow,946.0,1057.0,0.013,0.003,0.0,0.461,2026-07,2026-07.xlsx,2003.0
506,Jaipur,Mumbai,22718.0,22844.0,238.6051696,171.7540839,6.991,28.330654,2026-07,2026-07.xlsx,45562.0
507,Jaipur,Mumbai,6160.0,6452.0,21.35,24.594,0.0,0.0,2026-07,2026-07.xlsx,12612.0
508,Jaipur,Nagpur,478.0,527.0,0.079,0.002,0.0,0.0,2026-07,2026-07.xlsx,1005.0
509,Jaipur,Pune,10829.0,10026.0,75.239433,20.8983,0.0,0.456078,2026-07,2026-07.xlsx,20855.0
510,Jaipur,Surat,2790.0,3254.0,3.484,1.869,0.0,0.315,2026-07,2026-07.xlsx,6044.0
511,Jaipur,Udaipur,2719.0,2723.0,0.0,0.001,0.0,0.0,2026-07,2026-07.xlsx,5442.0
512,Jalgaon,Mumbai,1233.0,670.0,0.0,0.0,0.0,0.0,2026-07,2026-07.xlsx,1903.0
513,Jalgaon,Pune,1699.0,1504.0,0.0,0.0,0.0,0.0,2026-07,2026-07.xlsx,3203.0
514,Jammu,Leh,906.0,1552.0,7.459,0.1,0.0,0.211,2026-07,2026-07.xlsx,2458.0
515,Jammu,Mumbai,1066.0,1151.0,0.0,1.488,0.0,0.04,2026-07,2026-07.xlsx,2217.0
516,Jammu,Mumbai,856.0,975.0,0.0,0.223,0.0,0.0,2026-07,2026-07.xlsx,1831.0
517,Jammu,Srinagar,12361.0,10528.0,6.00525,3.32063,0.0,3.53388,2026-07,2026-07.xlsx,22889.0
518,Jamnagar,Mumbai,9401.0,10207.0,0.879,16.2245001,0.0,0.0,2026-07,2026-07.xlsx,19608.0
519,Jamnagar,Surat,730.0,789.0,0.0,0.0,0.0,0.0,2026-07,2026-07.xlsx,1519.0
520,Jeypore,Vishakhapatnam (Visakhapatnam),78.0,50.0,0.0,0.0,0.0,0.0,2026-07,2026-07.xlsx,128.0
521,Jharsuguda,Kolkata,1214.0,1221.0,0.0,0.045,0.0,0.0,2026-07,2026-07.xlsx,2435.0
522,Jodhpur,Mumbai,10537.0,11228.0,1.591,4.2334997,1.67349,9.195929,2026-07,2026-07.xlsx,21765.0
523,Jodhpur,Pune,4324.0,4462.0,0.0,0.777,0.461,0.0,2026-07,2026-07.xlsx,8786.0
524,Jorhat,Kolkata,4797.0,4786.0,1.047,3.267,0.0,0.0,2026-07,2026-07.xlsx,9583.0
525,Kannur,Kochi,394.0,457.0,0.003,0.002,0.0,0.0,2026-07,2026-07.xlsx,851.0
526,Kannur,Mumbai,2721.0,3892.0,0.099,1.314,0.0,0.384,2026-07,2026-07.xlsx,6613.0
527,Kannur,Mumbai,691.0,1744.0,0.349,0.116,0.0,0.037,2026-07,2026-07.xlsx,2435.0
528,Kannur,Thiruvananthapuram,1995.0,2002.0,0.0,0.0405,0.0,0.0,2026-07,2026-07.xlsx,3997.0
529,Kanpur,Mumbai,5898.0,4603.0,1.437,2.14,0.0,6.379,2026-07,2026-07.xlsx,10501.0
530,Keshod,Porbandar,18.0,38.0,0.0,0.0,0.0,0.0,2026-07,2026-07.xlsx,56.0
531,Kishangarh,Nagpur,1240.0,1596.0,0.0,0.0,0.0,0.0,2026-07,2026-07.xlsx,2836.0
532,Kishangarh,Pune,1377.0,1825.0,0.0,0.0,0.0,0.0,2026-07,2026-07.xlsx,3202.0
533,Kochi,Mumbai,39353.0,52541.0,122.6734636,297.8083838,37.85954,24.705966,2026-07,2026-07.xlsx,91894.0
534,Kochi,Mumbai,6364.0,7073.0,1.612,12.92,0.0,0.0,2026-07,2026-07.xlsx,13437.0
535,Kochi,Nagpur,4.0,0.0,0.0,0.0,0.0,0.0,2026-07,2026-07.xlsx,4.0
536,Kochi,Patna,165.0,117.0,0.6,0.0,0.0,0.0,2026-07,2026-07.xlsx,282.0
537,Kochi,Pune,8629.0,9628.0,26.070666,44.686332,0.0,0.0,2026-07,2026-07.xlsx,18257.0
538,Kochi,Raipur,317.0,292.0,0.397,0.031,0.0,0.109,2026-07,2026-07.xlsx,609.0
539,Kochi,Salem,1081.0,1092.0,0.0,0.0,0.0,0.0,2026-07,2026-07.xlsx,2173.0
540,Kochi,Thiruvananthapuram,637.0,823.0,0.002,0.004,0.0,0.0,2026-07,2026-07.xlsx,1460.0
541,Kochi,Vadodara,471.0,458.0,0.163,0.0,0.0,0.0,2026-07,2026-07.xlsx,929.0
542,Kochi,Varanasi,490.0,0.0,0.011,0.0,0.0,0.0,2026-07,2026-07.xlsx,490.0
543,Kolhapur,Mumbai,1921.0,2165.0,0.0,0.0,0.0,0.0,2026-07,2026-07.xlsx,4086.0
544,Kolhapur,Mumbai,3077.0,3049.0,2.593,4.077,0.0,0.0,2026-07,2026-07.xlsx,6126.0
545,Kolkata,Lilabari,454.0,574.0,0.0,0.0,0.0,0.0,2026-07,2026-07.xlsx,1028.0
546,Kolkata,Lucknow,7073.0,7010.0,60.198,39.372,3.59,1.057,2026-07,2026-07.xlsx,14083.0
547,Kolkata,Mumbai,68892.0,65997.0,778.4419966,638.1042028,14.035457,39.72966,2026-07,2026-07.xlsx,134889.0
548,Kolkata,Mumbai,5036.0,4213.0,16.696,56.317,0.0,0.0,2026-07,2026-07.xlsx,9249.0
549,Kolkata,Nagpur,5027.0,4495.0,15.22,24.263,0.073,4.357,2026-07,2026-07.xlsx,9522.0
550,Kolkata,Patna,9769.0,9328.0,40.932,27.562,4.746,7.894,2026-07,2026-07.xlsx,19097.0
551,Kolkata,Port Blair,15210.0,12412.0,141.9615,55.416,27.2006,11.14136,2026-07,2026-07.xlsx,27622.0
552,Kolkata,Pune,22721.0,20995.0,119.2212,184.21519,5.04431,5.0912,2026-07,2026-07.xlsx,43716.0
553,Kolkata,Purnea,2402.0,2606.0,0.006,0.0,0.0,0.0,2026-07,2026-07.xlsx,5008.0
554,Kolkata,Raipur,7407.0,7414.0,23.068,2.595,1.71,1.583,2026-07,2026-07.xlsx,14821.0
555,Kolkata,Ranchi,6494.0,6657.0,0.808,0.34,0.0,1.948,2026-07,2026-07.xlsx,13151.0
556,Kolkata,Rupsi,245.0,307.0,0.0,0.0,0.0,0.0,2026-07,2026-07.xlsx,552.0
557,Kolkata,Shillong,1855.0,1425.0,0.059,0.0,0.0,0.0,2026-07,2026-07.xlsx,3280.0
558,Kolkata,Silchar,9449.0,9888.0,51.205,1.003,1.115,0.0,2026-07,2026-07.xlsx,19337.0
559,Kolkata,Srinagar,2008.0,1172.0,0.618,0.479,0.0,0.0,2026-07,2026-07.xlsx,3180.0
560,Kolkata,Surat,3557.0,2369.0,24.057,67.876,0.0,0.478,2026-07,2026-07.xlsx,5926.0
561,Kolkata,Thiruvananthapuram,0.0,3.0,0.0,0.0,0.0,0.0,2026-07,2026-07.xlsx,3.0
562,Kolkata,Varanasi,5478.0,5112.0,3.777,20.225,3.605,1.0,2026-07,2026-07.xlsx,10590.0
563,Kolkata,Vishakhapatnam (Visakhapatnam),3025.0,1923.0,1.389,22.074,0.0,0.0,2026-07,2026-07.xlsx,4948.0
564,Kozhikode,Mumbai,4729.0,6395.0,0.022,7.179,0.0,6.246,2026-07,2026-07.xlsx,11124.0
565,Kurnool,Vijaywada,210.0,290.0,0.0,0.0,0.0,0.0,2026-07,2026-07.xlsx,500.0
566,Kurnool,Vishakhapatnam (Visakhapatnam),213.0,193.0,0.0,0.0,0.0,0.0,2026-07,2026-07.xlsx,406.0
567,Leh,Mumbai,3078.0,3540.0,16.534,1.926,0.0,0.0,2026-07,2026-07.xlsx,6618.0
568,Leh,Srinagar,1186.0,756.0,0.0,0.0,0.064,0.01353,2026-07,2026-07.xlsx,1942.0
569,Lucknow,Mumbai,31926.0,29607.0,61.6102299,169.2057992,5.5464,22.163297,2026-07,2026-07.xlsx,61533.0
570,Lucknow,Mumbai,5009.0,3617.0,0.516,6.883,0.0,0.0,2026-07,2026-07.xlsx,8626.0
571,Lucknow,Patna,2151.0,2831.0,17.046,0.616,4.396,9.658,2026-07,2026-07.xlsx,4982.0
572,Lucknow,Pune,10557.0,9155.0,55.418396,37.544231,0.4668,1.177,2026-07,2026-07.xlsx,19712.0
573,Lucknow,Raipur,1814.0,1872.0,8.439,1.146,0.785,0.575,2026-07,2026-07.xlsx,3686.0
574,Lucknow,Ranchi,831.0,912.0,1.124,0.765,0.92,0.372,2026-07,2026-07.xlsx,1743.0
575,Madurai,Mumbai,4017.0,5328.0,48.865,9.674,0.0,1.6,2026-07,2026-07.xlsx,9345.0
576,Madurai,Mumbai,2372.0,3118.0,8.369,0.766,0.0,0.0,2026-07,2026-07.xlsx,5490.0
577,Malvan,Pune,1193.0,1477.0,0.0,0.0,0.0,0.0,2026-07,2026-07.xlsx,2670.0
578,Mangalore (Mangaluru),Mumbai,14564.0,16614.0,3.95,18.998168,55.751,4.915592,2026-07,2026-07.xlsx,31178.0
579,Mangalore (Mangaluru),Mumbai,5928.0,8585.0,0.008,0.167,1.214,0.0,2026-07,2026-07.xlsx,14513.0
580,Mangalore (Mangaluru),Thiruvananthapuram,890.0,750.0,0.0,0.051834,0.0,0.0,2026-07,2026-07.xlsx,1640.0
581,Mumbai,Mumbai,0.0,17.0,0.0,0.0,0.0,0.0,2026-07,2026-07.xlsx,17.0
582,Mumbai,Mundra,1206.0,1191.0,0.0,0.0,0.0,0.0,2026-07,2026-07.xlsx,2397.0
583,Mumbai,Nagpur,23187.0,22473.0,78.577,59.732,45.822,14.203,2026-07,2026-07.xlsx,45660.0
584,Mumbai,Nanded,210.0,185.0,0.0,0.0,0.0,0.0,2026-07,2026-07.xlsx,395.0
585,Mumbai,Nashik,0.0,174.0,0.0,0.0,0.0,0.0,2026-07,2026-07.xlsx,174.0
586,Mumbai,Patna,11560.0,12587.0,74.3342067,28.1191,18.443088,4.965,2026-07,2026-07.xlsx,24147.0
587,Mumbai,Porbandar,373.0,335.0,0.0,0.0,0.0,0.0,2026-07,2026-07.xlsx,708.0
588,Mumbai,Raipur,13135.0,14639.0,80.427,43.947,18.047,4.139,2026-07,2026-07.xlsx,27774.0
589,Mumbai,Rajahmundry,1566.0,1327.0,0.909,1.07,0.0,0.0,2026-07,2026-07.xlsx,2893.0
590,Mumbai,Ranchi,10577.0,11565.0,79.034025,6.3406,9.16307,1.98548,2026-07,2026-07.xlsx,22142.0
591,Mumbai,Srinagar,8431.0,8704.0,27.960043,23.2660893,5.779992,0.535,2026-07,2026-07.xlsx,17135.0
592,Mumbai,Surat,0.0,519.0,0.0,0.0,0.0,0.0,2026-07,2026-07.xlsx,519.0
593,Mumbai,Thiruvananthapuram,11297.0,8400.0,34.0928662,9.9520001,4.950562,3.06526,2026-07,2026-07.xlsx,19697.0
594,Mumbai,Tiruchirappalli,2577.0,2234.0,0.196,0.001,0.0,0.0,2026-07,2026-07.xlsx,4811.0
595,Mumbai,Udaipur,24653.0,24139.0,25.2425001,12.737,0.0,0.0,2026-07,2026-07.xlsx,48792.0
596,Mumbai,Vadodara,13217.0,14865.0,25.7435,0.0,3.93252,0.0,2026-07,2026-07.xlsx,28082.0
597,Mumbai,Varanasi,22347.0,24902.0,55.2355,22.6565,6.32209,0.977,2026-07,2026-07.xlsx,47249.0
598,Mumbai,Vijaywada,6061.0,5523.0,36.4364735,1.7378333,10.128091,0.8076,2026-07,2026-07.xlsx,11584.0
599,Mumbai,Nagpur,3229.0,4191.0,9.68,0.603,0.23,0.0,2026-07,2026-07.xlsx,7420.0
600,Mumbai,Patna,2462.0,4352.0,15.643,0.064,2.009,0.0,2026-07,2026-07.xlsx,6814.0
601,Mumbai,Raipur,3124.0,2979.0,1.014,0.001,0.0,0.0,2026-07,2026-07.xlsx,6103.0
602,Mumbai,Srinagar,2186.0,2227.0,3.858,17.729,0.0,0.0,2026-07,2026-07.xlsx,4413.0
603,Mumbai,Surat,0.0,171.0,0.0,0.0,0.0,0.0,2026-07,2026-07.xlsx,171.0
604,Mumbai,Thiruvananthapuram,3111.0,3165.0,0.119,0.32,0.0,0.0,2026-07,2026-07.xlsx,6276.0
605,Mumbai,Tirupati,3548.0,2961.0,0.252,0.012,0.0,0.0,2026-07,2026-07.xlsx,6509.0
606,Mumbai,Vadodara,2832.0,2298.0,0.209,0.0,0.0,0.0,2026-07,2026-07.xlsx,5130.0
607,Mumbai,Varanasi,7666.0,8826.0,5.705,2.626,0.0,0.0,2026-07,2026-07.xlsx,16492.0
608,Mumbai,Vishakhapatnam (Visakhapatnam),3936.0,4031.0,3.427,6.821,0.0,0.0,2026-07,2026-07.xlsx,7967.0
609,Mundra,Surat,414.0,523.0,0.0,0.0,0.0,0.0,2026-07,2026-07.xlsx,937.0
610,Nagpur,Nanded,791.0,910.0,0.0,0.0,0.0,0.0,2026-07,2026-07.xlsx,1701.0
611,Nagpur,Nashik,2.0,0.0,0.0,0.0,0.0,0.0,2026-07,2026-07.xlsx,2.0
612,Nagpur,Pune,11853.0,11820.0,9.699,43.579,9.095,2.385,2026-07,2026-07.xlsx,23673.0
613,Nanded,Pune,1341.0,1156.0,0.0,0.0,0.0,0.0,2026-07,2026-07.xlsx,2497.0
614,Patna,Pune,6744.0,5024.0,0.998,32.928,1.784,1.593,2026-07,2026-07.xlsx,11768.0
615,Patna,Ranchi,1762.0,2051.0,0.148,0.044,2.641,0.0,2026-07,2026-07.xlsx,3813.0
616,Pondicherry (Puducherry),Rajahmundry,31.0,0.0,0.0,0.0,0.0,0.0,2026-07,2026-07.xlsx,31.0
617,Port Blair,Vishakhapatnam (Visakhapatnam),506.0,0.0,0.692,0.0,0.0,0.0,2026-07,2026-07.xlsx,506.0
618,Pune,Raipur,1763.0,1992.0,12.294,15.079,0.335,0.491,2026-07,2026-07.xlsx,3755.0
619,Pune,Ranchi,4025.0,5038.0,32.808,23.919,0.519,1.728,2026-07,2026-07.xlsx,9063.0
620,Pune,Surat,2593.0,2585.0,9.398,12.718,0.446,0.02,2026-07,2026-07.xlsx,5178.0
621,Pune,Vadodara,2115.0,1988.0,1.054,0.0,0.031,0.0,2026-07,2026-07.xlsx,4103.0
622,Pune,Varanasi,4158.0,5336.0,3.233,0.663,0.181,0.0,2026-07,2026-07.xlsx,9494.0
623,Raipur,Rewa,140.0,224.0,0.0,0.0,0.0,0.0,2026-07,2026-07.xlsx,364.0
624,Raipur,Surat,14.0,0.0,0.0,0.0,0.0,0.0,2026-07,2026-07.xlsx,14.0
625,Rajahmundry,Tirupati,311.0,158.0,0.0,0.0,0.0,0.0,2026-07,2026-07.xlsx,469.0
626,Shivamogga,Tirupati,1050.0,869.0,0.0,0.0,0.0,0.0,2026-07,2026-07.xlsx,1919.0
627,Surat,Thiruvananthapuram,0.0,9.0,0.0,0.0,0.0,0.0,2026-07,2026-07.xlsx,9.0
628,Surat,Varanasi,0.0,28.0,0.0,0.0,0.0,0.0,2026-07,2026-07.xlsx,28.0
629,Tirupati,Vijaywada,578.0,1019.0,0.0,0.0,0.0,0.0,2026-07,2026-07.xlsx,1597.0
630,Tirupati,Vishakhapatnam (Visakhapatnam),1983.0,2077.0,0.002,0.001,0.0,0.283,2026-07,2026-07.xlsx,4060.0
631,Varanasi,Vishakhapatnam (Visakhapatnam),528.0,0.0,0.0,0.0,0.0,0.0,2026-07,2026-07.xlsx,528.0
632,Vijaywada,Vishakhapatnam (Visakhapatnam),4170.0,3089.0,0.02625,0.016,0.0,0.0,2026-07,2026-07.xlsx,7259.0
